{"type":"FeatureCollection","name":"comarques_simplificat_500m","features":[{"type":"Feature","geometry":{"type":"Polygon","coordinates":[[[1.4686500000000002,41.44369],[1.4871400000000001,41.46840999999999],[1.4745900000000003,41.47829999999999],[1.4406400000000008,41.44914],[1.4217500000000007,41.448809999999995],[1.4039100000000007,41.435219999999994],[1.3828200000000004,41.44787],[1.3689800000000005,41.44389999999999],[1.3653,41.431819999999995],[1.3283200000000013,41.427229999999994],[1.32107,41.44823],[1.3034200000000005,41.42781999999999],[1.2593900000000007,41.40385],[1.2536600000000002,41.384829999999994],[1.24046,41.383860000000006],[1.23016,41.37357],[1.2210000000000003,41.34255999999999],[1.1969,41.32851999999999],[1.1912899999999997,41.31529999999999],[1.1744700000000001,41.32034],[1.1263500000000009,41.30542],[1.0641100000000003,41.32629],[1.04287,41.31832],[1.06622,41.30474],[1.0531000000000001,41.268080000000005],[1.099510000000001,41.26604999999999],[1.1038399999999997,41.25701999999999],[1.1406800000000001,41.258340000000004],[1.1568200000000004,41.230270000000004],[1.1728300000000003,41.2233],[1.1874800000000005,41.23215],[1.1959900000000003,41.22373000000001],[1.2029800000000006,41.228260000000006],[1.2168100000000002,41.2162],[1.2327300000000005,41.217319999999994],[1.23383,41.20393000000001],[1.2590300000000005,41.19964],[1.2423299999999997,41.22143],[1.2615499999999997,41.22330999999999],[1.2695700000000003,41.23362],[1.2959700000000007,41.238679999999995],[1.3398200000000002,41.21405],[1.3534900000000003,41.22467],[1.3338500000000006,41.23718999999999],[1.3507000000000007,41.23823999999999],[1.3575100000000004,41.254709999999996],[1.3714800000000003,41.242869999999996],[1.4131600000000006,41.24118999999999],[1.4343799999999995,41.255],[1.3999900000000005,41.26346],[1.4027300000000007,41.27081999999999],[1.4394999999999996,41.2723],[1.43601,41.28606],[1.3989700000000005,41.29228],[1.4254599999999997,41.30816000000001],[1.40208,41.32501],[1.4628200000000005,41.35624],[1.5125200000000003,41.35916],[1.53702,41.38534000000001],[1.5096999999999994,41.39423000000001],[1.4731900000000002,41.38026],[1.4902,41.40172999999999],[1.4759600000000004,41.429309999999994],[1.4959499999999992,41.43572],[1.4752700000000007,41.436609999999995],[1.4686500000000002,41.44369]]]},"properties":{"CODICOMAR":"01","NOMCOMAR":"Alt Camp"}},{"type":"Feature","geometry":{"type":"MultiPolygon","coordinates":[[[[3.16615,42.11372],[3.16652,42.11386999999999],[3.16629,42.11406999999999],[3.16615,42.11372]]],[[[3.1315899999999997,42.12859999999999],[3.1317800000000005,42.12882999999999],[3.13133,42.12894999999999],[3.1315899999999997,42.12859999999999]]],[[[3.12319,42.13591999999999],[3.12383,42.13573],[3.12374,42.136149999999994],[3.12319,42.13591999999999]]],[[[3.26336,42.23732],[3.2643200000000006,42.23727],[3.2643499999999994,42.23729999999998],[3.26336,42.23732]]],[[[3.20299,42.23993],[3.2032899999999995,42.24017],[3.2027000000000005,42.24016000000001],[3.20299,42.23993]]],[[[3.20331,42.240809999999996],[3.2034499999999997,42.24026],[3.2036,42.24086],[3.20331,42.240809999999996]]],[[[3.1977400000000005,42.24269999999999],[3.1985900000000003,42.242889999999996],[3.1981499999999996,42.24304999999999],[3.1977400000000005,42.24269999999999]]],[[[3.28313,42.26013],[3.2836299999999996,42.26031],[3.2830999999999997,42.260189999999994],[3.28313,42.26013]]],[[[3.2832600000000003,42.27376999999999],[3.28378,42.27377999999999],[3.28346,42.27392],[3.2832600000000003,42.27376999999999]]],[[[3.2911300000000003,42.27962999999999],[3.2915800000000006,42.279489999999996],[3.29149,42.27981],[3.2911300000000003,42.27962999999999]]],[[[3.29172,42.28134],[3.29358,42.28153999999999],[3.2922300000000004,42.28246],[3.29172,42.28134]]],[[[3.27903,42.281969999999994],[3.2793700000000006,42.282379999999996],[3.2784700000000004,42.28253],[3.27903,42.281969999999994]]],[[[3.29701,42.28899],[3.2969600000000003,42.28962],[3.2967,42.28927000000001],[3.29701,42.28899]]],[[[3.29639,42.29136],[3.2972299999999994,42.29147],[3.296870000000001,42.29167],[3.29639,42.29136]]],[[[3.30843,42.29161],[3.3093199999999996,42.29139999999999],[3.3082299999999996,42.292449999999995],[3.30843,42.29161]]],[[[3.30934,42.29171],[3.30908,42.292399999999994],[3.3088499999999996,42.29246],[3.30934,42.29171]]],[[[3.296899999999999,42.293299999999995],[3.29713,42.29341],[3.2967500000000003,42.29364],[3.296899999999999,42.293299999999995]]],[[[3.29467,42.29424000000001],[3.2963299999999998,42.29137],[3.2968000000000006,42.29336],[3.29467,42.29424000000001]]],[[[3.2965899999999997,42.29391],[3.2961000000000005,42.29513000000001],[3.2954399999999997,42.29536000000001],[3.2965899999999997,42.29391]]],[[[3.3008300000000004,42.30516],[3.30105,42.3054],[3.3006700000000007,42.30545999999999],[3.3008300000000004,42.30516]]],[[[3.3096399999999995,42.31252],[3.3100200000000006,42.31268],[3.3095300000000005,42.312799999999996],[3.3096399999999995,42.31252]]],[[[3.3220599999999996,42.31855999999999],[3.3222299999999994,42.31878999999999],[3.32171,42.31868],[3.3220599999999996,42.31855999999999]]],[[[3.3314000000000004,42.31983999999999],[3.3324900000000004,42.32004],[3.33165,42.32021],[3.3314000000000004,42.31983999999999]]],[[[3.3234800000000004,42.32202],[3.3240600000000002,42.322109999999995],[3.32412,42.32229],[3.3234800000000004,42.32202]]],[[[3.32443,42.32129],[3.31863,42.32479],[3.3185,42.32379],[3.3220400000000003,42.32128999999999],[3.32443,42.32129]]],[[[3.2987300000000004,42.327359999999985],[3.29884,42.32762],[3.2985300000000004,42.32755999999999],[3.2987300000000004,42.327359999999985]]],[[[3.3052699999999993,42.327099999999994],[3.30511,42.32818999999999],[3.30399,42.327400000000004],[3.3052699999999993,42.327099999999994]]],[[[3.29866,42.32835],[3.29807,42.32813999999999],[3.29869,42.32831],[3.29866,42.32835]]],[[[3.2860199999999997,42.3322],[3.28701,42.33281000000001],[3.2857899999999995,42.333449999999985],[3.2860199999999997,42.3322]]],[[[3.2603999999999997,42.33651999999999],[3.26083,42.33663999999999],[3.2603399999999993,42.33668],[3.2603999999999997,42.33651999999999]]],[[[3.2775200000000004,42.33731],[3.27765,42.33751999999999],[3.27722,42.337479999999985],[3.2775200000000004,42.33731]]],[[[3.24042,42.33738],[3.2413199999999995,42.337419999999995],[3.2405700000000004,42.337720000000004],[3.24042,42.33738]]],[[[3.2706799999999996,42.33870999999999],[3.27117,42.338559999999994],[3.27125,42.33862],[3.2706799999999996,42.33870999999999]]],[[[3.24007,42.33904999999999],[3.24071,42.33926],[3.24048,42.33938],[3.24007,42.33904999999999]]],[[[3.24335,42.33932],[3.24233,42.34013],[3.24179,42.33979],[3.24335,42.33932]]],[[[3.21824,42.35007],[3.2179,42.35027999999999],[3.21772,42.35016999999999],[3.21824,42.35007]]],[[[3.1782299999999997,42.35312999999999],[3.17865,42.35320999999999],[3.1785,42.35335],[3.1782299999999997,42.35312999999999]]],[[[3.18243,42.35294],[3.1833400000000003,42.35340999999999],[3.18291,42.35369],[3.18243,42.35294]]],[[[3.1756399999999996,42.35472],[3.1762899999999994,42.354659999999996],[3.17624,42.354800000000004],[3.1756399999999996,42.35472]]],[[[3.1653399999999996,42.361819999999994],[3.1648600000000005,42.362419999999986],[3.16471,42.36247999999999],[3.1653399999999996,42.361819999999994]]],[[[3.16722,42.36737],[3.1675099999999996,42.36751],[3.16714,42.36749999999999],[3.16722,42.36737]]],[[[3.1652000000000005,42.37253],[3.1656100000000005,42.37267],[3.1655500000000005,42.37284],[3.1652000000000005,42.37253]]],[[[3.15923,42.38331999999999],[3.15935,42.38367999999999],[3.15916,42.38374],[3.15923,42.38331999999999]]],[[[3.1629699999999996,42.38475999999999],[3.16329,42.384789999999995],[3.16306,42.38508999999999],[3.1629699999999996,42.38475999999999]]],[[[3.1648199999999997,42.40012999999999],[3.16521,42.399969999999996],[3.16525,42.40006],[3.1648199999999997,42.40012999999999]]],[[[3.1651799999999994,42.40160999999999],[3.1664099999999995,42.40136],[3.16585,42.40187],[3.1651799999999994,42.40160999999999]]],[[[3.16472,42.41087],[3.16549,42.41103],[3.1655800000000003,42.411300000000004],[3.16472,42.41087]]],[[[2.96729,42.46551999999999],[2.94652,42.48100000000001],[2.91752,42.45628],[2.87048,42.46743000000001],[2.86161,42.455009999999994],[2.8390900000000006,42.45940999999999],[2.82771,42.43956],[2.8051900000000005,42.43200999999999],[2.8008400000000004,42.41846],[2.77032,42.41177],[2.7527500000000003,42.42633],[2.7170800000000006,42.42151999999999],[2.69446,42.4076],[2.6743399999999995,42.40498],[2.6703600000000005,42.38733],[2.6514000000000006,42.38658999999999],[2.67485,42.35707],[2.6717499999999994,42.34087],[2.61844,42.34554],[2.56187,42.36113],[2.5421500000000004,42.33424999999999],[2.56234,42.31835],[2.59177,42.32784999999999],[2.61404,42.31856],[2.61837,42.30814],[2.6307800000000006,42.312810000000006],[2.62789,42.29596999999999],[2.6568100000000006,42.29617999999999],[2.66578,42.28169],[2.66166,42.265429999999995],[2.67255,42.256890000000006],[2.6722699999999997,42.26254999999999],[2.6903,42.26265],[2.6766599999999996,42.27073],[2.69606,42.27391],[2.7087999999999997,42.267],[2.7023199999999994,42.24945],[2.72326,42.24708999999999],[2.73054,42.26389],[2.77151,42.252210000000005],[2.7827600000000006,42.20134999999999],[2.8349299999999995,42.201969999999996],[2.8333000000000004,42.17918999999999],[2.84915,42.180299999999995],[2.86369,42.20091],[2.8771399999999994,42.195759999999986],[2.87611,42.18349999999999],[2.89211,42.178779999999996],[2.8971900000000006,42.16644],[2.8884600000000002,42.14994999999999],[2.9011800000000005,42.13876],[2.90428,42.11062],[2.92628,42.116809999999994],[2.9752399999999994,42.11509999999999],[2.99504,42.12330999999999],[3.00422,42.14046999999999],[3.05015,42.10969],[3.09477,42.126650000000005],[3.10763,42.11679000000001],[3.10838,42.10295000000001],[3.12805,42.108430000000006],[3.13207,42.0983],[3.1746000000000003,42.1073],[3.14975,42.121129999999994],[3.13807,42.115669999999994],[3.13654,42.12614],[3.12239,42.1314],[3.11099,42.188919999999996],[3.1216300000000006,42.23089999999999],[3.13339,42.24733],[3.16629,42.264709999999994],[3.1791,42.258779999999994],[3.1757699999999995,42.25693],[3.17524,42.25511999999999],[3.17562,42.25406999999999],[3.17622,42.25708],[3.18064,42.257859999999994],[3.1822500000000002,42.24551999999999],[3.1965699999999995,42.24709000000001],[3.2179499999999996,42.232389999999995],[3.22947,42.25158],[3.2626000000000004,42.23716999999999],[3.26655,42.242869999999996],[3.2540100000000005,42.24428999999999],[3.2536400000000003,42.25256],[3.2815900000000005,42.25386000000001],[3.2810300000000003,42.25762],[3.28285,42.25897],[3.28294,42.260099999999994],[3.28777,42.26587000000001],[3.27674,42.28000999999999],[3.2766000000000006,42.28745],[3.2992499999999993,42.28455],[3.28619,42.29325],[3.2929900000000005,42.30171],[3.28654,42.30355999999999],[3.3222500000000004,42.319469999999995],[3.3109900000000003,42.32019],[3.2948300000000006,42.32943999999999],[3.2858299999999994,42.325700000000005],[3.26765,42.340419999999995],[3.24972,42.32971],[3.2408900000000003,42.335710000000006],[3.2368100000000006,42.34345999999999],[3.23823,42.34887],[3.22868,42.351519999999994],[3.2034299999999996,42.347060000000006],[3.1965,42.33496000000001],[3.1855100000000003,42.34365],[3.1878700000000006,42.35180999999999],[3.1842699999999997,42.35038],[3.1807300000000005,42.3533],[3.17805,42.352889999999995],[3.1630400000000005,42.360290000000006],[3.16508,42.37428],[3.15502,42.37874999999999],[3.15963,42.385090000000005],[3.16697,42.38963999999999],[3.1527,42.39367000000001],[3.1648000000000005,42.401],[3.15596,42.40715999999999],[3.17073,42.416639999999994],[3.16057,42.428200000000004],[3.1749699999999996,42.434979999999996],[3.1214500000000003,42.43693],[3.0857200000000002,42.42559999999999],[3.05416,42.44996999999999],[3.0405000000000006,42.473459999999996],[3.0123299999999995,42.46685000000001],[2.9888,42.47402],[2.96729,42.46551999999999]]]]},"properties":{"CODICOMAR":"02","NOMCOMAR":"Alt Empordà"}},{"type":"Feature","geometry":{"type":"Polygon","coordinates":[[[1.68,41.507130000000004],[1.6146100000000005,41.51325],[1.6058799999999995,41.51303000000001],[1.6105000000000003,41.50521],[1.6012200000000005,41.50417999999999],[1.6015800000000004,41.49555000000001],[1.5703799999999999,41.480349999999994],[1.5706100000000007,41.4723],[1.5914199999999998,41.461299999999994],[1.5880100000000004,41.44823],[1.572160000000001,41.44319],[1.5537900000000007,41.45104],[1.502620000000001,41.42846],[1.4959499999999992,41.43572],[1.4757800000000003,41.42845],[1.4902,41.40172999999999],[1.4731900000000002,41.38026],[1.5096999999999994,41.39423000000001],[1.53702,41.38534000000001],[1.5512399999999997,41.368410000000004],[1.57822,41.36240999999998],[1.5590800000000005,41.34332],[1.5749700000000006,41.31499],[1.5963600000000004,41.30845],[1.5902099999999995,41.293610000000015],[1.6118100000000004,41.28518999999999],[1.61657,41.293319999999994],[1.63675,41.296089999999985],[1.62743,41.29413999999999],[1.61989,41.2535],[1.6060500000000002,41.24990999999999],[1.5701199999999995,41.26066000000001],[1.5831500000000003,41.235989999999994],[1.60393,41.23432],[1.6215000000000004,41.22362999999999],[1.6683000000000008,41.245299999999986],[1.7028399999999997,41.29954],[1.7430100000000006,41.296869999999984],[1.77732,41.32887999999999],[1.84057,41.31540999999999],[1.8704700000000003,41.34308],[1.8983800000000004,41.35481],[1.8708900000000004,41.38041],[1.8969099999999997,41.43271000000001],[1.87277,41.4602],[1.87017,41.47808],[1.8318100000000004,41.49571999999999],[1.806560000000001,41.473479999999995],[1.79297,41.47633],[1.7979099999999997,41.46661],[1.7747100000000005,41.46340999999999],[1.7690800000000007,41.44559000000002],[1.7023400000000002,41.47422999999999],[1.68,41.507130000000004]],[[1.6400499999999998,41.310489999999994],[1.6292599999999997,41.31046],[1.6424300000000003,41.31287999999999],[1.6400499999999998,41.310489999999994]]]},"properties":{"CODICOMAR":"03","NOMCOMAR":"Alt Penedès"}},{"type":"Feature","geometry":{"type":"MultiPolygon","coordinates":[[[[1.3131000000000008,41.98715999999999],[1.32235,41.98617],[1.3194100000000004,41.99157],[1.3131000000000008,41.98715999999999]]],[[[1.4525700000000004,42.53799],[1.43883,42.54346000000001],[1.4136100000000005,42.53536],[1.3836200000000003,42.51462],[1.3630000000000004,42.51883],[1.3645800000000003,42.49346],[1.3567400000000007,42.48243],[1.3455400000000004,42.481269999999995],[1.3202800000000003,42.445409999999995],[1.29431,42.449369999999995],[1.2717100000000003,42.44259],[1.2562000000000004,42.45238],[1.26156,42.41982],[1.2447,42.41537000000001],[1.2363400000000002,42.36939999999999],[1.1883300000000008,42.34890999999998],[1.1653800000000003,42.309279999999994],[1.1343999999999992,42.307370000000006],[1.1225300000000002,42.29560000000001],[1.15733,42.278459999999995],[1.1509900000000004,42.25802],[1.1583699999999997,42.24649],[1.1392100000000007,42.23595],[1.1682200000000005,42.21540999999999],[1.1605100000000004,42.19004999999999],[1.1865300000000005,42.17575],[1.1557400000000004,42.13562],[1.1574199999999997,42.12292],[1.1676000000000004,42.11884],[1.1667399999999999,42.082339999999995],[1.2000400000000004,42.089999999999996],[1.2108199999999996,42.07656000000001],[1.22097,42.079600000000006],[1.242,42.0529],[1.23653,42.02035999999999],[1.2634900000000004,41.99884999999999],[1.2498600000000002,41.93917],[1.2908600000000001,41.95793],[1.3069600000000001,41.99406],[1.3328100000000005,41.99088999999999],[1.3626300000000002,42.00001999999999],[1.3577700000000006,42.07749],[1.3345600000000006,42.07698],[1.3234800000000002,42.09492999999999],[1.3268400000000002,42.11512999999999],[1.3619900000000005,42.12997],[1.36658,42.13937],[1.3575700000000008,42.14794999999999],[1.4244000000000006,42.160059999999994],[1.4516500000000006,42.14716],[1.52038,42.18437],[1.5277000000000005,42.20440000000001],[1.5528399999999998,42.21004],[1.6138400000000002,42.20100999999998],[1.61019,42.21267],[1.6269699999999998,42.23907],[1.6943200000000005,42.26399],[1.6900699999999995,42.27709000000001],[1.6515300000000004,42.28643],[1.6549399999999999,42.38409000000001],[1.64603,42.39886],[1.6010899999999997,42.424519999999994],[1.5963300000000002,42.44431],[1.566980000000001,42.45898999999999],[1.5562300000000007,42.454130000000006],[1.5507399999999998,42.432379999999995],[1.5115600000000002,42.42920999999999],[1.4443899999999996,42.44142000000001],[1.4410299999999996,42.47547999999999],[1.4189700000000005,42.4828],[1.4255600000000004,42.49315],[1.4679999999999997,42.50995],[1.4525700000000004,42.53799]]]]},"properties":{"CODICOMAR":"04","NOMCOMAR":"Alt Urgell"}},{"type":"Feature","geometry":{"type":"Polygon","coordinates":[[[0.8963200000000008,42.623090000000005],[0.8782800000000005,42.63192],[0.8263100000000005,42.60527999999999],[0.8069899999999994,42.61925],[0.7675700000000004,42.61159],[0.7577100000000004,42.56934999999999],[0.7413000000000013,42.54408],[0.7530500000000001,42.53382],[0.7354,42.54087999999999],[0.7211300000000007,42.5244],[0.7214400000000003,42.515969999999996],[0.7410700000000008,42.50493000000001],[0.7134000000000001,42.48723],[0.7007100000000007,42.49543999999998],[0.6976900000000006,42.48553],[0.6901300000000004,42.48651000000002],[0.7141900000000005,42.43364],[0.7346100000000005,42.41495],[0.7264600000000003,42.404799999999994],[0.7456000000000007,42.38439999999999],[0.7229999999999994,42.36544000000001],[0.7603300000000004,42.357079999999996],[0.7703700000000009,42.37473],[0.7898600000000005,42.37390000000001],[0.8088299999999996,42.35734999999999],[0.7953000000000005,42.34734000000001],[0.7635700000000005,42.34700999999998],[0.7758500000000006,42.3409],[0.7710900000000004,42.33307],[0.8159100000000007,42.31474],[0.8470900000000003,42.3143],[0.8738699999999999,42.29875],[0.8865600000000001,42.30508999999999],[0.891690000000001,42.33502999999999],[0.8728200000000004,42.34139999999999],[0.8620900000000006,42.36705],[0.8396200000000009,42.373319999999985],[0.8224100000000009,42.391499999999986],[0.8343100000000012,42.40353999999999],[0.8223000000000001,42.41552999999999],[0.8290700000000003,42.42470999999998],[0.8625900000000004,42.4301],[0.8711400000000002,42.44601000000001],[0.8559400000000008,42.45468],[0.8804700000000003,42.46013000000001],[0.8944200000000002,42.47979000000001],[0.921550000000001,42.48508999999999],[0.9225699999999996,42.5083],[0.9570400000000001,42.529630000000004],[0.9546200000000005,42.538790000000006],[0.9727299999999993,42.551749999999984],[0.9692700000000012,42.57409999999999],[0.9186800000000004,42.59278],[0.9120200000000002,42.60679],[0.8960299999999995,42.61129],[0.8963200000000008,42.623090000000005]]]},"properties":{"CODICOMAR":"05","NOMCOMAR":"Alta Ribagorça"}},{"type":"Feature","geometry":{"type":"Polygon","coordinates":[[[1.4713300000000002,41.80057999999999],[1.4273699999999998,41.80199000000001],[1.4165800000000004,41.79494999999999],[1.4028799999999997,41.74556],[1.4244700000000006,41.732669999999985],[1.38252,41.70668],[1.4002100000000002,41.70432],[1.3958100000000004,41.69564999999999],[1.4042199999999998,41.686159999999994],[1.42329,41.68405],[1.4155000000000004,41.674699999999994],[1.4508,41.63988],[1.43057,41.62982],[1.3915000000000006,41.63432999999999],[1.3605000000000007,41.61359999999999],[1.4073300000000009,41.60034],[1.3925300000000007,41.575199999999995],[1.4193700000000005,41.58285999999999],[1.4539700000000004,41.56924999999998],[1.43109,41.55557],[1.4348500000000008,41.55016],[1.4467200000000002,41.55246999999999],[1.4483500000000007,41.53711],[1.4061600000000005,41.534259999999996],[1.3957400000000002,41.512890000000006],[1.4544399999999995,41.487629999999996],[1.4733600000000004,41.48604999999999],[1.4869900000000005,41.46452000000001],[1.4686500000000002,41.44369],[1.502620000000001,41.42846],[1.5537900000000007,41.45104],[1.572160000000001,41.44319],[1.59435,41.451299999999996],[1.5703799999999999,41.480349999999994],[1.6015800000000004,41.49555000000001],[1.6012200000000005,41.50417999999999],[1.6105000000000003,41.50521],[1.6058799999999995,41.51303000000001],[1.68,41.507130000000004],[1.7023400000000002,41.47422999999999],[1.7690800000000007,41.44559000000002],[1.7747100000000005,41.46340999999999],[1.7979099999999997,41.46661],[1.79297,41.47633],[1.806560000000001,41.473479999999995],[1.8318100000000004,41.49571999999999],[1.8430299999999995,41.49316],[1.8412000000000002,41.50493999999999],[1.8557500000000002,41.51121],[1.8134500000000011,41.555719999999994],[1.7949400000000002,41.56152],[1.80602,41.57173],[1.81284,41.60349999999999],[1.7873100000000002,41.610989999999994],[1.78955,41.637139999999995],[1.7797900000000009,41.653490000000005],[1.7570199999999998,41.644119999999994],[1.7283800000000002,41.64597],[1.70176,41.61886],[1.6810600000000004,41.61946999999999],[1.6600900000000003,41.65551],[1.64222,41.654090000000004],[1.6377400000000009,41.64587],[1.631250000000001,41.653499999999994],[1.6345099999999997,41.66702],[1.6184500000000006,41.68225000000001],[1.61848,41.69408999999999],[1.6028300000000002,41.69225],[1.5961200000000004,41.700849999999996],[1.5830300000000004,41.69792],[1.5510000000000004,41.709409999999984],[1.58039,41.72342],[1.6073900000000005,41.71662999999999],[1.6023299999999998,41.73095],[1.5853600000000005,41.733439999999995],[1.5929300000000002,41.76928],[1.5725800000000005,41.78215],[1.5307200000000003,41.752590000000005],[1.5047600000000005,41.78821],[1.4835199999999997,41.791],[1.4873900000000002,41.77736],[1.4701500000000007,41.77136],[1.4608700000000003,41.776489999999995],[1.4717,41.78256999999999],[1.4713300000000002,41.80057999999999]]]},"properties":{"CODICOMAR":"06","NOMCOMAR":"Anoia"}},{"type":"Feature","geometry":{"type":"Polygon","coordinates":[[[2.0316800000000006,41.960060000000006],[1.9855899999999997,41.96965],[1.9963199999999997,41.96108000000001],[1.9785700000000002,41.95378999999999],[1.9706799999999998,41.93691],[1.9836900000000004,41.91886],[1.9702899999999999,41.9199],[1.95487,41.966240000000006],[1.9369200000000006,41.96546000000001],[1.88506,41.93509999999999],[1.8836700000000002,41.905969999999996],[1.8482700000000003,41.91622999999999],[1.8453800000000002,41.89809],[1.8393300000000004,41.90973],[1.8097300000000003,41.92582],[1.7668100000000007,41.91145999999999],[1.7572800000000004,41.91884],[1.7344700000000004,41.91673],[1.7161600000000001,41.94321999999999],[1.6857000000000004,41.93737999999998],[1.6635300000000002,41.96218],[1.6489000000000005,41.95649999999999],[1.6424100000000001,41.94052999999999],[1.6512900000000001,41.92694],[1.6372399999999998,41.92641999999999],[1.5859500000000006,41.88828],[1.5760300000000003,41.891020000000005],[1.5685400000000003,41.8798],[1.5831399999999998,41.87347],[1.6004700000000003,41.88366],[1.6165100000000003,41.88081],[1.63048,41.85838999999999],[1.6317800000000005,41.84356999999999],[1.6096999999999997,41.83598],[1.61172,41.81796],[1.5882200000000004,41.804529999999986],[1.5998200000000002,41.788799999999995],[1.5933499999999998,41.77784],[1.5812899999999999,41.77542],[1.5957999999999999,41.75905],[1.5853600000000005,41.733439999999995],[1.6023299999999998,41.73095],[1.6086300000000004,41.71924],[1.58039,41.72342],[1.5510000000000004,41.709409999999984],[1.5830300000000004,41.69792],[1.5961200000000004,41.700849999999996],[1.6028300000000002,41.69225],[1.61848,41.69408999999999],[1.6184500000000006,41.68225000000001],[1.6345099999999997,41.66702],[1.631250000000001,41.653499999999994],[1.6377400000000009,41.64587],[1.64222,41.654090000000004],[1.6600900000000003,41.65551],[1.6810600000000004,41.61946999999999],[1.70176,41.61886],[1.7283800000000002,41.64597],[1.7570199999999998,41.644119999999994],[1.7797900000000009,41.653490000000005],[1.78955,41.637139999999995],[1.7873100000000002,41.610989999999994],[1.8114999999999999,41.60537],[1.8305300000000007,41.591359999999995],[1.8633100000000002,41.59228000000001],[1.8650199999999997,41.618339999999996],[1.8729800000000008,41.61272999999999],[1.89276,41.61693999999999],[1.88894,41.64827],[1.9065900000000005,41.66423999999999],[1.9199400000000004,41.66579],[1.9303,41.658],[1.9338899999999999,41.663219999999995],[1.9421300000000006,41.648869999999995],[1.9611200000000002,41.64418999999999],[2.00884,41.65617999999999],[2.00913,41.691269999999996],[2.02218,41.69863999999999],[2.01451,41.727450000000005],[2.00389,41.728910000000006],[2.00176,41.741110000000006],[1.9792000000000003,41.75323],[1.92821,41.74508999999999],[1.9175300000000002,41.77],[1.9038600000000008,41.774179999999994],[2.0380600000000006,41.80588],[2.02048,41.82336],[1.97508,41.8407],[2.01586,41.87333],[2.00144,41.88285],[2.01414,41.88412],[2.0125400000000004,41.91208000000001],[2.04493,41.89951],[2.04684,41.90554],[2.03572,41.911319999999996],[2.025920000000001,41.937539999999984],[2.0316800000000006,41.960060000000006]],[[2.0223199999999997,41.93795],[2.01097,41.93873],[2.018700000000001,41.94451999999998],[2.0223199999999997,41.93795]],[[1.7102900000000005,41.89728999999999],[1.7249700000000001,41.89279],[1.7191700000000005,41.88266],[1.7064600000000005,41.888459999999995],[1.7102900000000005,41.89728999999999]]]},"properties":{"CODICOMAR":"07","NOMCOMAR":"Bages"}},{"type":"Feature","geometry":{"type":"MultiPolygon","coordinates":[[[[1.0364400000000007,41.05758999999999],[1.0369899999999999,41.05785],[1.0362300000000004,41.057690000000015],[1.0364400000000007,41.05758999999999]]],[[[1.0414100000000002,41.05964],[1.0420100000000003,41.05971999999999],[1.04202,41.05982000000001],[1.0414100000000002,41.05964]]],[[[1.11288,41.07045999999999],[1.1140600000000003,41.07056999999999],[1.1141899999999998,41.07070999999999],[1.11288,41.07045999999999]]],[[[1.0053400000000006,41.32562999999999],[1.0048800000000002,41.34605],[0.9942600000000003,41.352610000000006],[0.9765100000000009,41.329010000000004],[0.9526099999999996,41.31686],[0.9354700000000005,41.32045],[0.94491,41.28974999999999],[0.9602800000000002,41.29946999999999],[0.9731000000000004,41.29454],[0.9752600000000001,41.26013],[0.9108800000000007,41.23866],[0.9225600000000002,41.20318999999999],[0.9066100000000006,41.19443999999999],[0.879609999999999,41.19353],[0.8794000000000004,41.18287999999999],[0.9065899999999999,41.17947000000001],[0.8814000000000007,41.113809999999994],[0.8567600000000001,41.11073999999999],[0.8265999999999994,41.11972],[0.8466100000000008,41.09655],[0.8731800000000002,41.083830000000006],[0.8712800000000008,41.074130000000004],[0.8692999999999996,41.0847],[0.8596800000000008,41.08503999999999],[0.8525000000000003,41.05644],[0.8354600000000001,41.05263],[0.8149500000000013,41.06182],[0.7828999999999999,41.030989999999996],[0.7761700000000004,40.99258],[0.81882,40.94072999999999],[0.8573100000000001,40.935320000000004],[0.8619900000000007,40.94685999999999],[0.9154100000000006,40.9875],[0.9308800000000006,40.98835999999999],[0.942340000000001,41.00777999999999],[0.986050000000001,41.04059999999999],[1.0462600000000004,41.06306],[1.0646900000000001,41.06532],[1.0605800000000005,41.05998999999999],[1.1178100000000004,41.07365],[1.09525,41.091120000000004],[1.093880000000001,41.108549999999994],[1.1034499999999998,41.11376],[1.1267200000000002,41.10300000000001],[1.1201200000000004,41.13033999999999],[1.1766200000000002,41.108439999999995],[1.1650600000000002,41.13838],[1.1784200000000002,41.1381],[1.1767700000000003,41.13032],[1.19115,41.13138000000001],[1.1437900000000003,41.17047],[1.1686400000000003,41.188159999999996],[1.17944,41.22156999999999],[1.1534500000000003,41.232079999999996],[1.1580900000000012,41.23922999999999],[1.1406800000000001,41.258340000000004],[1.1038399999999997,41.25701999999999],[1.099510000000001,41.26604999999999],[1.0531000000000001,41.268080000000005],[1.06622,41.30474],[1.04287,41.31832],[1.0641100000000003,41.32629],[1.018900000000001,41.33074],[1.0053400000000006,41.32562999999999]]]]},"properties":{"CODICOMAR":"08","NOMCOMAR":"Baix Camp"}},{"type":"Feature","geometry":{"type":"MultiPolygon","coordinates":[[[[0.7705700000000005,40.76314],[0.7711199999999998,40.76331],[0.7705400000000004,40.763349999999996],[0.7705700000000005,40.76314]]],[[[0.7581100000000001,40.762980000000006],[0.75808,40.76369999999999],[0.7579699999999999,40.76376],[0.7581100000000001,40.762980000000006]]],[[[0.7504700000000004,40.76366000000001],[0.7504500000000008,40.76418999999999],[0.7504300000000013,40.76417],[0.7504700000000004,40.76366000000001]]],[[[0.7677300000000006,40.76442],[0.767930000000001,40.764359999999996],[0.7676099999999996,40.76477],[0.7677300000000006,40.76442]]],[[[0.7224200000000002,40.77833999999999],[0.7228199999999998,40.778499999999994],[0.7223100000000001,40.77857],[0.7224200000000002,40.77833999999999]]],[[[0.7342900000000003,40.785779999999995],[0.7346899999999996,40.78600000000001],[0.7338800000000001,40.78618],[0.7342900000000003,40.785779999999995]]],[[[0.7339800000000003,40.787009999999995],[0.7345400000000004,40.78714999999999],[0.7336800000000008,40.787499999999994],[0.7339800000000003,40.787009999999995]]],[[[0.7308899999999997,40.78658],[0.7312599999999996,40.789190000000005],[0.7289500000000004,40.78782],[0.7308899999999997,40.78658]]],[[[0.5762800000000001,40.99566999999999],[0.5591300000000003,41.01485999999999],[0.5066799999999997,40.99495000000001],[0.48641000000000045,40.97717000000001],[0.4545500000000001,40.97832999999999],[0.44488999999999973,40.96406000000001],[0.37068,40.94268],[0.3620599999999997,40.88033999999999],[0.3297399999999998,40.84662000000001],[0.30551999999999996,40.83532],[0.29223000000000116,40.815879999999986],[0.27292999999999956,40.81872],[0.23312000000000033,40.779379999999996],[0.27168000000000164,40.78029999999999],[0.27743000000000095,40.77308],[0.27067000000000047,40.76763],[0.2865499999999995,40.76873],[0.2901500000000006,40.75204],[0.3117100000000009,40.745549999999994],[0.3305599999999995,40.76051999999999],[0.3843000000000012,40.76282],[0.4112400000000009,40.74134999999999],[0.44098999999999927,40.736250000000005],[0.5045099999999999,40.73879000000001],[0.5369499999999999,40.74813000000001],[0.5516699999999999,40.744159999999994],[0.5613900000000006,40.751769999999986],[0.5799300000000004,40.715740000000004],[0.6117800000000002,40.70579],[0.6742099999999998,40.72112],[0.6876900000000008,40.713359999999994],[0.752790000000001,40.70991],[0.7933900000000006,40.69429000000001],[0.8419600000000007,40.71538000000001],[0.8741599999999999,40.71938000000001],[0.86151,40.737249999999996],[0.8450900000000003,40.73074],[0.8267800000000003,40.7349],[0.7682700000000008,40.791429999999984],[0.745970000000001,40.79379999999999],[0.7297999999999999,40.79114],[0.7257200000000005,40.78925000000001],[0.7252499999999996,40.78806999999999],[0.73575,40.79124999999999],[0.7831000000000007,40.7728],[0.7826100000000002,40.768],[0.7809600000000002,40.770089999999996],[0.7815000000000009,40.76833],[0.7694200000000009,40.762449999999994],[0.7622300000000005,40.76186],[0.7553200000000005,40.76290999999999],[0.7546399999999994,40.76447],[0.7541700000000005,40.76304],[0.7502999999999997,40.763619999999996],[0.7495799999999998,40.764430000000004],[0.74017,40.76622],[0.73995,40.76751999999999],[0.7390899999999996,40.76839],[0.7374199999999996,40.76661],[0.7289800000000002,40.77018000000001],[0.6995799999999998,40.80074],[0.74134,40.82336],[0.7520700000000007,40.8463],[0.7918500000000014,40.866429999999994],[0.8573100000000001,40.935320000000004],[0.8255600000000002,40.94127],[0.7502199999999994,40.93239],[0.7395100000000012,40.93899999999999],[0.6713999999999999,40.94567],[0.6114300000000003,40.93029],[0.5871899999999988,40.94076],[0.592920000000001,40.950689999999994],[0.5834500000000004,40.95761999999999],[0.5836599999999998,40.97549],[0.5652400000000006,40.98485],[0.5762800000000001,40.99566999999999]]]]},"properties":{"CODICOMAR":"09","NOMCOMAR":"Baix Ebre"}},{"type":"Feature","geometry":{"type":"MultiPolygon","coordinates":[[[[2.98148,41.75737999999999],[2.98199,41.75738],[2.98199,41.75755],[2.98148,41.75737999999999]]],[[[2.98071,41.75784],[2.98128,41.757850000000005],[2.98089,41.75811],[2.98071,41.75784]]],[[[3.03204,41.77176],[3.0325700000000007,41.77219000000001],[3.03246,41.77254999999999],[3.03204,41.77176]]],[[[3.04674,41.783339999999995],[3.04723,41.78327],[3.04726,41.78337],[3.04674,41.783339999999995]]],[[[3.05664,41.78676999999998],[3.0569100000000002,41.7869],[3.0563499999999997,41.78697],[3.05664,41.78676999999998]]],[[[3.05656,41.78711],[3.0561700000000003,41.78737999999999],[3.0556899999999994,41.78708],[3.05656,41.78711]]],[[[3.05926,41.79195],[3.0595,41.79174999999999],[3.05968,41.79201],[3.05926,41.79195]]],[[[3.05823,41.80412999999999],[3.0587700000000004,41.804309999999994],[3.05747,41.804539999999996],[3.05823,41.80412999999999]]],[[[3.08075,41.82405000000001],[3.08147,41.82399999999999],[3.08089,41.82419999999999],[3.08075,41.82405000000001]]],[[[3.1871,41.862660000000005],[3.18739,41.862959999999994],[3.18708,41.86283999999999],[3.1871,41.862660000000005]]],[[[3.1784899999999996,41.86721],[3.17939,41.86729],[3.1791,41.86751999999999],[3.1784899999999996,41.86721]]],[[[3.17848,41.86779],[3.1791099999999997,41.86771000000001],[3.17902,41.86826],[3.17848,41.86779]]],[[[3.1779600000000006,41.87083],[3.17839,41.87084999999999],[3.1783700000000006,41.87106999999999],[3.1779600000000006,41.87083]]],[[[3.2178599999999995,41.92211],[3.21948,41.92163999999999],[3.2200299999999995,41.92222999999999],[3.2178599999999995,41.92211]]],[[[3.2172699999999996,41.92414999999998],[3.2176999999999993,41.92407999999999],[3.2181800000000003,41.92426999999999],[3.2172699999999996,41.92414999999998]]],[[[3.2176700000000005,41.92495999999999],[3.2180299999999997,41.92475999999999],[3.2183,41.92489],[3.2176700000000005,41.92495999999999]]],[[[3.21766,41.93784999999999],[3.2182799999999996,41.93814999999999],[3.21797,41.93821],[3.21766,41.93784999999999]]],[[[3.22788,42.04175999999999],[3.22878,42.0418],[3.22828,42.04204],[3.22788,42.04175999999999]]],[[[3.22693,42.04189],[3.22768,42.04207],[3.2272700000000003,42.04231],[3.22693,42.04189]]],[[[3.2252400000000003,42.04259],[3.22424,42.0444],[3.2238599999999997,42.0436],[3.2252400000000003,42.04259]]],[[[3.22295,42.04485],[3.22423,42.04993],[3.219,42.04807000000001],[3.22295,42.04485]]],[[[3.2101,42.06288],[3.21064,42.062889999999996],[3.21019,42.06298000000001],[3.2101,42.06288]]],[[[3.2049000000000003,42.07366],[3.2056799999999996,42.074149999999996],[3.20482,42.07439],[3.2049000000000003,42.07366]]],[[[3.1972899999999997,42.084759999999996],[3.19806,42.084499999999984],[3.19765,42.08499],[3.1972899999999997,42.084759999999996]]],[[[3.05015,42.10969],[3.00204,42.140090000000015],[2.99504,42.12330999999999],[2.95287,42.107769999999995],[2.95191,42.09776],[2.9781,42.07299],[2.9726800000000004,42.06098],[2.98163,42.04524000000001],[2.9793799999999995,42.03596999999999],[2.9529800000000006,42.03307999999999],[2.9517299999999995,42.00573],[2.95766,41.999619999999986],[2.97842,42.00017],[2.9871600000000003,41.989169999999994],[2.97561,41.978049999999996],[2.94967,41.97297],[2.94565,41.93933],[2.91384,41.929949999999984],[2.89788,41.93290000000001],[2.9022800000000006,41.91897000000001],[2.88545,41.90941999999999],[2.8956,41.90142000000001],[2.93631,41.89794],[2.95647,41.88472999999999],[2.9419,41.86623000000001],[2.96194,41.85138],[2.97083,41.82824999999999],[2.9301900000000005,41.824749999999995],[2.94348,41.7895],[2.95577,41.786519999999996],[2.96009,41.77414000000001],[2.9501100000000005,41.76834],[2.97115,41.75308],[2.98105,41.75963],[3.0027900000000005,41.765159999999995],[3.0104500000000005,41.771919999999994],[3.03163,41.771489999999986],[3.03031,41.77980999999999],[3.04371,41.77856],[3.0455099999999997,41.78833],[3.05569,41.78710999999999],[3.06538,41.800920000000005],[3.06313,41.800550000000015],[3.05522,41.80501000000001],[3.0619500000000004,41.8043],[3.06662,41.8007],[3.07137,41.81903],[3.10243,41.84507999999999],[3.12218,41.84816],[3.12821,41.84295999999999],[3.1200500000000004,41.84161999999999],[3.12937,41.84125999999999],[3.1448799999999997,41.84967000000001],[3.1438500000000005,41.857829999999986],[3.1778899999999997,41.86779],[3.17696,41.87011999999999],[3.17842,41.874959999999994],[3.18125,41.87651],[3.1783000000000006,41.879189999999994],[3.1824699999999995,41.88709],[3.20272,41.89155999999999],[3.20936,41.90212],[3.2178199999999997,41.94242],[3.2334699999999996,41.95036000000001],[3.2310499999999998,41.969170000000005],[3.2104600000000003,41.97361],[3.1985800000000006,41.99943],[3.1970900000000007,42.04495000000001],[3.2144999999999997,42.06113],[3.21004,42.061440000000005],[3.18171,42.10527],[3.1615100000000003,42.10889999999999],[3.13207,42.0983],[3.12805,42.108430000000006],[3.10838,42.10295000000001],[3.10763,42.11679000000001],[3.09477,42.126650000000005],[3.05015,42.10969]]]]},"properties":{"CODICOMAR":"10","NOMCOMAR":"Baix Empordà"}},{"type":"Feature","geometry":{"type":"Polygon","coordinates":[[[1.82723,41.592290000000006],[1.81284,41.60349999999999],[1.80602,41.57173],[1.7949400000000002,41.56152],[1.8134500000000011,41.555719999999994],[1.8317600000000007,41.53199999999999],[1.8535200000000003,41.519940000000005],[1.85496,41.50867],[1.84264,41.50641],[1.8404900000000002,41.49765000000001],[1.871450000000001,41.47712999999999],[1.87277,41.4602],[1.8968700000000003,41.433440000000004],[1.8693400000000007,41.38728],[1.8983800000000004,41.35481],[1.8704700000000003,41.34308],[1.84785,41.31932],[1.8467300000000004,41.30635],[1.8726699999999998,41.293449999999986],[1.8714300000000006,41.27864],[1.9022,41.28085],[1.9234800000000007,41.291129999999995],[1.9424900000000003,41.280269999999994],[1.9445,41.26349],[2.00295,41.264430000000004],[2.07474,41.27654],[2.12968,41.29742],[2.1378799999999996,41.2931],[2.13706,41.300599999999996],[2.14507,41.29541999999999],[2.15315,41.29607],[2.1555300000000006,41.29791],[2.1671,41.309549999999994],[2.1674700000000002,41.31215999999999],[2.1654200000000006,41.31783999999999],[2.1663099999999997,41.309],[2.1456100000000005,41.29755],[2.1423599999999996,41.30425000000001],[2.15495,41.315229999999985],[2.1529100000000003,41.31633000000001],[2.1564300000000003,41.31989999999998],[2.15656,41.32028],[2.1563600000000003,41.320609999999995],[2.1522500000000004,41.32297],[2.1189000000000004,41.32272999999999],[2.08952,41.3413],[2.09988,41.35192],[2.08678,41.36677999999999],[2.0992799999999994,41.36865999999999],[2.10379,41.40402],[2.08413,41.40928000000001],[2.07279,41.40316],[2.07858,41.41498],[2.0704900000000004,41.418809999999986],[2.05685,41.41033],[2.06364,41.44377],[2.0329499999999996,41.44169],[2.0235700000000003,41.45747],[1.99973,41.46024],[1.99408,41.43559],[1.9732900000000002,41.46370999999999],[1.9611100000000004,41.46003999999999],[1.95074,41.471759999999996],[1.9448800000000004,41.46771999999999],[1.9220100000000009,41.49021],[1.93663,41.50913],[1.9511500000000004,41.51015999999999],[1.9513300000000002,41.52293000000001],[1.9361299999999995,41.530330000000006],[1.91911,41.556439999999995],[1.9204100000000004,41.571099999999994],[1.88444,41.579069999999994],[1.8911700000000007,41.58068999999999],[1.8791199999999995,41.58936],[1.82723,41.592290000000006]],[[2.15648,41.320159999999994],[2.15047,41.31763999999999],[2.1538500000000003,41.321929999999995],[2.15648,41.320159999999994]]]},"properties":{"CODICOMAR":"11","NOMCOMAR":"Baix Llobregat"}},{"type":"Feature","geometry":{"type":"MultiPolygon","coordinates":[[[[1.6420400000000002,41.19304],[1.6447600000000002,41.19349],[1.6418800000000002,41.193130000000004],[1.6420400000000002,41.19304]]],[[[1.6292599999999997,41.31046],[1.6402200000000005,41.31058000000001],[1.6424300000000003,41.31287999999999],[1.6292599999999997,41.31046]]],[[[1.55367,41.36806],[1.53702,41.38534000000001],[1.5125200000000003,41.35916],[1.4628200000000005,41.35624],[1.40208,41.32501],[1.4254599999999997,41.30816000000001],[1.3989700000000005,41.29228],[1.43601,41.28606],[1.4394999999999996,41.2723],[1.4027100000000006,41.27078999999999],[1.3999900000000005,41.26346],[1.4188100000000001,41.26286],[1.4351200000000006,41.25126000000001],[1.4151499999999995,41.245270000000005],[1.40632,41.22688],[1.3904200000000002,41.22082],[1.3952,41.20557],[1.4098300000000001,41.21259],[1.4260800000000007,41.21164],[1.4356900000000004,41.202379999999984],[1.47677,41.20852999999999],[1.4956999999999996,41.17317],[1.5894100000000002,41.18841],[1.6067800000000003,41.18452],[1.6073000000000004,41.18905999999999],[1.6075400000000002,41.18365],[1.6457400000000002,41.19486],[1.64132,41.21161000000001],[1.6532700000000002,41.20738],[1.6417100000000004,41.23621999999999],[1.6249700000000002,41.22350999999998],[1.5831500000000003,41.235989999999994],[1.5701199999999995,41.26066000000001],[1.6060500000000002,41.24990999999999],[1.61989,41.2535],[1.62743,41.29413999999999],[1.63675,41.296089999999985],[1.61657,41.293319999999994],[1.6118100000000004,41.28518999999999],[1.5902099999999995,41.293610000000015],[1.5963600000000004,41.30845],[1.5749700000000006,41.31499],[1.5590800000000005,41.34332],[1.57822,41.36240999999998],[1.55367,41.36806]]]]},"properties":{"CODICOMAR":"12","NOMCOMAR":"Baix Penedès"}},{"type":"Feature","geometry":{"type":"MultiPolygon","coordinates":[[[[2.1725500000000006,41.31704],[2.17575,41.351060000000004],[2.183,41.36522],[2.17171,41.34646],[2.16944,41.326440000000005],[2.1725500000000006,41.31704]]],[[[2.19372,41.3762],[2.1946300000000005,41.37701],[2.19454,41.37729000000001],[2.19372,41.3762]]],[[[2.2058800000000005,41.389179999999996],[2.20622,41.38939],[2.2057700000000002,41.38934999999999],[2.2058800000000005,41.389179999999996]]],[[[2.22196,41.40358],[2.22311,41.40488],[2.2230600000000003,41.405100000000004],[2.22196,41.40358]]],[[[2.2262800000000005,41.40732],[2.2265199999999994,41.40715],[2.2264300000000006,41.40769],[2.2262800000000005,41.40732]]],[[[2.2267499999999996,41.407849999999996],[2.2270100000000004,41.40789999999999],[2.22694,41.40826],[2.2267499999999996,41.407849999999996]]],[[[2.22698,41.408409999999996],[2.2280500000000005,41.4091],[2.22777,41.409639999999996],[2.22698,41.408409999999996]]],[[[2.0546400000000005,41.41395000000001],[2.0704900000000004,41.418809999999986],[2.05767,41.43581],[2.0546400000000005,41.41395000000001]]],[[[2.24846,41.48465999999999],[2.22469,41.49251999999999],[2.2133899999999995,41.471500000000006],[2.1786899999999996,41.46818],[2.1642200000000003,41.45009999999999],[2.13461,41.44724999999999],[2.12127,41.42583],[2.0717699999999994,41.4363],[2.07981,41.41624999999999],[2.07219,41.40346],[2.08413,41.40928000000001],[2.1037100000000004,41.40424000000001],[2.0992799999999994,41.36865999999999],[2.08678,41.36677999999999],[2.09988,41.35192],[2.08952,41.3413],[2.1156500000000005,41.323890000000006],[2.1498600000000003,41.32068],[2.1591699999999996,41.32721000000001],[2.1652000000000005,41.34138999999999],[2.15692,41.342209999999994],[2.14593,41.33099],[2.15092,41.34647999999999],[2.16691,41.34714],[2.1846600000000005,41.38067],[2.1853600000000006,41.35772999999999],[2.19831,41.386900000000004],[2.2274900000000004,41.41546],[2.22968,41.40921],[2.24084,41.436009999999996],[2.24282,41.431189999999994],[2.26998,41.46061],[2.24846,41.48465999999999]],[[2.15415,41.338969999999996],[2.15433,41.33872999999999],[2.1540500000000002,41.33878],[2.15415,41.338969999999996]],[[2.15471,41.33948999999999],[2.15472,41.33937],[2.15465,41.33939000000001],[2.15471,41.33948999999999]]]]},"properties":{"CODICOMAR":"13","NOMCOMAR":"Barcelonès"}},{"type":"Feature","geometry":{"type":"MultiPolygon","coordinates":[[[[1.6891,42.10190999999999],[1.6891600000000004,42.10205],[1.6889400000000012,42.10193999999999],[1.6891,42.10190999999999]]],[[[1.6885500000000002,42.11298],[1.65912,42.114720000000005],[1.644500000000001,42.11146999999999],[1.6767800000000008,42.10356],[1.6914000000000002,42.10457],[1.6885500000000002,42.11298]]],[[[1.937400000000001,42.31712],[1.8997000000000004,42.322509999999994],[1.8308200000000003,42.30053999999999],[1.804470000000001,42.301939999999995],[1.7972000000000004,42.29462999999999],[1.7408700000000001,42.29091],[1.7334,42.28386999999999],[1.67565,42.28539],[1.67042,42.28147],[1.6900699999999995,42.27709000000001],[1.6943200000000005,42.26399],[1.63862,42.247409999999995],[1.61019,42.21267],[1.6138400000000002,42.20100999999998],[1.6418600000000003,42.19654],[1.65825,42.16523999999999],[1.6937899999999997,42.17240999999999],[1.7081000000000004,42.161089999999994],[1.7258599999999997,42.16637],[1.7288300000000003,42.17988999999999],[1.7365800000000002,42.18344999999999],[1.7382500000000003,42.162949999999995],[1.72407,42.15273],[1.7138000000000004,42.15472],[1.6992599999999998,42.13233],[1.7115400000000003,42.119350000000004],[1.7044499999999998,42.10598000000001],[1.7228699999999995,42.10007999999999],[1.7221999999999997,42.09138],[1.7076300000000006,42.08244],[1.6911800000000006,42.08679],[1.6911299999999998,42.07540000000001],[1.6746300000000003,42.05865000000001],[1.6724700000000001,42.04066999999999],[1.6791999999999998,42.03827],[1.6842300000000003,42.04874999999999],[1.6916100000000005,42.04560000000001],[1.6997000000000007,42.02886999999999],[1.6699200000000005,42.01561],[1.6663400000000004,42.003009999999996],[1.6644000000000008,42.02161999999999],[1.65617,42.02066],[1.6474700000000004,41.99936999999999],[1.65426,41.99299999999999],[1.6577000000000002,42.00290999999999],[1.6621900000000003,41.99112],[1.68477,41.99512999999999],[1.6974300000000004,41.985679999999995],[1.6900900000000003,42.00511],[1.6986700000000001,42.01381],[1.7174100000000005,41.99973999999999],[1.71928,41.98494],[1.6824000000000006,41.96765],[1.6708000000000003,41.96834999999999],[1.67434,41.98273999999999],[1.6640199999999998,41.98474],[1.6442300000000005,41.96865999999999],[1.64572,41.95853000000001],[1.6635300000000002,41.96218],[1.6857000000000004,41.93737999999998],[1.7161600000000001,41.94321999999999],[1.7344700000000004,41.91673],[1.7572800000000004,41.91884],[1.7668100000000007,41.91145999999999],[1.8097300000000003,41.92582],[1.8393300000000004,41.90973],[1.8453800000000002,41.89809],[1.8482700000000003,41.91622999999999],[1.8836700000000002,41.905969999999996],[1.88755,41.93746999999999],[1.9513500000000001,41.967209999999994],[1.9702899999999999,41.9199],[1.9836900000000004,41.91886],[1.9706799999999998,41.93691],[1.9785700000000002,41.95378999999999],[1.9963199999999997,41.96108000000001],[1.9855899999999997,41.96965],[1.9983200000000003,41.97752],[1.9947500000000007,41.98981],[2.02147,42.02384],[1.997300000000001,42.028580000000005],[2.0081100000000003,42.08515],[2.0253300000000003,42.09632],[2.0347099999999996,42.07713999999999],[2.04533,42.08103999999999],[2.04246,42.09237],[2.0530399999999998,42.09454000000001],[2.0576800000000004,42.08768],[2.0624600000000006,42.09862],[2.0456300000000005,42.10447],[2.05449,42.10751],[2.0496000000000003,42.12160999999999],[2.06804,42.12268999999999],[2.07048,42.13011999999999],[2.02799,42.15272],[2.00409,42.14975],[1.9881600000000004,42.18148000000001],[1.9653499999999997,42.17953999999999],[1.9646499999999998,42.198829999999994],[2.00773,42.19364],[1.99767,42.19133999999999],[2.00533,42.18270999999999],[1.9959000000000002,42.17201],[2.0046600000000003,42.162459999999996],[2.0234,42.16481],[2.0375300000000007,42.17855999999999],[2.0571200000000003,42.17476],[2.0634200000000003,42.19152],[2.05285,42.19742],[2.0531100000000007,42.219449999999995],[2.0300600000000006,42.215630000000004],[2.0175299999999994,42.23225999999999],[2.024799999999999,42.23261999999999],[2.04398,42.27095],[2.0703000000000005,42.28909999999999],[2.0187200000000005,42.31032999999999],[1.9837500000000006,42.29901],[1.9495500000000001,42.31534],[1.9431500000000002,42.30836999999999],[1.937400000000001,42.31712]],[[2.0023799999999996,42.125339999999994],[2.0295,42.12776],[2.02948,42.121080000000006],[2.0076200000000006,42.10648],[2.0023799999999996,42.125339999999994]]]]},"properties":{"CODICOMAR":"14","NOMCOMAR":"Berguedà"}},{"type":"Feature","geometry":{"type":"MultiPolygon","coordinates":[[[[1.9839200000000001,42.44674],[2.01439,42.451789999999995],[1.9866499999999998,42.47188],[1.9984200000000005,42.48532],[1.9791499999999997,42.494989999999994],[1.9565600000000007,42.457939999999994],[1.9839200000000001,42.44674]]],[[[1.67986,42.494519999999994],[1.6699800000000007,42.504189999999994],[1.65702,42.468219999999995],[1.59737,42.466319999999996],[1.5809300000000004,42.45018000000001],[1.5963300000000002,42.44431],[1.6010899999999997,42.424519999999994],[1.64603,42.39886],[1.6549399999999999,42.38409000000001],[1.6533000000000002,42.284139999999994],[1.6670300000000007,42.27964999999999],[1.67565,42.28539],[1.72305,42.283249999999995],[1.7408700000000001,42.29091],[1.77806,42.29053],[1.9027799999999997,42.322959999999995],[1.937400000000001,42.31712],[1.9431500000000002,42.30836999999999],[1.9486600000000007,42.31530000000001],[1.95535,42.3121],[1.9614300000000005,42.33201999999999],[1.9846900000000005,42.33121],[1.9879100000000003,42.34353999999999],[2.01607,42.34709],[1.9657200000000006,42.38066999999999],[1.9585699999999997,42.42414],[1.940960000000001,42.430029999999995],[1.9369900000000002,42.453689999999995],[1.9163,42.446239999999996],[1.8911700000000002,42.44772],[1.8811400000000007,42.45983],[1.8555499999999998,42.46369],[1.82424,42.48566999999999],[1.7301,42.49239],[1.72566,42.50467999999999],[1.70361,42.489799999999995],[1.67986,42.494519999999994]]]]},"properties":{"CODICOMAR":"15","NOMCOMAR":"Cerdanya"}},{"type":"Feature","geometry":{"type":"Polygon","coordinates":[[[1.4539700000000004,41.56924999999998],[1.4193700000000005,41.58285999999999],[1.3951300000000002,41.57740999999999],[1.4031900000000002,41.55788],[1.3852800000000005,41.55585999999999],[1.37086,41.5653],[1.3453699999999997,41.568020000000004],[1.2196900000000004,41.569720000000004],[1.2106900000000003,41.54869],[1.1664800000000004,41.53714000000001],[1.1761900000000005,41.53376999999998],[1.16472,41.508489999999995],[1.17978,41.48843000000001],[1.1094100000000007,41.46723],[1.1045800000000001,41.475350000000006],[1.0394499999999993,41.501380000000005],[1.0485100000000007,41.48753999999999],[1.0374600000000003,41.479989999999994],[1.0750799999999994,41.45917000000001],[1.0464100000000003,41.44065],[1.0277200000000002,41.40926000000001],[1.00347,41.40458000000001],[0.992,41.38899],[0.9819600000000003,41.391749999999995],[0.9624500000000005,41.36579],[0.9643500000000002,41.355259999999994],[0.9049300000000001,41.347570000000005],[0.9063600000000005,41.327740000000006],[0.952930000000001,41.316939999999995],[0.9767800000000005,41.32917999999999],[0.9969800000000001,41.35264],[1.0053400000000006,41.32562999999999],[1.018900000000001,41.33074],[1.0641100000000003,41.32629],[1.1263500000000009,41.30542],[1.1744700000000001,41.32034],[1.1912899999999997,41.31529999999999],[1.1969,41.32851999999999],[1.2210000000000003,41.34255999999999],[1.23016,41.37357],[1.24046,41.383860000000006],[1.2536600000000002,41.384829999999994],[1.2593900000000007,41.40385],[1.3034200000000005,41.42781999999999],[1.32107,41.44823],[1.3283200000000013,41.427229999999994],[1.3653,41.431819999999995],[1.3689800000000005,41.44389999999999],[1.3828200000000004,41.44787],[1.4039100000000007,41.435219999999994],[1.4217500000000007,41.448809999999995],[1.4406400000000008,41.44914],[1.4745900000000003,41.47829999999999],[1.4733600000000004,41.48604999999999],[1.4544399999999995,41.487629999999996],[1.3957400000000002,41.512890000000006],[1.4061600000000005,41.534259999999996],[1.4483500000000007,41.53711],[1.4467200000000002,41.55246999999999],[1.4348500000000008,41.55016],[1.43109,41.55557],[1.4539700000000004,41.56924999999998]]]},"properties":{"CODICOMAR":"16","NOMCOMAR":"Conca de Barberà"}},{"type":"Feature","geometry":{"type":"MultiPolygon","coordinates":[[[[1.6518500000000003,41.19469],[1.6509099999999997,41.19507999999999],[1.6502000000000001,41.19459],[1.6515099999999998,41.19439999999999],[1.6518500000000003,41.19469]]],[[[1.6615900000000001,41.19513],[1.6629399999999999,41.195250000000016],[1.6629900000000006,41.19527999999999],[1.6615900000000001,41.19513]]],[[[1.6652799999999996,41.19559],[1.6665600000000003,41.195739999999994],[1.6652300000000007,41.19565999999999],[1.6652799999999996,41.19559]]],[[[1.6689100000000003,41.19615],[1.6702600000000007,41.19613999999999],[1.6703800000000004,41.196220000000004],[1.6689100000000003,41.19615]]],[[[1.8497000000000003,41.31864],[1.77732,41.32887999999999],[1.7680400000000005,41.32421],[1.7430100000000006,41.296869999999984],[1.7028399999999997,41.29954],[1.6692200000000004,41.24623999999999],[1.641240000000001,41.23542],[1.6532700000000002,41.20738],[1.64132,41.21161000000001],[1.64211,41.20007],[1.64743,41.19363],[1.6494900000000006,41.19612999999998],[1.6548100000000008,41.19667999999999],[1.6526000000000003,41.193819999999995],[1.64722,41.192730000000005],[1.6554300000000008,41.19396999999999],[1.6580299999999997,41.19585],[1.6763200000000003,41.198840000000004],[1.6982999999999995,41.20809],[1.7292100000000001,41.20798],[1.7357800000000008,41.21591999999999],[1.7300399999999998,41.205929999999995],[1.74268,41.21825],[1.7885200000000008,41.223739999999985],[1.81504,41.23597999999999],[1.8659399999999995,41.236520000000006],[1.86944,41.24295],[1.9445,41.26349],[1.9424900000000003,41.280269999999994],[1.92601,41.29022],[1.8714300000000006,41.27864],[1.8726699999999998,41.293449999999986],[1.8467300000000004,41.30635],[1.8497000000000003,41.31864]]]]},"properties":{"CODICOMAR":"17","NOMCOMAR":"Garraf"}},{"type":"Feature","geometry":{"type":"Polygon","coordinates":[[[0.9686400000000006,41.57784],[0.9169900000000001,41.58881],[0.8888499999999998,41.57436],[0.8776900000000002,41.58586],[0.8381200000000001,41.56455],[0.8314800000000001,41.57051],[0.797260000000001,41.57059999999999],[0.7889699999999998,41.56311000000001],[0.7792500000000011,41.56736],[0.7775400000000001,41.5502],[0.756050000000001,41.55035],[0.7588700000000003,41.53773999999999],[0.7508000000000004,41.531189999999995],[0.7266999999999996,41.51851],[0.7101500000000003,41.524980000000006],[0.6924100000000002,41.47683],[0.6729000000000004,41.47953999999999],[0.6635000000000011,41.45775],[0.6273800000000002,41.45023],[0.6257699999999997,41.39934000000001],[0.5845100000000009,41.376250000000006],[0.5808500000000003,41.31989],[0.5970600000000006,41.29344999999999],[0.6281899999999997,41.29086],[0.6707300000000005,41.30972],[0.7498199999999998,41.31732999999999],[0.7629399999999998,41.33458],[0.8150100000000011,41.32687],[0.8291300000000003,41.35724999999999],[0.8400600000000001,41.36181],[0.8632700000000009,41.33811],[0.9455899999999999,41.35003999999999],[0.9643500000000002,41.355259999999994],[0.9624500000000005,41.36579],[0.9819600000000003,41.391749999999995],[0.992,41.38899],[1.00347,41.40458000000001],[1.0277200000000002,41.40926000000001],[1.0464100000000003,41.44065],[1.0755000000000006,41.45996999999999],[1.0374600000000003,41.479989999999994],[1.0485100000000007,41.48753999999999],[1.0380099999999999,41.50508],[1.0201300000000002,41.5034],[1.01112,41.51199999999999],[0.9788300000000002,41.518010000000004],[0.98767,41.54678],[0.9617200000000011,41.56864999999999],[0.9686400000000006,41.57784]]]},"properties":{"CODICOMAR":"18","NOMCOMAR":"Garrigues"}},{"type":"Feature","geometry":{"type":"Polygon","coordinates":[[[2.54231,42.33397],[2.51992,42.32686999999999],[2.5240600000000004,42.291799999999995],[2.5564699999999996,42.28567000000001],[2.5087700000000006,42.28134],[2.5061100000000005,42.30405],[2.4965,42.29888],[2.4797299999999995,42.30291999999999],[2.4853399999999994,42.28834],[2.46335,42.279529999999994],[2.4131099999999996,42.28563],[2.40616,42.27432],[2.37566,42.26505000000001],[2.3844,42.25561999999999],[2.3440600000000003,42.24081],[2.3482,42.228199999999994],[2.3747799999999994,42.22961],[2.3762100000000004,42.22441],[2.3692599999999997,42.21536999999999],[2.33353,42.20821999999999],[2.3602599999999994,42.18833],[2.3612,42.17151],[2.3711700000000007,42.1761],[2.3859899999999996,42.16687],[2.35789,42.15695999999999],[2.35077,42.13766999999999],[2.3810600000000006,42.12368],[2.37658,42.10546000000001],[2.40017,42.102759999999996],[2.3945000000000003,42.08676],[2.4268700000000005,42.06127999999999],[2.4582100000000002,42.07912000000001],[2.4764600000000003,42.076209999999996],[2.53304,42.028040000000004],[2.54485,42.02949000000001],[2.5567400000000005,42.04480999999999],[2.5872900000000003,42.03674999999999],[2.59689,42.05001000000001],[2.6089600000000006,42.02814],[2.62617,42.02336],[2.62828,42.012209999999996],[2.65041,42.01397],[2.6620399999999997,42.01754999999999],[2.6336400000000006,42.039249999999996],[2.63913,42.05479],[2.63051,42.08703],[2.64546,42.09393],[2.6659,42.1236],[2.6542199999999996,42.13611000000001],[2.6579100000000007,42.15388999999999],[2.6686,42.15885000000001],[2.66675,42.17636000000001],[2.6841700000000004,42.17083000000001],[2.71065,42.17493],[2.7216999999999993,42.184439999999995],[2.7408800000000006,42.18092999999999],[2.7707800000000002,42.18967],[2.76646,42.20322999999999],[2.77918,42.212309999999995],[2.77151,42.252210000000005],[2.73054,42.26389],[2.72326,42.24708999999999],[2.7023199999999994,42.24945],[2.7087999999999997,42.267],[2.69606,42.27391],[2.6766599999999996,42.27073],[2.6903,42.26265],[2.6722699999999997,42.26254999999999],[2.67255,42.256890000000006],[2.66166,42.265429999999995],[2.66578,42.28169],[2.6568100000000006,42.29617999999999],[2.62789,42.29596999999999],[2.6307800000000006,42.312810000000006],[2.61837,42.30814],[2.61404,42.31856],[2.59177,42.32784999999999],[2.56234,42.31835],[2.54231,42.33397]]]},"properties":{"CODICOMAR":"19","NOMCOMAR":"Garrotxa"}},{"type":"Feature","geometry":{"type":"Polygon","coordinates":[[[2.9534300000000004,42.11316],[2.90428,42.11062],[2.8932700000000002,42.070930000000004],[2.8754700000000004,42.06648],[2.85692,42.07822],[2.8472399999999998,42.05562],[2.8301199999999995,42.05489000000001],[2.8363600000000004,42.040659999999995],[2.80399,42.039799999999985],[2.79936,42.03167000000001],[2.77982,42.04433],[2.77894,42.05745999999999],[2.7667000000000006,42.05695],[2.75811,42.071619999999996],[2.72925,42.079309999999985],[2.7321299999999997,42.08602],[2.71633,42.09208],[2.6916100000000003,42.09288],[2.68091,42.082640000000005],[2.6304899999999996,42.08673999999999],[2.63913,42.05479],[2.6336400000000006,42.039249999999996],[2.66192,42.01774999999999],[2.6586300000000005,41.99982],[2.6740100000000004,41.97382999999999],[2.66132,41.96305],[2.6655599999999997,41.952009999999994],[2.69723,41.93753000000001],[2.6983300000000003,41.92409],[2.7473699999999996,41.92599],[2.7800700000000003,41.90336],[2.80371,41.91436000000001],[2.81659,41.91226],[2.80981,41.87771],[2.81659,41.85419999999999],[2.83549,41.86133],[2.86204,41.848819999999996],[2.8481000000000005,41.81417999999999],[2.8728999999999996,41.81348],[2.8539700000000003,41.80057999999999],[2.8580800000000006,41.78783000000001],[2.8712000000000004,41.77277],[2.90238,41.772420000000004],[2.92819,41.75752],[2.96009,41.77414000000001],[2.95577,41.786519999999996],[2.94348,41.7895],[2.9301900000000005,41.824749999999995],[2.97083,41.82824999999999],[2.96194,41.85138],[2.9419,41.86623000000001],[2.95647,41.88472999999999],[2.93631,41.89794],[2.8956,41.90142000000001],[2.88545,41.90941999999999],[2.9022800000000006,41.91897000000001],[2.89788,41.93290000000001],[2.91384,41.929949999999984],[2.94565,41.93933],[2.94967,41.97297],[2.97561,41.978049999999996],[2.9871600000000003,41.989169999999994],[2.97842,42.00017],[2.95766,41.999619999999986],[2.9512200000000006,42.00986999999999],[2.9529800000000006,42.03307999999999],[2.9798200000000006,42.036829999999995],[2.9781,42.07299],[2.95191,42.09776],[2.9534300000000004,42.11316]]]},"properties":{"CODICOMAR":"20","NOMCOMAR":"Gironès"}},{"type":"Feature","geometry":{"type":"Polygon","coordinates":[[[2.72405,41.7444],[2.6701,41.71439],[2.65008,41.720259999999996],[2.63301,41.68983999999999],[2.6137700000000006,41.69252000000001],[2.59968,41.68381999999999],[2.6090200000000006,41.67545],[2.5938700000000003,41.65887],[2.54712,41.65832000000001],[2.5269499999999994,41.62702],[2.41726,41.62713],[2.33751,41.56115],[2.33474,41.543879999999994],[2.3160500000000006,41.53344],[2.3308600000000004,41.52395],[2.3230100000000005,41.516639999999995],[2.2732200000000002,41.51138999999999],[2.24705,41.48859],[2.26998,41.46061],[2.37046,41.48866],[2.44676,41.53201999999999],[2.4444899999999996,41.52617000000001],[2.46148,41.54259999999999],[2.5554400000000004,41.57936],[2.56058,41.57498],[2.77681,41.64994999999999],[2.75785,41.67939999999999],[2.77452,41.700289999999995],[2.76586,41.72570000000001],[2.7760199999999995,41.73494999999999],[2.7442099999999994,41.734880000000004],[2.72405,41.7444]]]},"properties":{"CODICOMAR":"21","NOMCOMAR":"Maresme"}},{"type":"Feature","geometry":{"type":"MultiPolygon","coordinates":[[[[0.6445400000000001,40.57426000000001],[0.644720000000001,40.574380000000005],[0.6441500000000006,40.57462],[0.6445400000000001,40.57426000000001]]],[[[0.6462900000000007,40.57457],[0.6467300000000015,40.57477999999999],[0.6461500000000013,40.57536999999999],[0.6462900000000007,40.57457]]],[[[0.642040000000001,40.57519],[0.6420300000000001,40.57543000000001],[0.6417000000000005,40.57563999999999],[0.642040000000001,40.57519]]],[[[0.6411700000000012,40.575309999999995],[0.6412399999999997,40.57551],[0.6408600000000004,40.57565000000001],[0.6411700000000012,40.575309999999995]]],[[[0.6427000000000003,40.57518],[0.6428500000000006,40.575459999999985],[0.6416200000000002,40.57646999999999],[0.6427000000000003,40.57518]]],[[[0.6418300000000005,40.57584999999999],[0.6418700000000012,40.57614999999999],[0.6413999999999994,40.57649],[0.6418300000000005,40.57584999999999]]],[[[0.6445499999999998,40.57590999999999],[0.6456699999999999,40.57655],[0.64394,40.57662],[0.6445499999999998,40.57590999999999]]],[[[0.6426000000000012,40.576649999999994],[0.6428000000000005,40.57692],[0.6425199999999998,40.57692000000001],[0.6426000000000012,40.576649999999994]]],[[[0.6418400000000002,40.57692000000001],[0.6421000000000009,40.57702999999999],[0.6418299999999996,40.57719],[0.6418400000000002,40.57692000000001]]],[[[0.6480800000000004,40.57715],[0.6487299999999998,40.57705000000001],[0.6480200000000002,40.57733],[0.6480800000000004,40.57715]]],[[[0.6145300000000006,40.57683999999999],[0.6151200000000009,40.57681],[0.6148699999999999,40.57705],[0.6145300000000006,40.57683999999999]]],[[[0.6490999999999998,40.577549999999995],[0.6492300000000005,40.57773999999999],[0.6487299999999995,40.57797],[0.6490999999999998,40.577549999999995]]],[[[0.6151499999999999,40.57658000000001],[0.6162799999999999,40.576649999999994],[0.6153199999999998,40.57741],[0.6151499999999999,40.57658000000001]]],[[[0.61611,40.57757999999999],[0.6164400000000004,40.57755999999999],[0.6163100000000005,40.57771],[0.61611,40.57757999999999]]],[[[0.64348,40.57636],[0.6432800000000012,40.577159999999985],[0.6419499999999998,40.57854],[0.64348,40.57636]]],[[[0.6467400000000004,40.57827],[0.6468999999999998,40.57836],[0.6464800000000009,40.57886],[0.6467400000000004,40.57827]]],[[[0.648420000000001,40.57876999999998],[0.6487900000000005,40.578630000000004],[0.6481899999999993,40.57917],[0.648420000000001,40.57876999999998]]],[[[0.6436699999999999,40.57884],[0.6435799999999998,40.57918],[0.6433800000000002,40.5792],[0.6436699999999999,40.57884]]],[[[0.6455500000000004,40.57862],[0.6457700000000008,40.579269999999994],[0.6454200000000009,40.579329999999985],[0.6455500000000004,40.57862]]],[[[0.64843,40.57911999999999],[0.649080000000001,40.57895],[0.6480200000000009,40.580169999999995],[0.64843,40.57911999999999]]],[[[0.6488400000000002,40.579339999999995],[0.6492199999999999,40.579640000000005],[0.6484600000000005,40.58027],[0.6488400000000002,40.579339999999995]]],[[[0.6492099999999997,40.57990000000001],[0.6493299999999995,40.580070000000006],[0.6490200000000012,40.58028999999999],[0.6492099999999997,40.57990000000001]]],[[[0.6377900000000005,40.580029999999994],[0.6384700000000005,40.57985999999999],[0.6378400000000015,40.580149999999996],[0.6377900000000005,40.580029999999994]]],[[[0.6385099999999997,40.58039000000001],[0.6388000000000009,40.58036999999999],[0.638450000000001,40.58065999999999],[0.6385099999999997,40.58039000000001]]],[[[0.6427399999999993,40.58008],[0.642429999999999,40.580740000000006],[0.6423500000000006,40.58077999999999],[0.6427399999999993,40.58008]]],[[[0.6540900000000008,40.579679999999996],[0.6559400000000001,40.57991],[0.653220000000001,40.58136999999999],[0.6540900000000008,40.579679999999996]]],[[[0.6350100000000004,40.57737],[0.63525,40.58134],[0.6334500000000001,40.57982],[0.6338099999999994,40.57831],[0.6350100000000004,40.57737]]],[[[0.6342500000000002,40.58151999999999],[0.6346699999999998,40.58119999999999],[0.6347700000000005,40.58143999999999],[0.6342500000000002,40.58151999999999]]],[[[0.6519200000000006,40.58138],[0.6528000000000006,40.58151],[0.6514300000000005,40.58189],[0.6519200000000006,40.58138]]],[[[0.6381800000000004,40.58163],[0.6384000000000001,40.58173],[0.6380800000000002,40.58180999999999],[0.6381800000000004,40.58163]]],[[[0.6298499999999998,40.58148],[0.6317199999999994,40.580929999999995],[0.6313199999999998,40.58163],[0.6298499999999998,40.58148]]],[[[0.6328899999999995,40.58136999999999],[0.6338399999999996,40.581329999999994],[0.6335699999999999,40.581789999999984],[0.6328899999999995,40.58136999999999]]],[[[0.6366999999999996,40.581540000000004],[0.6369299999999998,40.58185],[0.6367699999999993,40.58193],[0.6366999999999996,40.581540000000004]]],[[[0.6337500000000007,40.58178],[0.6340800000000008,40.581689999999995],[0.6337400000000002,40.581939999999996],[0.6337500000000007,40.58178]]],[[[0.63873,40.58195],[0.6391599999999995,40.58199999999999],[0.6386299999999998,40.58215],[0.63873,40.58195]]],[[[0.6521100000000005,40.58219999999999],[0.6522100000000007,40.58238999999999],[0.6517900000000002,40.582449999999994],[0.6521100000000005,40.58219999999999]]],[[[0.6319000000000004,40.58135],[0.6330500000000004,40.58207],[0.6312000000000004,40.58212000000001],[0.6319000000000004,40.58135]]],[[[0.6344200000000013,40.58165],[0.6343700000000004,40.58221999999999],[0.6340700000000001,40.58234999999999],[0.6344200000000013,40.58165]]],[[[0.6422100000000013,40.581669999999995],[0.6420600000000006,40.58227000000001],[0.6415099999999998,40.58261],[0.6422100000000013,40.581669999999995]]],[[[0.6348200000000009,40.581869999999995],[0.6357099999999996,40.582259999999984],[0.6346199999999997,40.58248999999999],[0.6348200000000009,40.581869999999995]]],[[[0.6451100000000001,40.58244],[0.6454000000000001,40.58329],[0.6449100000000012,40.58309999999999],[0.6451100000000001,40.58244]]],[[[0.6497800000000009,40.58332],[0.6495600000000001,40.5829],[0.6500200000000005,40.58305],[0.6497800000000009,40.58332]]],[[[0.6554800000000002,40.58210999999999],[0.6534700000000004,40.58334000000001],[0.655790000000001,40.58132],[0.6554800000000002,40.58210999999999]]],[[[0.6431200000000002,40.58346000000001],[0.6428100000000014,40.58360999999999],[0.6431900000000004,40.58292999999999],[0.6431200000000002,40.58346000000001]]],[[[0.6453700000000003,40.583569999999995],[0.6445200000000009,40.584179999999996],[0.6440799999999998,40.58389],[0.6453700000000003,40.583569999999995]]],[[[0.6468400000000003,40.58407999999999],[0.6460500000000003,40.58457],[0.6460200000000001,40.58403],[0.6468400000000003,40.58407999999999]]],[[[0.6479500000000012,40.58338],[0.6476800000000004,40.58481999999999],[0.6470799999999994,40.584450000000004],[0.6479500000000012,40.58338]]],[[[0.6546200000000009,40.58373],[0.6497999999999997,40.585170000000005],[0.649010000000001,40.58431000000001],[0.6546200000000009,40.58373]]],[[[0.7165299999999999,40.603260000000006],[0.717230000000001,40.60276],[0.7170899999999997,40.60320000000001],[0.7165299999999999,40.603260000000006]]],[[[0.7072600000000001,40.63534],[0.7076800000000002,40.635279999999995],[0.7076300000000005,40.63561],[0.7072600000000001,40.63534]]],[[[0.7390200000000002,40.637469999999986],[0.7402699999999998,40.63741999999999],[0.7392000000000003,40.638259999999995],[0.7390200000000002,40.637469999999986]]],[[[0.2707099999999996,40.7676],[0.27743000000000095,40.77308],[0.27168000000000164,40.78029999999999],[0.23575999999999991,40.78033],[0.2256700000000001,40.76621],[0.2121199999999998,40.76759],[0.1900099999999991,40.75049],[0.1755699999999998,40.753620000000005],[0.17466999999999946,40.741189999999996],[0.15910000000000082,40.75018],[0.18172999999999978,40.72815000000001],[0.1910399999999982,40.73110000000001],[0.19765000000000035,40.72453000000001],[0.2263800000000002,40.73312999999999],[0.2360899999999999,40.70165],[0.26084000000000057,40.70576],[0.29203999999999974,40.68813000000001],[0.26782000000000067,40.65851],[0.2666500000000006,40.64358],[0.2818600000000003,40.62799],[0.3368300000000003,40.60882],[0.4017900000000003,40.60283999999999],[0.4055999999999992,40.59479],[0.44324000000000136,40.5787],[0.43442000000000025,40.567049999999995],[0.4387000000000004,40.5464],[0.5147100000000001,40.52294],[0.5382299999999997,40.56763],[0.5472800000000013,40.57301],[0.5513599999999999,40.56969999999999],[0.5564300000000004,40.571479999999994],[0.5478899999999997,40.57413],[0.5906299999999998,40.61295],[0.6045200000000002,40.60921999999999],[0.5931999999999996,40.61630000000001],[0.6065299999999996,40.62276999999999],[0.6085200000000002,40.616629999999994],[0.6078699999999999,40.62295],[0.6038199999999999,40.62259],[0.6005400000000003,40.62073],[0.6003900000000003,40.62162000000001],[0.6053000000000004,40.623180000000005],[0.6436900000000007,40.623149999999995],[0.6542099999999998,40.62669000000001],[0.6657000000000003,40.62543999999999],[0.6925200000000002,40.639309999999995],[0.7335800000000006,40.640699999999995],[0.7458100000000013,40.63659],[0.7079300000000007,40.591029999999996],[0.66016,40.591440000000006],[0.6571200000000004,40.57826],[0.6499300000000012,40.58112],[0.6498800000000003,40.57724999999999],[0.6476100000000002,40.57606],[0.6458899999999999,40.57683000000001],[0.6494000000000009,40.57459],[0.6484500000000007,40.57262000000001],[0.6339600000000005,40.576429999999995],[0.6180300000000014,40.58575999999999],[0.6183700000000004,40.57200999999999],[0.5919499999999998,40.579679999999996],[0.5963099999999998,40.565729999999995],[0.6157200000000002,40.55225],[0.6641200000000012,40.55828],[0.69717,40.57704],[0.75364,40.638209999999994],[0.8549500000000004,40.68486000000001],[0.8735700000000013,40.71688999999999],[0.8471299999999995,40.71683999999999],[0.7933900000000006,40.69429000000001],[0.752790000000001,40.70991],[0.6876900000000008,40.713359999999994],[0.6742099999999998,40.72112],[0.6117800000000002,40.70579],[0.5799300000000004,40.715740000000004],[0.5613900000000006,40.751769999999986],[0.5516699999999999,40.744159999999994],[0.5369499999999999,40.74813000000001],[0.5045099999999999,40.73879000000001],[0.44098999999999927,40.736250000000005],[0.4112400000000009,40.74134999999999],[0.3843000000000012,40.76282],[0.3305599999999995,40.76051999999999],[0.3117100000000009,40.745549999999994],[0.2901500000000006,40.75204],[0.2865499999999995,40.76873],[0.2707099999999996,40.7676]]]]},"properties":{"CODICOMAR":"22","NOMCOMAR":"Montsià"}},{"type":"Feature","geometry":{"type":"Polygon","coordinates":[[[1.1676000000000004,42.11884],[1.1574199999999997,42.12292],[1.1521300000000012,42.11592999999999],[1.1366900000000004,42.11556999999999],[1.0943500000000004,42.058119999999995],[1.078690000000001,42.0499],[1.0921100000000001,42.02795],[1.0754300000000006,42.005889999999994],[1.0692900000000005,42.03636999999999],[1.0216500000000006,42.03392],[1.0081400000000003,42.021770000000004],[0.9206200000000001,42.02204999999999],[0.8883899999999998,42.043209999999995],[0.8640900000000001,42.03576],[0.7634099999999996,42.03998],[0.7429400000000007,42.05257999999999],[0.6940700000000007,42.05929],[0.6802800000000009,42.07601],[0.6709900000000004,42.04641],[0.6568900000000002,42.040099999999995],[0.6524700000000007,42.0232],[0.6613399999999995,42.01041000000001],[0.6431100000000001,41.98288000000001],[0.6388599999999997,41.99474],[0.6215299999999998,41.99],[0.6055799999999999,41.95999],[0.5870100000000004,41.9665],[0.5614200000000016,41.93793999999998],[0.60759,41.919230000000006],[0.59498,41.91763],[0.6009100000000006,41.90817],[0.5920800000000005,41.884800000000006],[0.6083200000000013,41.878359999999994],[0.6073500000000005,41.871769999999984],[0.5798900000000009,41.86316999999998],[0.5780200000000001,41.826919999999994],[0.5868499999999994,41.8085],[0.6915500000000006,41.69805],[0.7268500000000002,41.700179999999996],[0.7418500000000009,41.7122],[0.7636599999999998,41.685619999999986],[0.7746599999999997,41.68736],[0.7782099999999994,41.69928],[0.8095499999999995,41.70007000000001],[0.8130200000000014,41.71305],[0.8568699999999997,41.71118],[0.8656900000000008,41.724309999999996],[0.8527300000000004,41.72575],[0.8639599999999994,41.74097],[0.9133800000000001,41.73765999999999],[0.9277799999999995,41.70644],[0.9706600000000001,41.703649999999996],[0.9824399999999999,41.71309],[0.9830999999999999,41.731770000000004],[0.9604600000000003,41.732369999999996],[0.9572699999999995,41.74403999999999],[0.9710900000000007,41.75449999999999],[0.9875699999999998,41.774319999999996],[1.0077300000000007,41.770990000000005],[1.0197400000000003,41.77688],[1.0333600000000007,41.76882],[1.0606800000000005,41.792950000000005],[1.0994999999999993,41.85668999999999],[1.1155800000000005,41.854069999999986],[1.1245400000000005,41.83301],[1.1142400000000003,41.82155999999999],[1.1031199999999994,41.82774],[1.0987399999999998,41.81148999999999],[1.1335399999999993,41.80444000000001],[1.1446800000000001,41.81996999999999],[1.1527800000000001,41.818529999999996],[1.1362700000000001,41.80116],[1.1402900000000007,41.78572],[1.1636200000000012,41.78143],[1.2024700000000001,41.81508],[1.2117600000000006,41.81155],[1.2222900000000008,41.818400000000004],[1.23935,41.84508999999999],[1.2837300000000003,41.87743],[1.2953899999999998,41.92157000000001],[1.31352,41.94782],[1.2856000000000005,41.95850999999999],[1.2480300000000002,41.939879999999995],[1.2636800000000001,41.99761],[1.23653,42.02035999999999],[1.23664,42.06508000000001],[1.2214300000000002,42.07195],[1.22097,42.079600000000006],[1.20656,42.07925],[1.2000400000000004,42.089999999999996],[1.1667399999999999,42.082339999999995],[1.1676000000000004,42.11884]],[[1.0197500000000004,41.84789999999999],[1.055360000000001,41.857549999999996],[1.0666000000000013,41.83523],[1.05443,41.83704],[1.02934,41.81943999999999],[1.0197500000000004,41.84789999999999]],[[0.9526200000000006,41.74711],[0.9680900000000002,41.75650000000001],[0.9791400000000007,41.77549],[0.9700699999999998,41.75619999999999],[0.9526200000000006,41.74711]]]},"properties":{"CODICOMAR":"23","NOMCOMAR":"Noguera"}},{"type":"Feature","geometry":{"type":"Polygon","coordinates":[[[2.3727,42.17229999999999],[2.3039000000000005,42.15908],[2.2958,42.16569],[2.26489,42.16418000000001],[2.2910800000000004,42.156729999999996],[2.27755,42.14990999999999],[2.2947500000000005,42.14928999999999],[2.28592,42.14007999999999],[2.22234,42.1422],[2.2098800000000005,42.13958999999999],[2.21298,42.1289],[2.20372,42.13145999999999],[2.20053,42.12397],[2.18873,42.124289999999995],[2.1809199999999995,42.13525],[2.14357,42.130919999999996],[2.12585,42.11240999999999],[2.13004,42.10043000000001],[2.1124099999999997,42.09987000000002],[2.10507,42.085449999999994],[2.1355300000000006,42.057539999999996],[2.12391,42.04925999999999],[2.13175,42.0255],[2.1805400000000006,42.04194999999999],[2.2000300000000004,42.018260000000005],[2.19335,42.00800000000001],[2.17577,42.002810000000004],[2.1547500000000004,42.01101],[2.13301,42.00051],[2.12149,41.96670999999999],[2.13119,41.964439999999996],[2.1396000000000006,41.94462000000001],[2.1228999999999996,41.94414999999999],[2.09038,41.915049999999994],[2.09167,41.90456999999999],[2.1048500000000003,41.90332999999999],[2.1370200000000006,41.913320000000006],[2.1399,41.89188999999999],[2.123,41.88563],[2.1462,41.8526],[2.1796999999999995,41.85258],[2.18631,41.85989999999999],[2.19653,41.8361],[2.17562,41.79825],[2.18601,41.789179999999995],[2.18447,41.74267],[2.1932700000000005,41.73063],[2.2623500000000005,41.730639999999994],[2.2517700000000005,41.76286],[2.27248,41.77056999999999],[2.30368,41.79851000000001],[2.3281900000000006,41.78879],[2.3343599999999998,41.76364999999999],[2.36339,41.76833],[2.3622199999999998,41.78987999999999],[2.3826799999999997,41.80880000000001],[2.41841,41.80449999999999],[2.40739,41.823069999999994],[2.4242599999999994,41.839470000000006],[2.41812,41.85068],[2.44615,41.85981],[2.45375,41.86966],[2.4459800000000005,41.89441999999999],[2.4789500000000007,41.91624000000001],[2.4791,41.93084000000001],[2.4571000000000005,41.94344999999999],[2.4423800000000004,41.94143],[2.4414400000000005,41.959909999999994],[2.42728,41.968949999999985],[2.43917,41.97339000000001],[2.45225,41.965889999999995],[2.4679900000000004,41.96812],[2.4880200000000006,41.98485],[2.4688100000000004,41.99374],[2.4990500000000004,42.0015],[2.4946700000000006,42.01743999999999],[2.5060899999999995,42.032299999999985],[2.48128,42.05073999999998],[2.49614,42.05901000000001],[2.47886,42.0752],[2.4582100000000002,42.07912000000001],[2.4268700000000005,42.06127999999999],[2.41132,42.06880999999999],[2.3945000000000003,42.08676],[2.40017,42.102759999999996],[2.37658,42.10546000000001],[2.3810600000000006,42.12368],[2.35077,42.13766999999999],[2.35789,42.15695999999999],[2.3844700000000003,42.1635],[2.3727,42.17229999999999]]]},"properties":{"CODICOMAR":"24","NOMCOMAR":"Osona"}},{"type":"Feature","geometry":{"type":"MultiPolygon","coordinates":[[[[0.8088299999999996,42.35734999999999],[0.7710300000000005,42.37498999999999],[0.7618600000000002,42.364779999999996],[0.7713600000000002,42.34644999999999],[0.7953000000000005,42.34734000000001],[0.8088299999999996,42.35734999999999]]],[[[1.0013800000000008,42.537969999999994],[0.9854299999999998,42.55368],[0.9661000000000004,42.54952999999998],[0.9546200000000005,42.538790000000006],[0.9570400000000001,42.529630000000004],[0.9225699999999996,42.5083],[0.921550000000001,42.48508999999999],[0.8944200000000002,42.47979000000001],[0.8804700000000003,42.46013000000001],[0.8559400000000008,42.45468],[0.8711400000000002,42.44601000000001],[0.8625900000000004,42.4301],[0.8290700000000003,42.42470999999998],[0.8223000000000001,42.41552999999999],[0.8343100000000012,42.40353999999999],[0.8224100000000009,42.391499999999986],[0.8396200000000009,42.373319999999985],[0.8620900000000006,42.36705],[0.8728200000000004,42.34139999999999],[0.891690000000001,42.33502999999999],[0.8865600000000001,42.30508999999999],[0.8738699999999999,42.29875],[0.8468800000000005,42.31437],[0.8105800000000003,42.31643999999999],[0.7710900000000004,42.33307],[0.7758500000000006,42.3409],[0.7621900000000003,42.34827000000001],[0.74165,42.33617],[0.7435099999999999,42.32791999999999],[0.7656699999999999,42.32282],[0.7443900000000003,42.30124000000001],[0.7343400000000004,42.25073999999999],[0.7143000000000002,42.223859999999995],[0.6978099999999996,42.17244999999999],[0.7139599999999999,42.163079999999994],[0.6956400000000001,42.15149],[0.7022499999999999,42.11672999999999],[0.6802800000000009,42.07601],[0.6940700000000007,42.05929],[0.7429400000000007,42.05257999999999],[0.7634099999999996,42.03998],[0.8640900000000001,42.03576],[0.8883899999999998,42.043209999999995],[0.9206200000000001,42.02204999999999],[1.0081400000000003,42.021770000000004],[1.0216500000000006,42.03392],[1.0692900000000005,42.03636999999999],[1.0754300000000006,42.005889999999994],[1.0921100000000001,42.02795],[1.0783399999999999,42.049389999999995],[1.0943500000000004,42.058119999999995],[1.1366900000000004,42.11556999999999],[1.1564699999999997,42.119499999999995],[1.1605400000000001,42.150819999999996],[1.1737,42.1536],[1.1865300000000005,42.17575],[1.1605100000000004,42.19004999999999],[1.1682200000000005,42.21540999999999],[1.1407000000000003,42.23183],[1.14006,42.23815999999999],[1.1583699999999997,42.24649],[1.1492500000000003,42.261029999999984],[1.116300000000001,42.27301],[1.0648899999999994,42.275929999999995],[0.9772799999999996,42.29708],[0.973550000000001,42.313669999999995],[0.9672800000000003,42.3116],[0.9523299999999997,42.32784],[0.9576099999999996,42.33892999999999],[0.9762499999999997,42.33851],[0.9918599999999994,42.347710000000006],[1.005670000000001,42.38966999999999],[1.0436699999999992,42.41763000000001],[1.01672,42.43757000000001],[1.0271600000000007,42.52448],[1.0120600000000002,42.5397],[1.0013800000000008,42.537969999999994]]]]},"properties":{"CODICOMAR":"25","NOMCOMAR":"Pallars Jussà"}},{"type":"Feature","geometry":{"type":"Polygon","coordinates":[[[1.1288200000000006,42.75468999999999],[1.0777999999999996,42.78832],[1.0438400000000003,42.7811],[1.03723,42.78695],[1.0272800000000002,42.766310000000004],[1.0285400000000002,42.70999],[1.0060400000000005,42.712849999999996],[0.9761600000000005,42.69338],[0.9862200000000001,42.68391999999999],[0.9608900000000009,42.630799999999994],[0.9688100000000005,42.60886],[0.9370400000000013,42.58825999999999],[0.9692700000000012,42.57409999999999],[0.9727299999999993,42.551749999999984],[0.9854299999999998,42.55368],[1.0271600000000007,42.52448],[1.01672,42.43757000000001],[1.0436699999999997,42.417759999999994],[1.005670000000001,42.38966999999999],[0.9918599999999994,42.347710000000006],[0.9762499999999997,42.33851],[0.9576099999999996,42.33892999999999],[0.9523299999999997,42.32784],[0.9672800000000003,42.3116],[0.973550000000001,42.313669999999995],[0.9772799999999996,42.29708],[1.0648899999999994,42.275929999999995],[1.116300000000001,42.27301],[1.1513299999999995,42.25905],[1.15733,42.278459999999995],[1.1225300000000002,42.29560000000001],[1.1343999999999992,42.307370000000006],[1.1653800000000003,42.309279999999994],[1.1883300000000008,42.34890999999998],[1.2363400000000002,42.36939999999999],[1.2447,42.41537000000001],[1.26156,42.41982],[1.2562000000000004,42.45238],[1.2717100000000003,42.44259],[1.29431,42.449369999999995],[1.3207300000000002,42.445609999999995],[1.3455400000000004,42.481269999999995],[1.3567400000000007,42.48243],[1.3645800000000003,42.49346],[1.3630000000000004,42.51883],[1.3836200000000003,42.51462],[1.3944200000000004,42.52642000000001],[1.40754,42.52745],[1.4240900000000005,42.55693999999999],[1.4444799999999993,42.56862],[1.4264800000000006,42.58279999999999],[1.4430700000000003,42.60258000000001],[1.4206300000000003,42.62479],[1.4137600000000001,42.65523999999999],[1.3874700000000009,42.66862],[1.3891799999999999,42.68708],[1.3526499999999995,42.70082000000001],[1.357320000000001,42.719459999999984],[1.3323200000000006,42.72476000000001],[1.2528999999999995,42.71482999999999],[1.2270900000000007,42.72621],[1.1704700000000001,42.70793],[1.1333900000000006,42.72808],[1.1288200000000006,42.75468999999999]]]},"properties":{"CODICOMAR":"26","NOMCOMAR":"Pallars Sobirà"}},{"type":"Feature","geometry":{"type":"MultiPolygon","coordinates":[[[[1.1001400000000006,41.702729999999995],[1.07866,41.7021],[1.0552200000000003,41.68279],[1.0773600000000008,41.686789999999995],[1.1001400000000006,41.702729999999995]]],[[[0.9133800000000001,41.73765999999999],[0.8639599999999994,41.74097],[0.8554200000000002,41.73116999999999],[0.8529499999999997,41.72556999999999],[0.8656900000000008,41.724309999999996],[0.8568699999999997,41.71118],[0.8130200000000014,41.71305],[0.8095499999999995,41.70007000000001],[0.7782099999999994,41.69928],[0.7764300000000003,41.68817],[0.7636599999999998,41.685619999999986],[0.7642400000000004,41.66522],[0.7374500000000009,41.66165999999998],[0.7294299999999999,41.63353000000001],[0.7487200000000009,41.62919],[0.7613900000000005,41.58780999999999],[0.7445999999999997,41.58851],[0.7323600000000005,41.566759999999995],[0.7647300000000005,41.55703],[0.7664500000000005,41.55038],[0.7775400000000001,41.5502],[0.7792500000000011,41.56736],[0.7889699999999998,41.56311000000001],[0.797260000000001,41.57059999999999],[0.8314800000000001,41.57051],[0.8381200000000001,41.56455],[0.8776900000000002,41.58586],[0.8888499999999998,41.57436],[0.9169900000000001,41.58881],[0.9643999999999999,41.57936],[0.9758099999999997,41.59154],[0.9692300000000005,41.62952],[0.9849100000000007,41.637039999999985],[0.9907300000000001,41.650670000000005],[1.0010000000000003,41.651089999999996],[1.0062500000000005,41.67805],[1.0257299999999996,41.67039],[1.0371,41.678929999999994],[1.0416200000000004,41.687549999999995],[1.0197600000000002,41.69593],[1.0093500000000002,41.688790000000004],[0.9985999999999999,41.69185000000001],[1.0281600000000002,41.711119999999994],[0.9984,41.69812999999999],[0.9742100000000002,41.70634999999999],[0.9400299999999997,41.70119],[0.9155899999999999,41.71931000000001],[0.9133800000000001,41.73765999999999]],[[0.768440000000001,41.58828],[0.7825800000000005,41.60926],[0.81675,41.61456],[0.8038400000000001,41.590149999999994],[0.7821699999999998,41.58181999999999],[0.768440000000001,41.58828]]]]},"properties":{"CODICOMAR":"27","NOMCOMAR":"Pla d'Urgell"}},{"type":"Feature","geometry":{"type":"Polygon","coordinates":[[[2.7862200000000006,42.19877999999999],[2.77918,42.212309999999995],[2.76646,42.20322999999999],[2.7707800000000002,42.18967],[2.7408800000000006,42.18092999999999],[2.7216999999999993,42.184439999999995],[2.71065,42.17493],[2.6841700000000004,42.17083000000001],[2.66675,42.17636000000001],[2.6686,42.15885000000001],[2.6579100000000007,42.15388999999999],[2.6542199999999996,42.13611000000001],[2.6659,42.1236],[2.63634,42.087569999999985],[2.68091,42.082640000000005],[2.6916100000000003,42.09288],[2.71633,42.09208],[2.7321299999999997,42.08602],[2.72925,42.079309999999985],[2.75811,42.071619999999996],[2.7667000000000006,42.05695],[2.77894,42.05745999999999],[2.77982,42.04433],[2.79936,42.03167000000001],[2.80399,42.039799999999985],[2.8363600000000004,42.040659999999995],[2.8301199999999995,42.05489000000001],[2.8472399999999998,42.05562],[2.85692,42.07822],[2.8754700000000004,42.06648],[2.8932700000000002,42.070930000000004],[2.90428,42.11062],[2.9011800000000005,42.13876],[2.8884600000000002,42.14994999999999],[2.8971900000000006,42.16644],[2.89211,42.178779999999996],[2.87611,42.18349999999999],[2.87901,42.19442],[2.8639900000000003,42.20101999999999],[2.84915,42.180299999999995],[2.8333000000000004,42.17918999999999],[2.8349299999999995,42.201969999999996],[2.7862200000000006,42.19877999999999]]]},"properties":{"CODICOMAR":"28","NOMCOMAR":"Pla de l'Estany"}},{"type":"Feature","geometry":{"type":"Polygon","coordinates":[[[0.8632700000000009,41.33811],[0.8400600000000001,41.36181],[0.829040000000001,41.35711],[0.81893,41.328359999999996],[0.7623600000000001,41.33447],[0.7505600000000004,41.32459],[0.7502300000000001,41.31161],[0.7136700000000002,41.302489999999985],[0.69592,41.281659999999995],[0.7012300000000009,41.26024999999999],[0.6851199999999997,41.24523],[0.6870000000000007,41.22445999999999],[0.7047699999999997,41.216100000000004],[0.6585700000000003,41.18548],[0.6955100000000006,41.14171000000001],[0.6924300000000005,41.13179],[0.7128200000000005,41.117000000000004],[0.7123800000000005,41.10520999999999],[0.7329500000000003,41.102700000000006],[0.7567800000000011,41.084599999999995],[0.7667700000000003,41.094319999999996],[0.7704700000000003,41.08377999999999],[0.8050499999999997,41.06680999999999],[0.8236700000000002,41.07694],[0.8262300000000004,41.097809999999996],[0.8429000000000001,41.09982],[0.8265999999999994,41.11972],[0.8567600000000001,41.11073999999999],[0.8777100000000009,41.11069999999999],[0.8849700000000008,41.11746999999998],[0.9065899999999999,41.17947000000001],[0.8772599999999999,41.18808000000001],[0.8803100000000001,41.19445000000001],[0.9066100000000006,41.19443999999999],[0.9225600000000002,41.20318999999999],[0.9097700000000004,41.23786],[0.9427900000000002,41.24472000000001],[0.9758099999999997,41.26198999999998],[0.9731000000000004,41.29454],[0.9602800000000002,41.29946999999999],[0.94491,41.28974999999999],[0.9354700000000005,41.32045],[0.9063600000000005,41.327740000000006],[0.9049300000000001,41.347570000000005],[0.8632700000000009,41.33811]]]},"properties":{"CODICOMAR":"29","NOMCOMAR":"Priorat"}},{"type":"Feature","geometry":{"type":"Polygon","coordinates":[[[0.5031399999999998,41.28978000000001],[0.46162000000000064,41.335069999999995],[0.44132000000000043,41.32556],[0.43224999999999997,41.31166],[0.4325300000000003,41.27594],[0.3856900000000004,41.27855],[0.37988000000000005,41.27100999999999],[0.37361999999999906,41.24833999999999],[0.38183000000000067,41.23516999999999],[0.3720000000000004,41.23031999999999],[0.36642999999999953,41.20833],[0.4305100000000008,41.228629999999995],[0.4557900000000003,41.21454000000001],[0.45936000000000154,41.204759999999986],[0.4950199999999998,41.19677999999999],[0.50124,41.15688999999999],[0.4882300000000008,41.14203],[0.5535400000000011,41.11746999999999],[0.5205799999999996,41.07551999999999],[0.4998100000000005,41.06323],[0.5270800000000005,41.06277999999999],[0.5672600000000001,41.0245],[0.5701500000000003,41.01838],[0.5591300000000003,41.01485999999999],[0.5762800000000001,40.99566999999999],[0.5652400000000006,40.98485],[0.5836599999999998,40.97549],[0.5834500000000004,40.95761999999999],[0.5929499999999999,40.95056],[0.5871899999999988,40.94076],[0.6114300000000003,40.93029],[0.6713999999999999,40.94567],[0.7395100000000012,40.93899999999999],[0.7502199999999994,40.93239],[0.81882,40.94072999999999],[0.7761700000000004,40.99258],[0.7828999999999999,41.030989999999996],[0.8149500000000013,41.06182],[0.8354600000000001,41.05263],[0.8525000000000003,41.05644],[0.8535700000000005,41.07886],[0.8636,41.08663000000001],[0.8702500000000001,41.07347000000001],[0.8731800000000002,41.083830000000006],[0.8429000000000001,41.09982],[0.8262300000000004,41.097809999999996],[0.8236700000000002,41.07694],[0.8050499999999997,41.06680999999999],[0.7704700000000003,41.08377999999999],[0.7667700000000003,41.094319999999996],[0.7604300000000003,41.08449],[0.7513400000000002,41.08612],[0.7329500000000003,41.102700000000006],[0.7123800000000005,41.10520999999999],[0.7128200000000005,41.117000000000004],[0.6924300000000005,41.13179],[0.6955100000000006,41.14171000000001],[0.6585700000000003,41.18548],[0.7047699999999997,41.216100000000004],[0.6858300000000002,41.22975],[0.6851199999999997,41.24523],[0.7012300000000009,41.26024999999999],[0.69592,41.281659999999995],[0.7136700000000002,41.302489999999985],[0.7502300000000001,41.31161],[0.7514099999999995,41.318160000000006],[0.6707300000000005,41.30972],[0.6194700000000007,41.29099999999999],[0.5970600000000006,41.29344999999999],[0.5808500000000003,41.31989],[0.5544800000000006,41.32659],[0.52621,41.290199999999984],[0.5031399999999998,41.28978000000001]]]},"properties":{"CODICOMAR":"30","NOMCOMAR":"Ribera d'Ebre"}},{"type":"Feature","geometry":{"type":"MultiPolygon","coordinates":[[[[2.0295,42.12776],[2.0023799999999996,42.125339999999994],[2.0076200000000006,42.10648],[2.02948,42.121080000000006],[2.0295,42.12776]]],[[[2.2954000000000003,42.42293999999999],[2.2571099999999995,42.43861],[2.24641,42.428920000000005],[2.20145,42.41643999999999],[2.1488700000000005,42.42093999999999],[2.1255700000000006,42.40979999999999],[2.1165,42.38324],[2.0903700000000005,42.374],[2.0848600000000004,42.36193],[2.0233600000000003,42.355599999999995],[2.00682,42.34306],[1.9879100000000003,42.34353999999999],[1.9883399999999998,42.33255],[1.9611999999999996,42.33188],[1.95535,42.3121],[1.9693900000000004,42.30325],[1.9837500000000006,42.29901],[2.0187200000000005,42.31032999999999],[2.07022,42.28955],[2.0426599999999997,42.26952000000001],[2.024799999999999,42.23261999999999],[2.0175299999999994,42.23225999999999],[2.0300600000000006,42.215630000000004],[2.0531100000000007,42.219449999999995],[2.05285,42.19742],[2.0634200000000003,42.19152],[2.0571200000000003,42.17476],[2.0375300000000007,42.17855999999999],[2.0234,42.16481],[2.0046600000000003,42.162459999999996],[1.9959000000000002,42.17201],[2.00533,42.18270999999999],[1.99767,42.19133999999999],[2.00773,42.19364],[1.9646499999999998,42.198829999999994],[1.9653499999999997,42.17953999999999],[1.9881600000000004,42.18148000000001],[2.00409,42.14975],[2.0276500000000004,42.15281999999999],[2.06115,42.13516],[2.0941099999999997,42.14192],[2.099920000000001,42.12505999999999],[2.12585,42.11240999999999],[2.14357,42.130919999999996],[2.1634,42.13497999999999],[2.18648,42.13398],[2.18873,42.124289999999995],[2.20053,42.12397],[2.20372,42.13145999999999],[2.21298,42.1289],[2.2098800000000005,42.13958999999999],[2.22234,42.1422],[2.28592,42.14007999999999],[2.2947500000000005,42.14928999999999],[2.27755,42.14990999999999],[2.2910800000000004,42.156729999999996],[2.26489,42.16418000000001],[2.2958,42.16569],[2.3039000000000005,42.15908],[2.3612,42.17151],[2.3602599999999994,42.18833],[2.3326900000000004,42.21065999999998],[2.3692599999999997,42.21536999999999],[2.3765,42.2269],[2.3482,42.228199999999994],[2.3434600000000003,42.239619999999995],[2.3844,42.25561999999999],[2.37566,42.26505000000001],[2.40616,42.27432],[2.4083,42.28339],[2.4319,42.28656000000001],[2.46335,42.279529999999994],[2.4853399999999994,42.28834],[2.4797299999999995,42.30291999999999],[2.4965,42.29888],[2.5038799999999997,42.30413],[2.5087700000000006,42.28134],[2.5344700000000002,42.27955999999999],[2.5578599999999994,42.28712],[2.5240600000000004,42.291799999999995],[2.51992,42.32686999999999],[2.52652,42.33341999999999],[2.50075,42.34288],[2.4809200000000002,42.341029999999996],[2.46629,42.360569999999996],[2.4334800000000003,42.377159999999996],[2.43331,42.39416],[2.3696299999999995,42.40093999999999],[2.3123900000000006,42.42832],[2.2954000000000003,42.42293999999999]]]]},"properties":{"CODICOMAR":"31","NOMCOMAR":"Ripollès"}},{"type":"Feature","geometry":{"type":"Polygon","coordinates":[[[1.319760000000001,41.89197999999999],[1.3114300000000003,41.91931],[1.2953899999999998,41.92157000000001],[1.28262,41.876049999999985],[1.23935,41.84508999999999],[1.2158600000000002,41.813050000000004],[1.2024700000000001,41.81508],[1.1702499999999998,41.78705999999999],[1.1738900000000008,41.763799999999996],[1.1611199999999997,41.75816],[1.1798099999999998,41.74874000000001],[1.15658,41.712469999999996],[1.1787299999999998,41.70982],[1.1966300000000005,41.72096],[1.2064699999999997,41.71665],[1.1848800000000004,41.67640999999999],[1.1866200000000005,41.61989],[1.1674700000000005,41.61348999999999],[1.16703,41.60220999999999],[1.210960000000001,41.58806],[1.2196900000000004,41.569720000000004],[1.27091,41.57205],[1.2940500000000004,41.56638999999999],[1.3042400000000007,41.571459999999995],[1.37086,41.5653],[1.39166,41.5562],[1.4031900000000002,41.55788],[1.39227,41.5788],[1.4077699999999997,41.590740000000004],[1.4073300000000009,41.60034],[1.3605300000000007,41.61373999999999],[1.3915000000000006,41.63432999999999],[1.43057,41.62982],[1.4489100000000001,41.63667000000001],[1.4507199999999998,41.64635],[1.4330000000000003,41.65153],[1.4155000000000004,41.674699999999994],[1.42329,41.68405],[1.4042199999999998,41.686159999999994],[1.3958100000000004,41.69564999999999],[1.4002100000000002,41.70432],[1.38252,41.70668],[1.4244700000000006,41.732669999999985],[1.4028799999999997,41.74556],[1.4139300000000004,41.77651999999999],[1.4024700000000005,41.78622],[1.4039000000000004,41.805339999999994],[1.3735800000000007,41.778690000000005],[1.3603600000000007,41.79017],[1.37434,41.81665999999999],[1.3575400000000004,41.81463],[1.3202000000000007,41.83029999999999],[1.3432400000000004,41.85998],[1.33533,41.90083],[1.319760000000001,41.89197999999999]]]},"properties":{"CODICOMAR":"32","NOMCOMAR":"Segarra"}},{"type":"Feature","geometry":{"type":"MultiPolygon","coordinates":[[[[0.7828100000000002,41.58231],[0.8038400000000001,41.590149999999994],[0.81675,41.61456],[0.7825800000000005,41.60926],[0.7670299999999999,41.58752],[0.7828100000000002,41.58231]]],[[[0.5800800000000007,41.823359999999994],[0.5800300000000003,41.850809999999996],[0.5569000000000002,41.853770000000004],[0.5441099999999998,41.82135],[0.5155300000000002,41.82209],[0.4865499999999998,41.80305],[0.4698200000000005,41.765429999999995],[0.3990600000000011,41.755839999999985],[0.39524000000000126,41.73181999999999],[0.38520999999999933,41.739619999999995],[0.3682100000000007,41.713649999999994],[0.3283199999999996,41.68152999999999],[0.3263000000000001,41.662560000000006],[0.3582499999999997,41.63197],[0.3468000000000007,41.622389999999996],[0.3497900000000011,41.599549999999994],[0.40220999999999957,41.59262],[0.42881000000000064,41.602199999999996],[0.43616000000000027,41.58489],[0.4301000000000009,41.56510999999999],[0.44617000000000023,41.543009999999995],[0.39650999999999953,41.49036],[0.34278999999999943,41.48396],[0.3450899999999997,41.46212],[0.3566900000000001,41.451449999999994],[0.34341999999999967,41.41489000000001],[0.3200199999999995,41.39419],[0.35830000000000095,41.37198999999999],[0.37442000000000036,41.35212],[0.3486100000000012,41.327909999999996],[0.3678999999999999,41.31928],[0.3654700000000005,41.30371999999999],[0.3856900000000004,41.27855],[0.43245000000000083,41.275879999999994],[0.4346199999999999,41.3203],[0.46162000000000064,41.335069999999995],[0.5031399999999998,41.28978000000001],[0.52621,41.290199999999984],[0.5544800000000006,41.32659],[0.5808500000000003,41.31989],[0.5845100000000009,41.376250000000006],[0.61881,41.39305],[0.6299700000000005,41.40959999999999],[0.6209299999999989,41.434650000000005],[0.6273800000000002,41.45023],[0.6635000000000011,41.45775],[0.6729000000000004,41.47953999999999],[0.6924100000000002,41.47683],[0.7101500000000003,41.524980000000006],[0.7315599999999987,41.52034],[0.7562499999999999,41.535059999999994],[0.756050000000001,41.55035],[0.7644600000000007,41.55134],[0.7647300000000005,41.55703],[0.7323600000000005,41.566759999999995],[0.7445999999999997,41.58851],[0.7613900000000005,41.58780999999999],[0.7487200000000009,41.62919],[0.7286900000000001,41.63793999999999],[0.7374500000000009,41.66165999999998],[0.7642400000000004,41.66522],[0.7608500000000011,41.690929999999994],[0.7418500000000009,41.7122],[0.7268500000000002,41.700179999999996],[0.6915500000000006,41.69805],[0.6213000000000001,41.76635],[0.5800800000000007,41.823359999999994]]]]},"properties":{"CODICOMAR":"33","NOMCOMAR":"Segrià"}},{"type":"Feature","geometry":{"type":"MultiPolygon","coordinates":[[[[2.79214,41.67049],[2.7924800000000003,41.670449999999995],[2.7923500000000003,41.6708],[2.79214,41.67049]]],[[[2.80321,41.67305],[2.8037900000000002,41.67324],[2.80312,41.67312],[2.80321,41.67305]]],[[[2.80727,41.67696],[2.8082699999999994,41.677229999999994],[2.8079,41.67751],[2.80727,41.67696]]],[[[2.8154900000000005,41.681969999999986],[2.8160000000000003,41.682109999999994],[2.8155100000000006,41.682179999999995],[2.8154900000000005,41.681969999999986]]],[[[2.8158899999999996,41.68279999999999],[2.81616,41.68303000000001],[2.81584,41.68285],[2.8158899999999996,41.68279999999999]]],[[[2.81867,41.68683],[2.81874,41.68657999999999],[2.8191199999999994,41.68688],[2.81867,41.68683]]],[[[2.8268799999999996,41.69002],[2.8273199999999994,41.69018],[2.8267200000000003,41.69022999999999],[2.8268799999999996,41.69002]]],[[[2.8290700000000006,41.69097],[2.8295300000000005,41.69107999999999],[2.82916,41.69127999999999],[2.8290700000000006,41.69097]]],[[[2.87187,41.700190000000006],[2.87235,41.70020999999999],[2.8721999999999994,41.700410000000005],[2.87187,41.700190000000006]]],[[[2.8863100000000004,41.70146],[2.88677,41.7014],[2.8869000000000002,41.70150000000001],[2.8863100000000004,41.70146]]],[[[2.8786300000000002,41.70154],[2.87937,41.701510000000006],[2.8793,41.701649999999994],[2.8786300000000002,41.70154]]],[[[2.89262,41.703689999999995],[2.89296,41.70357],[2.8929899999999997,41.70381],[2.89262,41.703689999999995]]],[[[2.8958200000000005,41.70376],[2.8962800000000004,41.70374],[2.8963399999999995,41.70385999999999],[2.8958200000000005,41.70376]]],[[[2.91155,41.70771],[2.91231,41.70756],[2.9115800000000003,41.70776000000001],[2.91155,41.70771]]],[[[2.9266100000000006,41.713570000000004],[2.92737,41.71353999999999],[2.9266699999999997,41.71371000000001],[2.9266100000000006,41.713570000000004]]],[[[2.9396000000000004,41.720189999999995],[2.9403400000000004,41.720139999999994],[2.9399800000000003,41.720659999999995],[2.9396000000000004,41.720189999999995]]],[[[2.9410900000000004,41.72464],[2.94131,41.7244],[2.9414100000000003,41.72451],[2.9410900000000004,41.72464]]],[[[2.94576,41.7258],[2.9461599999999994,41.72588],[2.94581,41.72596999999999],[2.94576,41.7258]]],[[[2.96503,41.74529],[2.96547,41.74518999999999],[2.9654600000000007,41.745360000000005],[2.96503,41.74529]]],[[[2.52447,42.03452000000001],[2.49614,42.05901000000001],[2.48195,42.05168],[2.5060899999999995,42.032299999999985],[2.4946700000000006,42.01743999999999],[2.4990500000000004,42.0015],[2.4688100000000004,41.99374],[2.4880200000000006,41.98485],[2.47162,41.96919],[2.42728,41.968949999999985],[2.4414400000000005,41.959909999999994],[2.4423800000000004,41.94143],[2.47018,41.93914000000001],[2.4796800000000006,41.92170999999999],[2.46814,41.90423],[2.4457500000000003,41.89402],[2.45375,41.86966],[2.44615,41.85981],[2.41812,41.85068],[2.4242599999999994,41.839470000000006],[2.40739,41.823069999999994],[2.41841,41.80449999999999],[2.43887,41.80124],[2.4555000000000002,41.78442],[2.47253,41.78959999999999],[2.46924,41.77792999999999],[2.4905500000000003,41.765429999999995],[2.51593,41.76153000000001],[2.51504,41.74862999999999],[2.5305300000000006,41.73923],[2.53837,41.72148],[2.59894,41.72833],[2.5878999999999994,41.70023],[2.59968,41.68381999999999],[2.6137700000000006,41.69252000000001],[2.63301,41.68983999999999],[2.65008,41.720259999999996],[2.6701,41.71439],[2.72405,41.7444],[2.7442099999999994,41.734880000000004],[2.7760199999999995,41.73494999999999],[2.76586,41.72570000000001],[2.77452,41.700289999999995],[2.75785,41.67939999999999],[2.77777,41.65039],[2.7889200000000005,41.66999],[2.81941,41.68894],[2.85109,41.69911999999999],[2.88114,41.704040000000006],[2.8873800000000003,41.70152999999999],[2.9034400000000002,41.71032000000001],[2.9351299999999996,41.715289999999996],[2.93481,41.72032999999999],[2.97115,41.75308],[2.9501100000000005,41.76834],[2.92819,41.75752],[2.90238,41.772420000000004],[2.8712000000000004,41.77277],[2.85367,41.79403],[2.8725600000000004,41.81505000000001],[2.8659700000000004,41.81019],[2.8481000000000005,41.81417999999999],[2.86204,41.848819999999996],[2.83513,41.86136],[2.8192199999999996,41.85126999999999],[2.8127800000000005,41.85989],[2.81659,41.91226],[2.80371,41.91436000000001],[2.7800700000000003,41.90336],[2.7473699999999996,41.92599],[2.6978700000000004,41.92429],[2.69723,41.93753000000001],[2.66069,41.95953999999999],[2.6740100000000004,41.97382999999999],[2.6586300000000005,41.99982],[2.6616900000000006,42.016670000000005],[2.62828,42.012209999999996],[2.59812,42.049569999999996],[2.5872900000000003,42.03674999999999],[2.55718,42.04484999999999],[2.54485,42.02949000000001],[2.52447,42.03452000000001]]]]},"properties":{"CODICOMAR":"34","NOMCOMAR":"Selva"}},{"type":"Feature","geometry":{"type":"MultiPolygon","coordinates":[[[[1.7249700000000001,41.89279],[1.7086300000000003,41.89704],[1.7064600000000005,41.888459999999995],[1.7191700000000005,41.88266],[1.7249700000000001,41.89279]]],[[[1.6416500000000005,42.19667],[1.5528399999999998,42.21004],[1.5284400000000005,42.204710000000006],[1.52038,42.18437],[1.4516500000000006,42.14716],[1.4244000000000006,42.160059999999994],[1.3957200000000003,42.15055999999999],[1.3784600000000007,42.154779999999995],[1.3575700000000008,42.14794999999999],[1.36658,42.13937],[1.3619900000000005,42.12997],[1.3268400000000002,42.11512999999999],[1.33101,42.08002],[1.3497000000000001,42.07303000000001],[1.3577700000000006,42.07749],[1.3626300000000002,42.00001999999999],[1.3328100000000005,41.99088999999999],[1.3091799999999998,41.99484],[1.3048099999999998,41.991920000000015],[1.3097700000000005,41.98821000000001],[1.2913800000000004,41.95852],[1.3135399999999997,41.947140000000005],[1.2953899999999998,41.92157000000001],[1.3114300000000003,41.91931],[1.3229600000000004,41.88954999999999],[1.33533,41.90083],[1.3408700000000002,41.89334],[1.3432399999999995,41.85983000000001],[1.3202000000000007,41.83029999999999],[1.3575400000000004,41.81463],[1.37434,41.81665999999999],[1.3603600000000007,41.79017],[1.3735800000000007,41.778690000000005],[1.4039000000000004,41.805339999999994],[1.4024700000000005,41.78622],[1.4108700000000007,41.77736999999999],[1.4264700000000003,41.80185],[1.4713300000000002,41.80057999999999],[1.4717,41.78256999999999],[1.4608700000000003,41.776489999999995],[1.4788100000000002,41.772729999999996],[1.4880800000000005,41.778749999999995],[1.4835199999999997,41.791],[1.502180000000001,41.78911],[1.5307200000000003,41.752590000000005],[1.5725800000000005,41.78215],[1.5812899999999999,41.77542],[1.5933499999999998,41.77784],[1.5998200000000002,41.788799999999995],[1.5882200000000004,41.804529999999986],[1.61172,41.81796],[1.6096999999999997,41.83598],[1.6317800000000005,41.84356999999999],[1.63048,41.85838999999999],[1.6165100000000003,41.88081],[1.6004700000000003,41.88366],[1.5831399999999998,41.87347],[1.5685400000000003,41.8798],[1.5760300000000003,41.891020000000005],[1.5859500000000006,41.88828],[1.6372399999999998,41.92641999999999],[1.6512900000000001,41.92694],[1.6424100000000001,41.94052999999999],[1.6500900000000005,41.94489999999999],[1.6442300000000005,41.96865999999999],[1.6511100000000003,41.97838],[1.67434,41.98273999999999],[1.6683099999999997,41.97147],[1.6824000000000006,41.96765],[1.71926,41.9849],[1.7174100000000005,41.99973999999999],[1.6986700000000001,42.01381],[1.6900900000000003,42.00511],[1.6974300000000004,41.985679999999995],[1.68477,41.99512999999999],[1.6621900000000003,41.99112],[1.6577000000000002,42.00290999999999],[1.65426,41.99299999999999],[1.6474700000000004,41.99936999999999],[1.65617,42.02066],[1.6644000000000008,42.02161999999999],[1.6663400000000004,42.003009999999996],[1.6699200000000005,42.01561],[1.6997000000000007,42.02886999999999],[1.6916100000000005,42.04560000000001],[1.6842300000000003,42.04874999999999],[1.6791999999999998,42.03827],[1.6724700000000001,42.04066999999999],[1.6746300000000003,42.05865000000001],[1.6911299999999998,42.07540000000001],[1.6911800000000006,42.08679],[1.7076300000000006,42.08244],[1.7221999999999997,42.09138],[1.7228699999999995,42.10007999999999],[1.7044499999999998,42.10598000000001],[1.7115400000000003,42.119350000000004],[1.6992599999999998,42.13233],[1.7138000000000004,42.15472],[1.72407,42.15273],[1.7382500000000003,42.162949999999995],[1.7365800000000002,42.18344999999999],[1.7258599999999997,42.16637],[1.7081000000000004,42.161089999999994],[1.6937899999999997,42.17240999999999],[1.6692100000000005,42.169619999999995],[1.6672200000000001,42.16324999999999],[1.6522699999999997,42.16940999999999],[1.6416500000000005,42.19667]],[[1.6914000000000002,42.10457],[1.644500000000001,42.11146999999999],[1.6921700000000002,42.11292],[1.6914000000000002,42.10457]],[[1.6892,42.10192],[1.6890200000000006,42.10202999999999],[1.6892400000000003,42.10202000000001],[1.6892,42.10192]],[[1.3136800000000002,41.98944],[1.32235,41.98617],[1.3175800000000009,41.98194],[1.3136800000000002,41.98944]]]]},"properties":{"CODICOMAR":"35","NOMCOMAR":"Solsonès"}},{"type":"Feature","geometry":{"type":"Polygon","coordinates":[[[1.3714800000000003,41.242869999999996],[1.3575100000000004,41.254709999999996],[1.350540000000001,41.23814999999998],[1.3338800000000006,41.237249999999996],[1.3534900000000003,41.22467],[1.3398200000000002,41.21405],[1.2959700000000007,41.238679999999995],[1.2695700000000003,41.23362],[1.259630000000001,41.2225],[1.2468600000000007,41.22606999999999],[1.2423299999999997,41.22143],[1.2590300000000005,41.19964],[1.23383,41.20393000000001],[1.2327300000000005,41.217319999999994],[1.2168100000000002,41.2162],[1.2029800000000006,41.228260000000006],[1.1959900000000003,41.22373000000001],[1.1874800000000005,41.23215],[1.17456,41.225579999999994],[1.1777299999999997,41.202729999999995],[1.1437900000000003,41.17047],[1.19115,41.13138000000001],[1.1767700000000003,41.13032],[1.1784200000000002,41.1381],[1.1650600000000002,41.13838],[1.1766200000000002,41.108439999999995],[1.1201200000000004,41.13033999999999],[1.1267200000000002,41.10300000000001],[1.1034499999999998,41.11376],[1.093880000000001,41.108549999999994],[1.10286,41.083669999999984],[1.1178100000000004,41.07365],[1.1439199999999998,41.071909999999995],[1.1704700000000006,41.05467],[1.1865999999999997,41.081059999999994],[1.1959400000000002,41.08291999999999],[1.1919600000000008,41.08800999999999],[1.1968100000000002,41.09094],[1.1995900000000002,41.08784000000001],[1.205770000000001,41.08342999999999],[1.2059600000000001,41.08361999999999],[1.1971899999999998,41.092929999999996],[1.208149999999999,41.08755000000001],[1.20973,41.08704],[1.2141900000000008,41.08711999999999],[1.20481,41.09573],[1.2160700000000007,41.09017999999999],[1.21293,41.099430000000005],[1.2239800000000003,41.10180999999999],[1.2228800000000006,41.096239999999995],[1.2258900000000004,41.10526],[1.2452000000000003,41.10450000000001],[1.2336800000000003,41.09979],[1.2134800000000001,41.07866],[1.2558300000000004,41.11191000000001],[1.2951499999999996,41.12694],[1.3440200000000002,41.124779999999994],[1.4016800000000005,41.13266000000001],[1.4269200000000002,41.14972999999999],[1.4956999999999996,41.17317],[1.47677,41.20852999999999],[1.4356900000000004,41.202379999999984],[1.4260800000000007,41.21164],[1.4098300000000001,41.21259],[1.3952,41.20557],[1.3904200000000002,41.22082],[1.4049600000000002,41.22561999999999],[1.4131600000000006,41.24118999999999],[1.3714800000000003,41.242869999999996]],[[1.2396200000000004,41.107289999999985],[1.2489099999999995,41.10887],[1.247560000000001,41.105940000000004],[1.2396200000000004,41.107289999999985]]]},"properties":{"CODICOMAR":"36","NOMCOMAR":"Tarragonès"}},{"type":"Feature","geometry":{"type":"Polygon","coordinates":[[[0.3772999999999999,41.23634],[0.36421,41.23855],[0.36114999999999997,41.22522000000001],[0.3407700000000011,41.23099999999999],[0.33105000000000084,41.222349999999985],[0.32121,41.224050000000005],[0.3019900000000002,41.160980000000016],[0.27215999999999996,41.14856],[0.25302000000000124,41.149919999999995],[0.2485499999999984,41.13004000000001],[0.21399000000000018,41.13716000000001],[0.21957000000000082,41.13189],[0.20090000000000025,41.12593999999999],[0.20861,41.11648],[0.20064000000000112,41.08483],[0.21959999999999857,41.083290000000005],[0.21894000000000055,41.06129],[0.23032000000000022,41.05683],[0.2185900000000006,41.04276],[0.23261000000000065,41.047239999999995],[0.23223000000000094,41.03484000000001],[0.24606000000000072,41.04142],[0.27989000000000047,41.01959999999999],[0.2588500000000008,41.01409],[0.27445999999999976,41.00704000000001],[0.2683699999999999,40.998200000000004],[0.2811599999999996,40.98666],[0.28200000000000003,40.97275999999999],[0.29361000000000026,40.96999],[0.2726300000000001,40.945699999999995],[0.27382000000000134,40.93552],[0.25435000000000024,40.92027999999999],[0.2386100000000001,40.88448999999999],[0.25553000000000087,40.87387],[0.2535600000000003,40.854299999999995],[0.27913999999999967,40.82121000000001],[0.27292999999999956,40.81872],[0.2913400000000002,40.81569999999999],[0.36654,40.886010000000006],[0.37068,40.94268],[0.44488999999999973,40.96406000000001],[0.4545500000000001,40.97832999999999],[0.48641000000000045,40.97717000000001],[0.5066799999999997,40.99495000000001],[0.5705899999999995,41.01916000000001],[0.5270800000000005,41.06277999999999],[0.4998100000000005,41.06323],[0.5205799999999996,41.07551999999999],[0.5535400000000011,41.11746999999999],[0.4882300000000008,41.14203],[0.50124,41.15688999999999],[0.4950199999999998,41.19677999999999],[0.45936000000000154,41.204759999999986],[0.4557900000000003,41.21454000000001],[0.4305100000000008,41.228629999999995],[0.36701999999999946,41.20681],[0.3772999999999999,41.23634]]]},"properties":{"CODICOMAR":"37","NOMCOMAR":"Terra Alta"}},{"type":"Feature","geometry":{"type":"MultiPolygon","coordinates":[[[[0.95382,41.74523000000001],[0.9738800000000002,41.76071],[0.9791400000000007,41.77549],[0.95382,41.74523000000001]]],[[[1.10448,41.85555],[1.0606800000000005,41.792950000000005],[1.0333600000000007,41.76882],[1.0197400000000003,41.77688],[1.0077300000000007,41.770990000000005],[0.9875699999999998,41.774319999999996],[0.9572699999999995,41.74403999999999],[0.9604600000000003,41.732369999999996],[0.9830999999999999,41.731770000000004],[0.9742100000000002,41.70634999999999],[0.9984,41.69812999999999],[1.0264100000000007,41.71176],[0.9985999999999999,41.69185000000001],[1.0093500000000002,41.688790000000004],[1.0197600000000002,41.69593],[1.04163,41.687490000000004],[1.0257299999999996,41.67039],[1.0062500000000005,41.67805],[1.0010000000000003,41.651089999999996],[0.9907300000000001,41.650670000000005],[0.9849100000000007,41.637039999999985],[0.9692300000000005,41.62952],[0.9758099999999997,41.59154],[0.9617200000000011,41.56864999999999],[0.9866900000000003,41.550059999999995],[0.9788300000000002,41.518010000000004],[1.01112,41.51199999999999],[1.0201300000000002,41.5034],[1.0380099999999999,41.50508],[1.0373899999999994,41.49892],[1.1045800000000001,41.475350000000006],[1.108069999999999,41.46717],[1.17978,41.48843000000001],[1.16472,41.508489999999995],[1.1761900000000005,41.53376999999998],[1.1664800000000004,41.53714000000001],[1.2106900000000003,41.54869],[1.2196900000000004,41.569720000000004],[1.210960000000001,41.58806],[1.1712100000000008,41.59987999999999],[1.1654300000000009,41.610279999999996],[1.1866200000000005,41.61989],[1.1848800000000004,41.67640999999999],[1.2064699999999997,41.71665],[1.1966300000000005,41.72096],[1.1787299999999998,41.70982],[1.15658,41.712469999999996],[1.1796000000000004,41.74775000000001],[1.1611199999999997,41.75816],[1.1738900000000008,41.763799999999996],[1.1662000000000006,41.77509],[1.17619,41.786289999999994],[1.1596299999999995,41.781189999999995],[1.1402900000000007,41.78572],[1.1362700000000001,41.80116],[1.1511200000000013,41.82014999999999],[1.1335399999999993,41.80444000000001],[1.0987399999999998,41.81148999999999],[1.1031199999999994,41.82774],[1.1142400000000003,41.82155999999999],[1.1245400000000005,41.83301],[1.1207400000000005,41.84893999999999],[1.10448,41.85555]],[[1.0990999999999995,41.70522],[1.0773600000000008,41.686789999999995],[1.0552200000000003,41.68279],[1.07866,41.7021],[1.0990999999999995,41.70522]]],[[[1.0666000000000013,41.83523],[1.0454100000000008,41.858329999999995],[1.02091,41.85031],[1.0269400000000004,41.82017999999999],[1.05443,41.83704],[1.0666000000000013,41.83523]]]]},"properties":{"CODICOMAR":"38","NOMCOMAR":"Urgell"}},{"type":"Feature","geometry":{"type":"Polygon","coordinates":[[[0.7770900000000007,42.83621999999999],[0.7095600000000004,42.86132],[0.6782399999999998,42.85478999999999],[0.6781200000000005,42.84767999999999],[0.6593,42.83871],[0.6708200000000002,42.80455],[0.64506,42.78312],[0.6672200000000007,42.77511],[0.6392800000000001,42.754870000000004],[0.66082,42.75173999999999],[0.6801700000000002,42.72325000000001],[0.6767500000000004,42.69082],[0.6600399999999998,42.68879999999999],[0.6846600000000002,42.659470000000006],[0.6957599999999999,42.658269999999995],[0.6991899999999994,42.62837],[0.7370600000000003,42.61287000000001],[0.8108399999999998,42.618799999999986],[0.8263100000000005,42.60527999999999],[0.87854,42.63191],[0.8955299999999996,42.6259],[0.8960299999999995,42.61129],[0.9120200000000002,42.60679],[0.9190500000000004,42.59257],[0.9523299999999997,42.59369],[0.9541400000000002,42.60282999999999],[0.9688100000000005,42.60886],[0.9608900000000009,42.630799999999994],[0.9862200000000001,42.68391999999999],[0.9761600000000005,42.69338],[1.0060400000000005,42.712849999999996],[1.0285400000000002,42.70999],[1.0272800000000002,42.766310000000004],[1.03723,42.78695],[0.9829500000000003,42.78691],[0.9602300000000005,42.805899999999994],[0.9260199999999998,42.789449999999995],[0.8538700000000004,42.82683999999999],[0.8015100000000006,42.8406],[0.7770900000000007,42.83621999999999]]]},"properties":{"CODICOMAR":"39","NOMCOMAR":"Val d'Aran"}},{"type":"Feature","geometry":{"type":"Polygon","coordinates":[[[2.13305,41.715589999999985],[2.1080900000000002,41.71790000000001],[2.0871300000000006,41.70778999999999],[2.03287,41.71647],[2.00913,41.691269999999996],[2.00884,41.65617999999999],[1.9611200000000002,41.64418999999999],[1.9421300000000006,41.648869999999995],[1.9338899999999999,41.663219999999995],[1.9303,41.658],[1.9076299999999997,41.664609999999996],[1.88894,41.64827],[1.8930000000000002,41.617180000000005],[1.8729800000000008,41.61272999999999],[1.8650199999999997,41.618339999999996],[1.86079,41.609629999999996],[1.8633100000000002,41.59228000000001],[1.8887000000000005,41.583829999999985],[1.88444,41.579069999999994],[1.9204100000000004,41.571099999999994],[1.91911,41.556439999999995],[1.9361299999999995,41.530330000000006],[1.9513300000000002,41.52293000000001],[1.9511500000000004,41.51015999999999],[1.93663,41.50913],[1.92157,41.49334],[1.9442599999999997,41.468140000000005],[1.95074,41.471759999999996],[1.9611100000000004,41.46003999999999],[1.9732900000000002,41.46370999999999],[1.99408,41.43559],[1.99973,41.46024],[2.0235700000000003,41.45747],[2.0329499999999996,41.44169],[2.0619200000000006,41.444649999999996],[2.0593600000000007,41.43539],[2.0790700000000006,41.41494],[2.07181,41.436330000000005],[2.12127,41.42583],[2.13461,41.44724999999999],[2.1642200000000003,41.45009999999999],[2.1786899999999996,41.46818],[2.2133899999999995,41.471500000000006],[2.22469,41.49251999999999],[2.20048,41.501419999999996],[2.1894000000000005,41.513929999999995],[2.2065,41.52889],[2.1876100000000007,41.56627],[2.2026900000000005,41.57577],[2.1879599999999995,41.60656000000001],[2.16469,41.60119],[2.1486900000000007,41.63078],[2.1163800000000004,41.64425000000001],[2.1078800000000006,41.65493],[2.10205,41.65830999999999],[2.0963600000000002,41.65886],[2.09611,41.65913],[2.13456,41.66925],[2.13305,41.715589999999985]]]},"properties":{"CODICOMAR":"40","NOMCOMAR":"Vallès Occidental"}},{"type":"Feature","geometry":{"type":"Polygon","coordinates":[[[2.3826799999999997,41.80880000000001],[2.3622199999999998,41.78987999999999],[2.3654800000000002,41.76989999999999],[2.3489299999999997,41.764160000000004],[2.3343599999999998,41.76364999999999],[2.3281900000000006,41.78879],[2.30368,41.79851000000001],[2.2915300000000003,41.79321999999999],[2.2737599999999993,41.771529999999984],[2.2498300000000007,41.759619999999984],[2.26273,41.73228999999999],[2.24058,41.729609999999994],[2.2402799999999994,41.70567],[2.1953800000000006,41.705749999999995],[2.184520000000001,41.71714999999999],[2.17011,41.711909999999996],[2.13305,41.715589999999985],[2.13456,41.66925],[2.09611,41.65913],[2.1486900000000007,41.63078],[2.16469,41.60119],[2.1879599999999995,41.60656000000001],[2.2026900000000005,41.57577],[2.1876100000000007,41.56627],[2.2065,41.52889],[2.1894000000000005,41.513929999999995],[2.20048,41.501419999999996],[2.22469,41.49251999999999],[2.24705,41.48859],[2.2732200000000002,41.51138999999999],[2.3230100000000005,41.516639999999995],[2.3308600000000004,41.52395],[2.3160500000000006,41.53344],[2.33474,41.543879999999994],[2.33751,41.56115],[2.41726,41.62713],[2.4852,41.63097],[2.4972100000000004,41.62330999999999],[2.52316,41.62591],[2.54712,41.65832000000001],[2.5938700000000003,41.65887],[2.6090200000000006,41.67545],[2.5878999999999994,41.70023],[2.59894,41.72833],[2.53837,41.72148],[2.5305300000000006,41.73923],[2.51504,41.74862999999999],[2.51593,41.76153000000001],[2.4905500000000003,41.765429999999995],[2.46924,41.77792999999999],[2.47253,41.78959999999999],[2.4555000000000002,41.78442],[2.43452,41.80304],[2.4047300000000003,41.8017],[2.3826799999999997,41.80880000000001]]]},"properties":{"CODICOMAR":"41","NOMCOMAR":"Vallès Oriental"}},{"type":"Feature","geometry":{"type":"Polygon","coordinates":[[[2.1381900000000003,41.88936999999999],[2.13524,41.91333],[2.04664,41.89751999999999],[2.0125400000000004,41.91208000000001],[2.01414,41.88412],[2.00144,41.88285],[2.01586,41.87333],[1.97508,41.8407],[2.02048,41.82336],[2.0380600000000006,41.80588],[1.9038600000000008,41.774179999999994],[1.9175300000000002,41.77],[1.92821,41.74508999999999],[1.9892400000000003,41.74988999999999],[2.00389,41.728910000000006],[2.01451,41.727450000000005],[2.02207,41.70769000000001],[2.0357300000000005,41.716929999999984],[2.0871300000000006,41.70778999999999],[2.10908,41.717999999999996],[2.17003,41.71190999999999],[2.184520000000001,41.71714999999999],[2.1953800000000006,41.705749999999995],[2.2402799999999994,41.70567],[2.24058,41.729609999999994],[2.1932700000000005,41.73063],[2.18447,41.74267],[2.1887600000000003,41.77528],[2.17562,41.79825],[2.19653,41.8361],[2.18631,41.85989999999999],[2.1796999999999995,41.85258],[2.1462,41.8526],[2.1285,41.869020000000006],[2.1318799999999998,41.878209999999996],[2.123,41.88563],[2.1381900000000003,41.88936999999999]]]},"properties":{"CODICOMAR":"42","NOMCOMAR":"Moianès"}},{"type":"Feature","geometry":{"type":"MultiPolygon","coordinates":[[[[2.01097,41.93873],[2.0223199999999997,41.93795],[2.018700000000001,41.94451999999998],[2.01097,41.93873]]],[[[2.0941099999999997,42.14192],[2.07058,42.14173000000001],[2.06115,42.13516],[2.0700199999999995,42.13165],[2.06804,42.12268999999999],[2.0496000000000003,42.12160999999999],[2.05449,42.10751],[2.0456300000000005,42.10447],[2.0624600000000006,42.09862],[2.0576800000000004,42.08768],[2.0530399999999998,42.09454000000001],[2.04246,42.09237],[2.04533,42.08103999999999],[2.0347099999999996,42.07713999999999],[2.0270299999999994,42.09537000000001],[2.01362,42.09356],[1.99768,42.03465],[1.997300000000001,42.028580000000005],[2.02147,42.02384],[1.9947500000000007,41.98981],[1.9983200000000003,41.97752],[1.9855899999999997,41.96965],[2.0316800000000006,41.960060000000006],[2.025920000000001,41.937539999999984],[2.04664,41.89751999999999],[2.07391,41.900099999999995],[2.1228999999999996,41.94414999999999],[2.1396000000000006,41.94462000000001],[2.13119,41.964439999999996],[2.12149,41.96670999999999],[2.1348000000000003,42.00194999999999],[2.1547500000000004,42.01101],[2.17577,42.002810000000004],[2.19335,42.00800000000001],[2.2000300000000004,42.018260000000005],[2.1805400000000006,42.04194999999999],[2.1363499999999997,42.025290000000005],[2.1239600000000003,42.03283999999999],[2.12391,42.04925999999999],[2.1355300000000006,42.057539999999996],[2.10507,42.085449999999994],[2.1124099999999997,42.09987000000002],[2.1329300000000004,42.10524000000001],[2.099920000000001,42.12505999999999],[2.0941099999999997,42.14192]]]]},"properties":{"CODICOMAR":"43","NOMCOMAR":"Lluçanès"}}]}