{"type":"FeatureCollection","name":"municipis_simplificat_500m","features":[{"type":"Feature","geometry":{"type":"Polygon","coordinates":[[[1.9248600000000002,41.53663],[1.8706999999999998,41.523790000000005],[1.8542699999999999,41.515620000000006],[1.85496,41.50867],[1.8867299999999998,41.50794],[1.9295500000000003,41.49557999999999],[1.93663,41.50913],[1.9511500000000004,41.51015999999999],[1.9513300000000002,41.52293000000001],[1.9248600000000002,41.53663]]]},"properties":{"CODIMUNI":"080018","NOMMUNI":"Abrera","CODICOMAR":"11","NOMCOMAR":"Baix Llobregat"}},{"type":"Feature","geometry":{"type":"Polygon","coordinates":[[[1.6182900000000002,41.76885],[1.5949600000000002,41.764559999999996],[1.5852400000000004,41.736369999999994],[1.6023299999999998,41.73095],[1.6073900000000005,41.71662999999999],[1.58039,41.72342],[1.5520499999999995,41.70858],[1.5830300000000004,41.69792],[1.5961200000000004,41.700849999999996],[1.6028300000000002,41.69225],[1.6508,41.71365999999999],[1.6644900000000007,41.71011999999999],[1.6700800000000002,41.73414],[1.6636300000000004,41.74344999999999],[1.6182900000000002,41.76885]]]},"properties":{"CODIMUNI":"080023","NOMMUNI":"Aguilar de Segarra","CODICOMAR":"07","NOMCOMAR":"Bages"}},{"type":"Feature","geometry":{"type":"Polygon","coordinates":[[[2.28512,41.51534],[2.2668,41.50477000000001],[2.2992000000000004,41.47572],[2.3099900000000004,41.49095999999999],[2.3072400000000006,41.513360000000006],[2.28512,41.51534]]]},"properties":{"CODIMUNI":"080039","NOMMUNI":"Alella","CODICOMAR":"21","NOMCOMAR":"Maresme"}},{"type":"Feature","geometry":{"type":"Polygon","coordinates":[[[2.0941099999999997,42.14192],[2.06154,42.136579999999995],[2.07048,42.13011999999999],[2.06139,42.11833],[2.0682100000000005,42.10934999999999],[2.10282,42.11203],[2.1124099999999997,42.09987000000002],[2.13004,42.10043000000001],[2.1246200000000006,42.113659999999996],[2.099920000000001,42.12505999999999],[2.0941099999999997,42.14192]]]},"properties":{"CODIMUNI":"080044","NOMMUNI":"Alpens","CODICOMAR":"43","NOMCOMAR":"Lluçanès"}},{"type":"Feature","geometry":{"type":"Polygon","coordinates":[[[2.2412600000000005,41.70273],[2.2333599999999993,41.69722000000001],[2.24702,41.678250000000006],[2.2312100000000004,41.665189999999996],[2.24434,41.65881999999999],[2.24652,41.640359999999994],[2.2774700000000005,41.63535999999999],[2.2749600000000005,41.66734],[2.2412600000000005,41.70273]]]},"properties":{"CODIMUNI":"080057","NOMMUNI":"l'Ametlla del Vallès","CODICOMAR":"41","NOMCOMAR":"Vallès Oriental"}},{"type":"Feature","geometry":{"type":"Polygon","coordinates":[[[2.56702,41.59559],[2.52271,41.58210999999999],[2.5252899999999996,41.57488000000001],[2.53166,41.569079999999985],[2.55547,41.57937],[2.56085,41.57507999999999],[2.5720500000000004,41.58235],[2.56702,41.59559]]]},"properties":{"CODIMUNI":"080060","NOMMUNI":"Arenys de Mar","CODICOMAR":"21","NOMCOMAR":"Maresme"}},{"type":"Feature","geometry":{"type":"Polygon","coordinates":[[[2.53683,41.641360000000006],[2.5269499999999994,41.62702],[2.4952900000000002,41.620400000000004],[2.5001200000000003,41.601420000000005],[2.52321,41.59087999999999],[2.52124,41.58105],[2.5678,41.59556],[2.5551600000000003,41.62559],[2.53683,41.641360000000006]]]},"properties":{"CODIMUNI":"080076","NOMMUNI":"Arenys de Munt","CODICOMAR":"21","NOMCOMAR":"Maresme"}},{"type":"Feature","geometry":{"type":"Polygon","coordinates":[[[1.4869699999999997,41.6263],[1.43115,41.63408999999999],[1.439960000000001,41.62355999999999],[1.4170900000000002,41.617419999999996],[1.4052900000000004,41.60605],[1.4077699999999997,41.590740000000004],[1.39227,41.5788],[1.4088800000000004,41.57589],[1.4193700000000005,41.58285999999999],[1.4474000000000002,41.57385000000001],[1.4539700000000004,41.56924999999998],[1.43109,41.55557],[1.43513,41.55010999999999],[1.4628500000000004,41.55884],[1.4643700000000006,41.569539999999996],[1.5051900000000007,41.57338],[1.5252500000000002,41.5853],[1.4649500000000006,41.61307],[1.4903500000000003,41.61666],[1.4869699999999997,41.6263]]]},"properties":{"CODIMUNI":"080082","NOMMUNI":"Argençola","CODICOMAR":"06","NOMCOMAR":"Anoia"}},{"type":"Feature","geometry":{"type":"Polygon","coordinates":[[[2.3783900000000004,41.59356999999999],[2.35589,41.573879999999996],[2.36054,41.55066999999999],[2.4195300000000004,41.530820000000006],[2.425,41.572669999999995],[2.40566,41.579429999999995],[2.3995500000000005,41.57556999999999],[2.3783900000000004,41.59356999999999]]]},"properties":{"CODIMUNI":"080095","NOMMUNI":"Argentona","CODICOMAR":"21","NOMCOMAR":"Maresme"}},{"type":"Feature","geometry":{"type":"Polygon","coordinates":[[[1.9653900000000004,41.81484999999999],[1.9333800000000005,41.80691],[1.9352099999999999,41.7991],[1.9038600000000008,41.774179999999994],[2.0185100000000005,41.801539999999996],[1.9653900000000004,41.81484999999999]]]},"properties":{"CODIMUNI":"080109","NOMMUNI":"Artés","CODICOMAR":"07","NOMCOMAR":"Bages"}},{"type":"Feature","geometry":{"type":"Polygon","coordinates":[[[1.8431000000000004,42.08733],[1.8068600000000004,42.089760000000005],[1.79974,42.07616999999999],[1.7846100000000003,42.0738],[1.7797300000000003,42.06541],[1.8042799999999999,42.05876],[1.82244,42.039789999999996],[1.8391100000000002,42.04943000000001],[1.8563500000000004,42.03953],[1.8718399999999997,42.04813],[1.868770000000001,42.071379999999984],[1.8431000000000004,42.08733]]]},"properties":{"CODIMUNI":"080116","NOMMUNI":"Avià","CODICOMAR":"14","NOMCOMAR":"Berguedà"}},{"type":"Feature","geometry":{"type":"Polygon","coordinates":[[[2.0068599999999996,41.92775],[1.9702899999999999,41.9199],[1.9745699999999997,41.91178],[1.9605600000000003,41.90646],[1.9638700000000004,41.89476],[1.9512700000000007,41.89038999999999],[1.9304900000000005,41.86107],[1.912840000000001,41.85728],[1.9110700000000003,41.84622],[1.93638,41.841269999999994],[1.9578600000000004,41.81248],[2.0274700000000005,41.80174],[2.0380600000000006,41.80588],[2.02048,41.82336],[1.97508,41.8407],[2.01586,41.87333],[2.00144,41.88285],[2.01414,41.88412],[2.01217,41.91346999999999],[2.0023,41.91662999999999],[2.0068599999999996,41.92775]]]},"properties":{"CODIMUNI":"080121","NOMMUNI":"Avinyó","CODICOMAR":"07","NOMCOMAR":"Bages"}},{"type":"Feature","geometry":{"type":"Polygon","coordinates":[[[1.74672,41.39529999999999],[1.7306900000000005,41.376020000000004],[1.76631,41.36433000000001],[1.7692999999999999,41.359079999999985],[1.7598999999999996,41.35564999999999],[1.77219,41.344289999999994],[1.7558200000000002,41.325769999999984],[1.77732,41.32887999999999],[1.84057,41.31540999999999],[1.84785,41.31932],[1.8247700000000004,41.32739999999999],[1.8140600000000004,41.33847999999999],[1.81896,41.343140000000005],[1.8036899999999996,41.34944],[1.8078900000000004,41.36234],[1.7990900000000007,41.37134999999999],[1.7564500000000003,41.388059999999996],[1.7385400000000002,41.384359999999994],[1.74672,41.39529999999999]]]},"properties":{"CODIMUNI":"080137","NOMMUNI":"Avinyonet del Penedès","CODICOMAR":"03","NOMCOMAR":"Alt Penedès"}},{"type":"Feature","geometry":{"type":"Polygon","coordinates":[[[2.2891499999999994,41.78799000000001],[2.26739,41.804269999999995],[2.2451999999999996,41.78108000000001],[2.2517700000000005,41.76286],[2.27248,41.77056999999999],[2.2891499999999994,41.78799000000001]]]},"properties":{"CODIMUNI":"080142","NOMMUNI":"Aiguafreda","CODICOMAR":"24","NOMCOMAR":"Osona"}},{"type":"Feature","geometry":{"type":"Polygon","coordinates":[[[2.2290700000000006,41.49206999999999],[2.21182,41.48048],[2.2227499999999996,41.449],[2.2127000000000003,41.43721],[2.2374200000000006,41.42616],[2.26998,41.46061],[2.2461700000000007,41.48927],[2.2290700000000006,41.49206999999999]]]},"properties":{"CODIMUNI":"080155","NOMMUNI":"Badalona","CODICOMAR":"13","NOMCOMAR":"Barcelonès"}},{"type":"Feature","geometry":{"type":"MultiPolygon","coordinates":[[[[1.71691,42.285669999999996],[1.67565,42.28539],[1.67042,42.28147],[1.7038,42.27776000000001],[1.7179200000000003,42.27955999999999],[1.71691,42.285669999999996]]],[[[1.94019,42.315529999999995],[1.9027799999999997,42.322959999999995],[1.8735700000000002,42.313379999999995],[1.88279,42.28467],[1.8766199999999997,42.27991000000001],[1.8509699999999998,42.275519999999986],[1.7972000000000004,42.29462999999999],[1.7791899999999998,42.29079000000001],[1.8187100000000003,42.277890000000006],[1.8307600000000002,42.281909999999996],[1.82208,42.25168],[1.828650000000001,42.24405999999999],[1.8540300000000012,42.23411000000001],[1.87703,42.23629999999999],[1.8804600000000002,42.26342],[1.8995199999999999,42.295429999999996],[1.93825,42.29746],[1.94019,42.315529999999995]]]]},"properties":{"CODIMUNI":"080168","NOMMUNI":"Bagà","CODICOMAR":"14","NOMCOMAR":"Berguedà"}},{"type":"Feature","geometry":{"type":"Polygon","coordinates":[[[2.23176,41.84425999999999],[2.2267000000000006,41.836549999999995],[2.19653,41.8361],[2.17562,41.79825],[2.1856300000000006,41.78670999999999],[2.1984800000000004,41.78921999999999],[2.1949999999999994,41.79972],[2.20817,41.80925],[2.2324599999999997,41.80324000000001],[2.24491,41.82081999999999],[2.24432,41.83465999999999],[2.23176,41.84425999999999]]]},"properties":{"CODIMUNI":"080174","NOMMUNI":"Balenyà","CODICOMAR":"24","NOMCOMAR":"Osona"}},{"type":"Feature","geometry":{"type":"Polygon","coordinates":[[[1.9054200000000003,41.89556000000001],[1.8844600000000002,41.89909],[1.8605900000000004,41.88551999999999],[1.8124299999999993,41.87568000000001],[1.8436099999999997,41.834230000000005],[1.8786999999999998,41.83497],[1.9135799999999998,41.88644000000001],[1.9054200000000003,41.89556000000001]]]},"properties":{"CODIMUNI":"080180","NOMMUNI":"Balsareny","CODICOMAR":"07","NOMCOMAR":"Bages"}},{"type":"Feature","geometry":{"type":"MultiPolygon","coordinates":[[[[2.1725500000000006,41.31704],[2.17575,41.351060000000004],[2.183,41.36522],[2.17171,41.34646],[2.16944,41.326440000000005],[2.1725500000000006,41.31704]]],[[[2.19372,41.3762],[2.1946300000000005,41.37701],[2.19454,41.37729000000001],[2.19372,41.3762]]],[[[2.2058800000000005,41.389179999999996],[2.20622,41.38939],[2.2057700000000002,41.38934999999999],[2.2058800000000005,41.389179999999996]]],[[[2.22196,41.40358],[2.22311,41.40488],[2.2230600000000003,41.405100000000004],[2.22196,41.40358]]],[[[2.2262800000000005,41.40732],[2.2265199999999994,41.40715],[2.2264300000000006,41.40769],[2.2262800000000005,41.40732]]],[[[2.2267499999999996,41.407849999999996],[2.2270100000000004,41.40789999999999],[2.22694,41.40826],[2.2267499999999996,41.407849999999996]]],[[[2.22698,41.408409999999996],[2.2280500000000005,41.4091],[2.22777,41.409639999999996],[2.22698,41.408409999999996]]],[[[2.0546400000000005,41.41395000000001],[2.0704900000000004,41.418809999999986],[2.05767,41.43581],[2.0546400000000005,41.41395000000001]]],[[[2.2076200000000004,41.44186],[2.1786899999999996,41.46818],[2.1642200000000003,41.45009999999999],[2.13461,41.44724999999999],[2.12127,41.42583],[2.07118,41.4353],[2.07981,41.41624999999999],[2.07219,41.40346],[2.10065,41.40825999999999],[2.102030000000001,41.38121999999999],[2.1349500000000003,41.36256999999999],[2.1369000000000002,41.34845000000001],[2.10053,41.33603999999998],[2.1189000000000004,41.32272999999999],[2.1498600000000003,41.32068],[2.1591699999999996,41.32721000000001],[2.1652000000000005,41.34138999999999],[2.15692,41.342209999999994],[2.14593,41.33099],[2.15092,41.34647999999999],[2.16691,41.34714],[2.1846600000000005,41.38067],[2.1853600000000006,41.35772999999999],[2.19831,41.386900000000004],[2.1997300000000006,41.38331999999999],[2.2021099999999993,41.39009],[2.21801,41.40433999999999],[2.2289600000000003,41.410399999999996],[2.20777,41.42501],[2.2076200000000004,41.44186]],[[2.15415,41.338969999999996],[2.15433,41.33872999999999],[2.1540500000000002,41.33878],[2.15415,41.338969999999996]],[[2.15471,41.33948999999999],[2.15472,41.33937],[2.15465,41.33939000000001],[2.15471,41.33948999999999]]]]},"properties":{"CODIMUNI":"080193","NOMMUNI":"Barcelona","CODICOMAR":"13","NOMCOMAR":"Barcelonès"}},{"type":"Feature","geometry":{"type":"Polygon","coordinates":[[[1.9001100000000002,41.35553],[1.8704700000000003,41.34308],[1.84785,41.31932],[1.8467300000000004,41.30635],[1.8726699999999998,41.293449999999986],[1.8714300000000006,41.27864],[1.9091599999999995,41.28313],[1.9617599999999997,41.32685000000001],[1.9458999999999997,41.33666],[1.9445600000000007,41.34980999999999],[1.9001100000000002,41.35553]]]},"properties":{"CODIMUNI":"080207","NOMMUNI":"Begues","CODICOMAR":"11","NOMCOMAR":"Baix Llobregat"}},{"type":"Feature","geometry":{"type":"Polygon","coordinates":[[[1.4375700000000002,41.53911],[1.4256900000000003,41.53209999999999],[1.4061600000000005,41.534259999999996],[1.3957400000000002,41.512890000000006],[1.4645100000000004,41.48461],[1.49354,41.49541],[1.4845499999999996,41.5254],[1.4375700000000002,41.53911]]]},"properties":{"CODIMUNI":"080214","NOMMUNI":"Bellprat","CODICOMAR":"06","NOMCOMAR":"Anoia"}},{"type":"Feature","geometry":{"type":"Polygon","coordinates":[[[1.8719400000000002,42.12266999999999],[1.8555400000000002,42.11523],[1.8243300000000005,42.12163],[1.8192699999999997,42.108869999999996],[1.7998900000000007,42.10484],[1.8020500000000002,42.09816],[1.8146100000000005,42.08870999999999],[1.8431000000000004,42.08733],[1.868770000000001,42.071379999999984],[1.88806,42.10031000000001],[1.8664399999999999,42.11299999999999],[1.8818899999999998,42.11399000000001],[1.8719400000000002,42.12266999999999]]]},"properties":{"CODIMUNI":"080229","NOMMUNI":"Berga","CODICOMAR":"14","NOMCOMAR":"Berguedà"}},{"type":"Feature","geometry":{"type":"Polygon","coordinates":[[[2.1911499999999995,41.716339999999995],[2.18886,41.69191],[2.16486,41.67752],[2.1630700000000003,41.66159],[2.18704,41.6502],[2.2032,41.666459999999994],[2.2081500000000003,41.65976],[2.22217,41.66073999999999],[2.24702,41.678250000000006],[2.2333599999999993,41.69722000000001],[2.2417800000000003,41.70314],[2.23742,41.70951],[2.1953800000000006,41.705749999999995],[2.1911499999999995,41.716339999999995]]]},"properties":{"CODIMUNI":"080235","NOMMUNI":"Bigues i Riells del Fai","CODICOMAR":"41","NOMCOMAR":"Vallès Oriental"}},{"type":"Feature","geometry":{"type":"Polygon","coordinates":[[[2.00417,42.14971],[1.99046,42.171389999999995],[1.9495100000000007,42.15477],[1.9627599999999998,42.14706999999999],[1.9641900000000003,42.12935000000001],[1.9850299999999999,42.12324],[1.9916500000000001,42.10757],[2.00732,42.10473000000001],[2.0081100000000003,42.08515],[2.0258100000000003,42.0962],[2.0347099999999996,42.07713999999999],[2.04533,42.08103999999999],[2.04246,42.09237],[2.0530399999999998,42.09454000000001],[2.0576800000000004,42.08768],[2.0624600000000006,42.09862],[2.0456300000000005,42.10447],[2.05449,42.10751],[2.0496000000000003,42.12160999999999],[2.06804,42.12268999999999],[2.0700199999999995,42.13165],[2.0276500000000004,42.15281999999999],[2.00417,42.14971]],[[2.0209600000000005,42.13103999999999],[2.02948,42.121080000000006],[2.0076200000000006,42.10648],[2.0023799999999996,42.125339999999994],[2.0209600000000005,42.13103999999999]]]},"properties":{"CODIMUNI":"080240","NOMMUNI":"Borredà","CODICOMAR":"14","NOMCOMAR":"Berguedà"}},{"type":"Feature","geometry":{"type":"Polygon","coordinates":[[[1.7777699999999994,41.65403],[1.7570199999999998,41.644119999999994],[1.7283800000000002,41.64597],[1.70521,41.62312],[1.7288300000000003,41.612469999999995],[1.7459300000000004,41.593379999999996],[1.7327500000000002,41.583669999999984],[1.7388400000000002,41.575619999999994],[1.7872199999999998,41.5754],[1.79775,41.56478],[1.81284,41.60349999999999],[1.7873100000000002,41.610989999999994],[1.78955,41.637139999999995],[1.7777699999999994,41.65403]]]},"properties":{"CODIMUNI":"080253","NOMMUNI":"el Bruc","CODICOMAR":"06","NOMCOMAR":"Anoia"}},{"type":"Feature","geometry":{"type":"Polygon","coordinates":[[[2.25442,41.83731000000001],[2.24432,41.83465999999999],[2.241,41.82327],[2.27098,41.81972],[2.27055,41.79535],[2.28917,41.78903],[2.30368,41.79851000000001],[2.3281900000000006,41.78879],[2.3343599999999998,41.76364999999999],[2.36519,41.76959000000001],[2.3622199999999998,41.78987999999999],[2.3826799999999997,41.80880000000001],[2.3541700000000003,41.80741],[2.34522,41.82699999999999],[2.33828,41.82242999999999],[2.3229400000000004,41.83290999999999],[2.28219,41.823069999999994],[2.25442,41.83731000000001]]]},"properties":{"CODIMUNI":"080266","NOMMUNI":"el Brull","CODICOMAR":"24","NOMCOMAR":"Osona"}},{"type":"Feature","geometry":{"type":"Polygon","coordinates":[[[1.6979099999999998,41.37720999999999],[1.6797100000000003,41.368739999999995],[1.6879400000000007,41.364349999999995],[1.6979099999999998,41.37720999999999]]]},"properties":{"CODIMUNI":"080272","NOMMUNI":"les Cabanyes","CODICOMAR":"03","NOMCOMAR":"Alt Penedès"}},{"type":"Feature","geometry":{"type":"Polygon","coordinates":[[[1.7042300000000001,41.51976],[1.68167,41.52086],[1.68,41.507130000000004],[1.69936,41.47635],[1.7468700000000006,41.458740000000006],[1.7396,41.47921999999999],[1.6982899999999999,41.51191],[1.7042300000000001,41.51976]]]},"properties":{"CODIMUNI":"080288","NOMMUNI":"Cabrera d'Anoia","CODICOMAR":"06","NOMCOMAR":"Anoia"}},{"type":"Feature","geometry":{"type":"Polygon","coordinates":[[[2.37919,41.54044],[2.40296,41.506299999999996],[2.4239100000000002,41.519009999999994],[2.4094900000000004,41.53859],[2.37919,41.54044]]]},"properties":{"CODIMUNI":"080291","NOMMUNI":"Cabrera de Mar","CODICOMAR":"21","NOMCOMAR":"Maresme"}},{"type":"Feature","geometry":{"type":"Polygon","coordinates":[[[2.36855,41.54337],[2.3514400000000006,41.54113000000001],[2.34238,41.53084],[2.3802599999999994,41.51245999999999],[2.39205,41.516439999999996],[2.36855,41.54337]]]},"properties":{"CODIMUNI":"080305","NOMMUNI":"Cabrils","CODICOMAR":"21","NOMCOMAR":"Maresme"}},{"type":"Feature","geometry":{"type":"Polygon","coordinates":[[[1.5218199999999997,41.73599999999999],[1.5049500000000007,41.733909999999995],[1.493710000000001,41.72060999999999],[1.4523000000000004,41.70991999999998],[1.4525100000000002,41.70921],[1.5159600000000002,41.71325000000001],[1.5412499999999996,41.72849000000001],[1.5218199999999997,41.73599999999999]]]},"properties":{"CODIMUNI":"080312","NOMMUNI":"Calaf","CODICOMAR":"06","NOMCOMAR":"Anoia"}},{"type":"Feature","geometry":{"type":"Polygon","coordinates":[[[2.53166,41.569079999999985],[2.51744,41.573339999999995],[2.52229,41.56557],[2.53166,41.569079999999985]]]},"properties":{"CODIMUNI":"080327","NOMMUNI":"Caldes d'Estrac","CODICOMAR":"21","NOMCOMAR":"Maresme"}},{"type":"Feature","geometry":{"type":"Polygon","coordinates":[[[2.16486,41.67752],[2.13783,41.68958000000001],[2.13456,41.66925],[2.09611,41.65913],[2.1486900000000007,41.63078],[2.16469,41.60119],[2.18426,41.602289999999996],[2.20335,41.63221999999999],[2.1798500000000005,41.65867],[2.1640800000000002,41.657549999999986],[2.16486,41.67752]]]},"properties":{"CODIMUNI":"080333","NOMMUNI":"Caldes de Montbui","CODICOMAR":"41","NOMCOMAR":"Vallès Oriental"}},{"type":"Feature","geometry":{"type":"Polygon","coordinates":[[[2.0333500000000004,41.79998999999998],[2.0185100000000005,41.801539999999996],[1.9038600000000008,41.774179999999994],[1.9175300000000002,41.77],[1.92821,41.74508999999999],[1.98728,41.75313],[1.9906300000000001,41.76175],[2.00056,41.76129],[2.00657,41.778769999999994],[2.0242700000000005,41.779219999999995],[2.0333500000000004,41.79998999999998]]]},"properties":{"CODIMUNI":"080348","NOMMUNI":"Calders","CODICOMAR":"42","NOMCOMAR":"Moianès"}},{"type":"Feature","geometry":{"type":"Polygon","coordinates":[[[2.67174,41.615010000000005],[2.6489599999999998,41.640660000000004],[2.62831,41.63814],[2.6396000000000006,41.60495],[2.67174,41.615010000000005]]]},"properties":{"CODIMUNI":"080351","NOMMUNI":"Calella","CODICOMAR":"21","NOMCOMAR":"Maresme"}},{"type":"Feature","geometry":{"type":"Polygon","coordinates":[[[1.48543,41.790099999999995],[1.4873900000000002,41.77736],[1.4701500000000007,41.77136],[1.4608700000000003,41.776489999999995],[1.4361400000000004,41.739450000000005],[1.4414399999999998,41.73210000000001],[1.4777800000000005,41.736819999999994],[1.4644200000000003,41.72201999999999],[1.44511,41.716339999999995],[1.4476400000000003,41.708259999999996],[1.493710000000001,41.72060999999999],[1.5049500000000007,41.733909999999995],[1.5253300000000005,41.73825999999999],[1.5277899999999998,41.76408],[1.51087,41.7708],[1.5047600000000005,41.78821],[1.48543,41.790099999999995]]]},"properties":{"CODIMUNI":"080364","NOMMUNI":"Calonge de Segarra","CODICOMAR":"06","NOMCOMAR":"Anoia"}},{"type":"Feature","geometry":{"type":"Polygon","coordinates":[[[2.2853900000000005,41.93686999999999],[2.27695,41.924899999999994],[2.2964500000000005,41.91282],[2.31627,41.92150000000001],[2.31338,41.93357999999999],[2.2853900000000005,41.93686999999999]]]},"properties":{"CODIMUNI":"080370","NOMMUNI":"Calldetenes","CODICOMAR":"24","NOMCOMAR":"Osona"}},{"type":"Feature","geometry":{"type":"Polygon","coordinates":[[[1.7959,41.829],[1.7838999999999998,41.81265],[1.76359,41.80262999999999],[1.7503799999999998,41.803979999999996],[1.78365,41.77643],[1.8021600000000002,41.7916],[1.7959,41.829]]]},"properties":{"CODIMUNI":"080386","NOMMUNI":"Callús","CODICOMAR":"07","NOMCOMAR":"Bages"}},{"type":"Feature","geometry":{"type":"Polygon","coordinates":[[[2.4747100000000004,41.74252],[2.4519000000000006,41.72991],[2.4732800000000004,41.70747999999999],[2.49258,41.72108],[2.4747100000000004,41.74252]]]},"properties":{"CODIMUNI":"080399","NOMMUNI":"Campins","CODICOMAR":"41","NOMCOMAR":"Vallès Oriental"}},{"type":"Feature","geometry":{"type":"Polygon","coordinates":[[[2.5819899999999993,41.61036000000001],[2.55801,41.61336],[2.5720500000000004,41.58235],[2.5953100000000004,41.5906],[2.5819899999999993,41.61036000000001]]]},"properties":{"CODIMUNI":"080403","NOMMUNI":"Canet de Mar","CODICOMAR":"21","NOMCOMAR":"Maresme"}},{"type":"Feature","geometry":{"type":"Polygon","coordinates":[[[2.2885500000000003,41.6328],[2.2536799999999997,41.63875000000001],[2.25093,41.61896999999999],[2.2848400000000004,41.61453999999999],[2.2885500000000003,41.6328]]]},"properties":{"CODIMUNI":"080410","NOMMUNI":"Canovelles","CODICOMAR":"41","NOMCOMAR":"Vallès Oriental"}},{"type":"Feature","geometry":{"type":"Polygon","coordinates":[[[2.35242,41.74555000000001],[2.3326500000000006,41.72217999999999],[2.31599,41.71905999999999],[2.31485,41.70968],[2.3002800000000003,41.70441999999999],[2.3037800000000006,41.67242999999999],[2.3172500000000005,41.67255],[2.3318100000000004,41.6862],[2.36546,41.66972],[2.36982,41.7108],[2.35242,41.74555000000001]]]},"properties":{"CODIMUNI":"080425","NOMMUNI":"Cànoves i Samalús","CODICOMAR":"41","NOMCOMAR":"Vallès Oriental"}},{"type":"Feature","geometry":{"type":"Polygon","coordinates":[[[1.7430100000000006,41.296869999999984],[1.7028399999999997,41.29954],[1.69058,41.27175],[1.7267099999999997,41.26648],[1.7534499999999997,41.282120000000006],[1.7430100000000006,41.296869999999984]]]},"properties":{"CODIMUNI":"080431","NOMMUNI":"Canyelles","CODICOMAR":"17","NOMCOMAR":"Garraf"}},{"type":"Feature","geometry":{"type":"Polygon","coordinates":[[[1.7025599999999999,41.541000000000004],[1.67639,41.52993],[1.6800500000000003,41.513450000000006],[1.6818700000000009,41.52104999999999],[1.6942300000000003,41.523720000000004],[1.7025599999999999,41.541000000000004]]]},"properties":{"CODIMUNI":"080446","NOMMUNI":"Capellades","CODICOMAR":"06","NOMCOMAR":"Anoia"}},{"type":"Feature","geometry":{"type":"Polygon","coordinates":[[[1.7388399999999997,42.10625],[1.7381700000000004,42.11774],[1.7230800000000002,42.10975],[1.7119399999999998,42.1161],[1.7044499999999998,42.10598000000001],[1.7228699999999995,42.10007999999999],[1.72215,42.09128],[1.7076300000000006,42.08244],[1.6911800000000006,42.08679],[1.6900600000000001,42.07388],[1.7063900000000005,42.06577999999999],[1.7395500000000002,42.07386],[1.7503000000000002,42.06503999999999],[1.7840300000000004,42.06134999999999],[1.7822900000000002,42.07207],[1.8146100000000005,42.08870999999999],[1.7969600000000001,42.10674999999999],[1.7610999999999997,42.10049000000001],[1.7388399999999997,42.10625]]]},"properties":{"CODIMUNI":"080459","NOMMUNI":"Capolat","CODICOMAR":"14","NOMCOMAR":"Berguedà"}},{"type":"Feature","geometry":{"type":"Polygon","coordinates":[[[2.3606499999999997,41.67249],[2.3486400000000005,41.67373],[2.3301,41.635099999999994],[2.3559899999999994,41.63398],[2.3576300000000003,41.62630999999998],[2.3445800000000006,41.62608],[2.35062,41.61657],[2.37484,41.63838],[2.3606499999999997,41.67249]]]},"properties":{"CODIMUNI":"080462","NOMMUNI":"Cardedeu","CODICOMAR":"41","NOMCOMAR":"Vallès Oriental"}},{"type":"Feature","geometry":{"type":"Polygon","coordinates":[[[1.6630599999999998,41.96229000000001],[1.6478299999999995,41.95577000000001],[1.6424100000000001,41.94052999999999],[1.6512900000000001,41.92694],[1.6372399999999998,41.92641999999999],[1.5859500000000006,41.88828],[1.5760300000000003,41.891020000000005],[1.5685400000000003,41.8798],[1.5832700000000004,41.87348000000001],[1.6063700000000005,41.88363],[1.6256300000000006,41.86898],[1.6684300000000003,41.86815],[1.6958200000000003,41.88884000000001],[1.7114100000000005,41.88915999999998],[1.7086300000000003,41.89704],[1.7192800000000004,41.89336],[1.7241700000000002,41.923940000000016],[1.7161600000000001,41.94321999999999],[1.6857000000000004,41.93737999999998],[1.6630599999999998,41.96229000000001]]]},"properties":{"CODIMUNI":"080478","NOMMUNI":"Cardona","CODICOMAR":"07","NOMCOMAR":"Bages"}},{"type":"Feature","geometry":{"type":"Polygon","coordinates":[[[1.6386500000000002,41.54739],[1.5851,41.54078],[1.6148000000000002,41.53212],[1.6049100000000005,41.51324999999999],[1.6393900000000003,41.52002],[1.6525,41.53791],[1.6386500000000002,41.54739]]]},"properties":{"CODIMUNI":"080484","NOMMUNI":"Carme","CODICOMAR":"06","NOMCOMAR":"Anoia"}},{"type":"Feature","geometry":{"type":"Polygon","coordinates":[[[1.8718399999999997,42.04813],[1.8563500000000004,42.03953],[1.8391100000000002,42.04943000000001],[1.822400000000001,42.03159],[1.8133999999999997,42.032050000000005],[1.8008100000000005,42.012329999999984],[1.80769,41.97879],[1.8271099999999998,41.97492999999999],[1.8214400000000002,41.99772999999999],[1.8524600000000004,42.00787999999999],[1.8859800000000007,41.99332999999999],[1.86691,42.02622000000001],[1.8792600000000002,42.03834],[1.8718399999999997,42.04813]]]},"properties":{"CODIMUNI":"080497","NOMMUNI":"Casserres","CODICOMAR":"14","NOMCOMAR":"Berguedà"}},{"type":"Feature","geometry":{"type":"Polygon","coordinates":[[[1.7161400000000002,42.15458],[1.6995600000000006,42.12790999999999],[1.7230800000000002,42.10975],[1.7381700000000004,42.11774],[1.7388399999999997,42.10625],[1.7612699999999994,42.100480000000005],[1.8192699999999997,42.108869999999996],[1.8243300000000005,42.12163],[1.7962400000000005,42.134359999999994],[1.7642999999999998,42.14472000000001],[1.7569200000000003,42.13683999999999],[1.743389999999999,42.13683000000002],[1.72387,42.14316],[1.7161400000000002,42.15458]]]},"properties":{"CODIMUNI":"080500","NOMMUNI":"Castellar del Riu","CODICOMAR":"14","NOMCOMAR":"Berguedà"}},{"type":"Feature","geometry":{"type":"Polygon","coordinates":[[[2.08496,41.66611000000001],[2.04073,41.653009999999995],[2.0253799999999997,41.63202999999999],[2.0626100000000007,41.588],[2.08705,41.5816],[2.1172399999999993,41.59016999999999],[2.11837,41.60247999999999],[2.08496,41.66611000000001]]]},"properties":{"CODIMUNI":"080517","NOMMUNI":"Castellar del Vallès","CODICOMAR":"40","NOMCOMAR":"Vallès Occidental"}},{"type":"Feature","geometry":{"type":"Polygon","coordinates":[[[1.94937,42.31537000000001],[1.9402399999999997,42.30272000000001],[1.95361,42.282030000000006],[1.9450900000000002,42.25917],[2.02869,42.251729999999995],[2.06985,42.287119999999994],[2.0187200000000005,42.31032999999999],[1.9837500000000006,42.29901],[1.94937,42.31537000000001]]]},"properties":{"CODIMUNI":"080522","NOMMUNI":"Castellar de n'Hug","CODICOMAR":"14","NOMCOMAR":"Berguedà"}},{"type":"Feature","geometry":{"type":"Polygon","coordinates":[[[1.8947400000000003,41.66414],[1.8039600000000005,41.6493],[1.8006400000000007,41.614129999999996],[1.80932,41.63014999999999],[1.85852,41.62448],[1.8729800000000008,41.61272999999999],[1.8900800000000004,41.61533],[1.8947400000000003,41.66414]]]},"properties":{"CODIMUNI":"080538","NOMMUNI":"Castellbell i el Vilar","CODICOMAR":"07","NOMCOMAR":"Bages"}},{"type":"Feature","geometry":{"type":"Polygon","coordinates":[[[2.00556,41.46898],[1.9786600000000005,41.523250000000004],[1.97018,41.51368],[1.9361099999999996,41.50781],[1.9216500000000005,41.49136],[1.9448800000000004,41.46771999999999],[1.95074,41.471759999999996],[1.9611100000000004,41.46003999999999],[1.9732900000000002,41.46370999999999],[1.99408,41.43559],[2.00556,41.46898]]]},"properties":{"CODIMUNI":"080543","NOMMUNI":"Castellbisbal","CODICOMAR":"40","NOMCOMAR":"Vallès Occidental"}},{"type":"Feature","geometry":{"type":"MultiPolygon","coordinates":[[[[2.0813700000000006,41.78944],[2.0586400000000005,41.79346],[2.04136,41.78437999999999],[2.04228,41.76605000000001],[2.0535600000000005,41.76075999999999],[2.0904400000000005,41.7778],[2.0813700000000006,41.78944]]],[[[2.18347,41.79361000000001],[2.1706099999999995,41.80154999999999],[2.1603900000000005,41.79315999999999],[2.1387299999999994,41.79233],[2.12683,41.77997999999999],[2.14194,41.75585999999999],[2.1423000000000005,41.73305],[2.1554800000000003,41.734350000000006],[2.17729,41.76111999999999],[2.18847,41.75715],[2.18347,41.79361000000001]]]]},"properties":{"CODIMUNI":"080556","NOMMUNI":"Castellcir","CODICOMAR":"42","NOMCOMAR":"Moianès"}},{"type":"Feature","geometry":{"type":"Polygon","coordinates":[[[1.9790800000000002,41.29590999999999],[1.9424900000000003,41.280269999999994],[1.9445,41.26349],[2.0032,41.26447999999999],[1.9790800000000002,41.29590999999999]]]},"properties":{"CODIMUNI":"080569","NOMMUNI":"Castelldefels","CODICOMAR":"11","NOMCOMAR":"Baix Llobregat"}},{"type":"Feature","geometry":{"type":"Polygon","coordinates":[[[1.9646499999999998,42.198829999999994],[1.9245699999999992,42.20151],[1.9110999999999996,42.18932],[1.9107099999999995,42.16770999999999],[1.91636,42.17076999999999],[1.9168900000000002,42.15939999999999],[1.9411200000000006,42.146249999999995],[1.9583,42.162020000000005],[1.9852100000000004,42.16446],[1.9921199999999997,42.17275],[1.9881600000000004,42.18148000000001],[1.9653499999999997,42.17953999999999],[1.9646499999999998,42.198829999999994]]]},"properties":{"CODIMUNI":"080575","NOMMUNI":"Castell de l'Areny","CODICOMAR":"14","NOMCOMAR":"Berguedà"}},{"type":"Feature","geometry":{"type":"Polygon","coordinates":[[[1.6421900000000003,41.31218],[1.5959299999999998,41.30877999999999],[1.5886400000000005,41.29761],[1.6118100000000004,41.28518999999999],[1.61657,41.293319999999994],[1.63675,41.296089999999985],[1.62743,41.29413999999999],[1.6221900000000005,41.25473999999999],[1.6060500000000002,41.24990999999999],[1.5701199999999995,41.26066000000001],[1.5831500000000003,41.235989999999994],[1.60393,41.23432],[1.6215000000000004,41.22362999999999],[1.6679999999999997,41.24501999999999],[1.6931500000000004,41.27541999999999],[1.6840000000000008,41.28834],[1.6710200000000004,41.28489999999999],[1.6453400000000005,41.29538999999999],[1.6421900000000003,41.31218]]]},"properties":{"CODIMUNI":"080581","NOMMUNI":"Castellet i la Gornal","CODICOMAR":"03","NOMCOMAR":"Alt Penedès"}},{"type":"Feature","geometry":{"type":"Polygon","coordinates":[[[1.6578900000000003,41.71169],[1.6153300000000004,41.703],[1.6184500000000006,41.68225000000001],[1.6345099999999997,41.66702],[1.6283599999999998,41.65845999999999],[1.6377400000000009,41.64587],[1.64222,41.654090000000004],[1.6600900000000003,41.65551],[1.6810600000000004,41.61946999999999],[1.70176,41.61886],[1.7255400000000003,41.63922999999999],[1.7029200000000004,41.65054],[1.7372700000000005,41.66743999999999],[1.73438,41.69424],[1.7039000000000002,41.69639],[1.6864299999999997,41.68744999999999],[1.6578900000000003,41.71169]]]},"properties":{"CODIMUNI":"080594","NOMMUNI":"Castellfollit del Boix","CODICOMAR":"07","NOMCOMAR":"Bages"}},{"type":"Feature","geometry":{"type":"Polygon","coordinates":[[[1.4290700000000005,41.802019999999985],[1.4165800000000004,41.79494999999999],[1.4028799999999997,41.74556],[1.4244700000000006,41.732669999999985],[1.4357900000000001,41.73472],[1.4717,41.78256999999999],[1.4713300000000002,41.80057999999999],[1.4290700000000005,41.802019999999985]]]},"properties":{"CODIMUNI":"080608","NOMMUNI":"Castellfollit de Riubregós","CODICOMAR":"06","NOMCOMAR":"Anoia"}},{"type":"Feature","geometry":{"type":"Polygon","coordinates":[[[1.8620199999999996,41.692170000000004],[1.8111199999999998,41.69433],[1.8154499999999998,41.68666000000001],[1.79533,41.677939999999985],[1.7873300000000005,41.653389999999995],[1.8522800000000001,41.66917000000001],[1.8518900000000005,41.67537999999999],[1.8703199999999995,41.682750000000006],[1.8620199999999996,41.692170000000004]]]},"properties":{"CODIMUNI":"080615","NOMMUNI":"Castellgalí","CODICOMAR":"07","NOMCOMAR":"Bages"}},{"type":"Feature","geometry":{"type":"Polygon","coordinates":[[[1.8208400000000002,41.857389999999995],[1.8124299999999993,41.87568000000001],[1.7825700000000004,41.85376000000001],[1.78273,41.84476000000001],[1.7973799999999998,41.84306999999999],[1.8022299999999996,41.79677999999999],[1.82994,41.79748],[1.8575699999999997,41.81705],[1.85214,41.83215999999999],[1.8208400000000002,41.857389999999995]]]},"properties":{"CODIMUNI":"080620","NOMMUNI":"Castellnou de Bages","CODICOMAR":"07","NOMCOMAR":"Bages"}},{"type":"Feature","geometry":{"type":"Polygon","coordinates":[[[1.7120500000000005,41.62091],[1.69039,41.62216],[1.6745400000000006,41.61478999999999],[1.6720900000000003,41.58662999999999],[1.7171200000000002,41.56562],[1.7196200000000001,41.580239999999996],[1.7332299999999998,41.58138000000001],[1.7459300000000004,41.593379999999996],[1.7120500000000005,41.62091]]]},"properties":{"CODIMUNI":"080636","NOMMUNI":"Castellolí","CODICOMAR":"06","NOMCOMAR":"Anoia"}},{"type":"Feature","geometry":{"type":"Polygon","coordinates":[[[2.1282900000000002,41.78132999999999],[2.0904400000000005,41.7778],[2.04346,41.75679],[2.0462800000000003,41.74940000000001],[2.10056,41.73753000000001],[2.0978600000000003,41.71838999999999],[2.10836,41.72945],[2.11034,41.71742],[2.13305,41.715589999999985],[2.12622,41.72319],[2.13119,41.73136999999999],[2.1419500000000005,41.73067],[2.14236,41.752129999999994],[2.1282900000000002,41.78132999999999]]]},"properties":{"CODIMUNI":"080641","NOMMUNI":"Castellterçol","CODICOMAR":"42","NOMCOMAR":"Moianès"}},{"type":"Feature","geometry":{"type":"Polygon","coordinates":[[[1.607520000000001,41.36269],[1.55998,41.34521999999999],[1.57426,41.315979999999996],[1.5959299999999998,41.30877999999999],[1.6424300000000003,41.31287999999999],[1.64734,41.326600000000006],[1.607520000000001,41.36269]]]},"properties":{"CODIMUNI":"080654","NOMMUNI":"Castellví de la Marca","CODICOMAR":"03","NOMCOMAR":"Alt Penedès"}},{"type":"Feature","geometry":{"type":"Polygon","coordinates":[[[1.9334200000000001,41.46632],[1.91079,41.454190000000004],[1.9064399999999997,41.46520999999999],[1.87798,41.45484],[1.8948800000000003,41.43007],[1.9463200000000007,41.43800999999999],[1.9523800000000004,41.45559999999998],[1.9334200000000001,41.46632]]]},"properties":{"CODIMUNI":"080667","NOMMUNI":"Castellví de Rosanes","CODICOMAR":"11","NOMCOMAR":"Baix Llobregat"}},{"type":"Feature","geometry":{"type":"Polygon","coordinates":[[[2.2103500000000005,41.80919],[2.18623,41.782070000000004],[2.22209,41.77821],[2.2241200000000005,41.75794],[2.24958,41.76389999999999],[2.2325699999999995,41.806020000000004],[2.2103500000000005,41.80919]]]},"properties":{"CODIMUNI":"080673","NOMMUNI":"Centelles","CODICOMAR":"24","NOMCOMAR":"Osona"}},{"type":"Feature","geometry":{"type":"Polygon","coordinates":[[[1.9379400000000004,41.41456],[1.9084400000000001,41.40451999999999],[1.88495,41.40814000000001],[1.8766700000000005,41.38960999999998],[1.9162200000000007,41.38919],[1.93619,41.39840000000001],[1.9517700000000002,41.36885999999999],[1.9778300000000002,41.36753],[1.9906500000000005,41.375889999999984],[1.97927,41.38033000000001],[1.99515,41.402409999999996],[1.9891600000000003,41.407579999999996],[1.9805100000000002,41.39991],[1.9617800000000005,41.40883],[1.9492500000000004,41.402890000000006],[1.9379400000000004,41.41456]]]},"properties":{"CODIMUNI":"080689","NOMMUNI":"Cervelló","CODICOMAR":"11","NOMCOMAR":"Baix Llobregat"}},{"type":"Feature","geometry":{"type":"Polygon","coordinates":[[[1.815,41.60195999999999],[1.7949400000000002,41.56152],[1.8134500000000011,41.555719999999994],[1.8266800000000003,41.53905],[1.8610199999999997,41.57922000000001],[1.8518200000000005,41.590909999999994],[1.82723,41.592290000000006],[1.815,41.60195999999999]]]},"properties":{"CODIMUNI":"080692","NOMMUNI":"Collbató","CODICOMAR":"11","NOMCOMAR":"Baix Llobregat"}},{"type":"Feature","geometry":{"type":"Polygon","coordinates":[[[2.19653,41.8361],[2.18631,41.85989999999999],[2.1796999999999995,41.85258],[2.1539500000000005,41.85347],[2.1510600000000006,41.82776],[2.17562,41.79825],[2.19653,41.8361]]]},"properties":{"CODIMUNI":"080706","NOMMUNI":"Collsuspina","CODICOMAR":"42","NOMCOMAR":"Moianès"}},{"type":"Feature","geometry":{"type":"Polygon","coordinates":[[[1.5471500000000005,41.656749999999995],[1.5023800000000005,41.659749999999995],[1.505670000000001,41.648529999999994],[1.4869200000000005,41.64432999999999],[1.4309099999999997,41.65529],[1.4552900000000002,41.64253999999999],[1.4880400000000005,41.64057999999999],[1.4900400000000003,41.63320000000001],[1.50975,41.63043],[1.5215200000000002,41.61826],[1.5379300000000007,41.62478],[1.5471500000000005,41.656749999999995]]]},"properties":{"CODIMUNI":"080713","NOMMUNI":"Copons","CODICOMAR":"06","NOMCOMAR":"Anoia"}},{"type":"Feature","geometry":{"type":"Polygon","coordinates":[[[1.9904100000000005,41.43962],[1.9644699999999997,41.44283],[1.8918099999999998,41.43048000000001],[1.8811900000000004,41.41158999999999],[1.9204400000000001,41.40686],[1.9904100000000005,41.43962]]]},"properties":{"CODIMUNI":"080728","NOMMUNI":"Corbera de Llobregat","CODICOMAR":"11","NOMCOMAR":"Baix Llobregat"}},{"type":"Feature","geometry":{"type":"Polygon","coordinates":[[[2.0804899999999997,41.36726000000001],[2.05914,41.36314],[2.050170000000001,41.34750999999999],[2.08952,41.3413],[2.09988,41.35192],[2.0804899999999997,41.36726000000001]]]},"properties":{"CODIMUNI":"080734","NOMMUNI":"Cornellà de Llobregat","CODICOMAR":"11","NOMCOMAR":"Baix Llobregat"}},{"type":"Feature","geometry":{"type":"MultiPolygon","coordinates":[[[[1.6518500000000003,41.19469],[1.6509099999999997,41.19507999999999],[1.6502000000000001,41.19459],[1.6515099999999998,41.19439999999999],[1.6518500000000003,41.19469]]],[[[1.6615900000000001,41.19513],[1.6629399999999999,41.195250000000016],[1.6629900000000006,41.19527999999999],[1.6615900000000001,41.19513]]],[[[1.6652799999999996,41.19559],[1.6665600000000003,41.195739999999994],[1.6652300000000007,41.19565999999999],[1.6652799999999996,41.19559]]],[[[1.6689100000000003,41.19615],[1.6702600000000007,41.19613999999999],[1.6703800000000004,41.196220000000004],[1.6689100000000003,41.19615]]],[[[1.68276,41.20146],[1.6683000000000008,41.245299999999986],[1.641240000000001,41.23542],[1.6532700000000002,41.20738],[1.64132,41.21161000000001],[1.64211,41.20007],[1.64743,41.19363],[1.6494900000000006,41.19612999999998],[1.6548100000000008,41.19667999999999],[1.6526000000000003,41.193819999999995],[1.64722,41.192730000000005],[1.6729300000000003,41.19787],[1.68276,41.20146]]]]},"properties":{"CODIMUNI":"080749","NOMMUNI":"Cubelles","CODICOMAR":"17","NOMCOMAR":"Garraf"}},{"type":"Feature","geometry":{"type":"Polygon","coordinates":[[[2.4852,41.63097],[2.4237300000000004,41.63018],[2.3751,41.59512000000001],[2.38657,41.59296],[2.3995500000000005,41.57556999999999],[2.45631,41.580110000000005],[2.4778400000000005,41.59952],[2.4976,41.6059],[2.4971700000000006,41.62340999999999],[2.4852,41.63097]]]},"properties":{"CODIMUNI":"080752","NOMMUNI":"Dosrius","CODICOMAR":"21","NOMCOMAR":"Maresme"}},{"type":"Feature","geometry":{"type":"Polygon","coordinates":[[[1.8911700000000007,41.58068999999999],[1.8518200000000005,41.590909999999994],[1.86079,41.57417999999999],[1.84167,41.56459999999999],[1.8266800000000003,41.53905],[1.8605600000000002,41.51534],[1.8734600000000003,41.52481],[1.91171,41.53286000000001],[1.8930699999999996,41.532799999999995],[1.87433,41.543339999999986],[1.8825700000000007,41.57636],[1.8911700000000007,41.58068999999999]]]},"properties":{"CODIMUNI":"080765","NOMMUNI":"Esparreguera","CODICOMAR":"11","NOMCOMAR":"Baix Llobregat"}},{"type":"Feature","geometry":{"type":"Polygon","coordinates":[[[2.0968299999999997,41.394360000000006],[2.0752300000000004,41.3734],[2.08355,41.36592],[2.0992799999999994,41.36865999999999],[2.0968299999999997,41.394360000000006]]]},"properties":{"CODIMUNI":"080771","NOMMUNI":"Esplugues de Llobregat","CODICOMAR":"11","NOMCOMAR":"Baix Llobregat"}},{"type":"Feature","geometry":{"type":"MultiPolygon","coordinates":[[[[1.67951,42.03863],[1.6842300000000003,42.04874999999999],[1.6755599999999997,42.05324],[1.6711399999999996,42.04376],[1.67951,42.03863]]],[[[1.74203,42.07145],[1.7063900000000005,42.06577999999999],[1.7074799999999999,42.05241999999999],[1.7255200000000004,42.04874],[1.7223400000000004,42.043699999999994],[1.7061800000000003,42.04598999999999],[1.6943600000000008,42.03493999999999],[1.6997000000000007,42.02886999999999],[1.7124100000000009,42.03036999999999],[1.7149500000000009,42.017889999999994],[1.7319499999999999,42.022130000000004],[1.7673400000000004,42.04863999999999],[1.7654300000000005,42.03669],[1.7868799999999996,42.03117000000001],[1.7836800000000004,42.00676],[1.8041799999999992,42.007299999999994],[1.8140500000000008,42.032619999999994],[1.7984600000000002,42.03573000000001],[1.8042799999999999,42.05876],[1.7503000000000002,42.06503999999999],[1.74203,42.07145]],[[1.7192700000000003,42.032849999999996],[1.7165900000000007,42.03393],[1.71728,42.03414],[1.7192700000000003,42.032849999999996]]]]},"properties":{"CODIMUNI":"080787","NOMMUNI":"l'Espunyola","CODICOMAR":"14","NOMCOMAR":"Berguedà"}},{"type":"Feature","geometry":{"type":"Polygon","coordinates":[[[2.10249,41.88797],[2.09195,41.88486],[2.0819699999999997,41.86437],[2.12341,41.85399999999999],[2.13525,41.86278000000001],[2.1318799999999998,41.878209999999996],[2.10249,41.88797]]]},"properties":{"CODIMUNI":"080790","NOMMUNI":"l'Estany","CODICOMAR":"42","NOMCOMAR":"Moianès"}},{"type":"Feature","geometry":{"type":"Polygon","coordinates":[[[1.7413500000000006,42.18808],[1.7328900000000005,42.15619],[1.7679700000000005,42.14333],[1.8057200000000002,42.15214000000001],[1.81159,42.16237],[1.8450100000000003,42.16752999999999],[1.8440600000000007,42.189989999999995],[1.8051600000000003,42.18009999999999],[1.7833599999999998,42.188990000000004],[1.76001,42.179689999999994],[1.7413500000000006,42.18808]]]},"properties":{"CODIMUNI":"080804","NOMMUNI":"Fígols","CODICOMAR":"14","NOMCOMAR":"Berguedà"}},{"type":"Feature","geometry":{"type":"Polygon","coordinates":[[[2.4328,41.78108],[2.40681,41.784349999999996],[2.3975200000000005,41.74061],[2.40719,41.73133],[2.42518,41.73238],[2.4430399999999994,41.70895],[2.46311,41.70383],[2.4714,41.708819999999996],[2.4519000000000006,41.72991],[2.4778800000000003,41.74719999999999],[2.47236,41.758379999999995],[2.4820600000000006,41.77170000000001],[2.46924,41.77792999999999],[2.47253,41.78959999999999],[2.4555000000000002,41.78442],[2.4439200000000003,41.78936],[2.4328,41.78108]]]},"properties":{"CODIMUNI":"080811","NOMMUNI":"Fogars de Montclús","CODICOMAR":"41","NOMCOMAR":"Vallès Oriental"}},{"type":"Feature","geometry":{"type":"Polygon","coordinates":[[[2.6928000000000005,41.741429999999994],[2.6818600000000004,41.74850000000001],[2.68043,41.739819999999995],[2.65793,41.74759],[2.63979,41.74297],[2.62913,41.73002999999999],[2.59894,41.72833],[2.5878999999999994,41.70023],[2.5942,41.68672999999998],[2.6137700000000006,41.69252000000001],[2.63022,41.68823999999999],[2.65008,41.720259999999996],[2.6701,41.71439],[2.72405,41.7444],[2.6928000000000005,41.741429999999994]]]},"properties":{"CODIMUNI":"080826","NOMMUNI":"Fogars de la Selva","CODICOMAR":"34","NOMCOMAR":"Selva"}},{"type":"Feature","geometry":{"type":"Polygon","coordinates":[[[2.29915,41.95622999999999],[2.28394,41.95669],[2.28988,41.93309],[2.3149100000000002,41.93434],[2.3447000000000005,41.92278],[2.3596500000000002,41.92884],[2.29915,41.95622999999999]]]},"properties":{"CODIMUNI":"080832","NOMMUNI":"Folgueroles","CODICOMAR":"24","NOMCOMAR":"Osona"}},{"type":"Feature","geometry":{"type":"Polygon","coordinates":[[[1.7162300000000001,41.781769999999995],[1.6890600000000004,41.80374],[1.6816600000000004,41.79122],[1.6598300000000008,41.80094],[1.6719700000000004,41.77885],[1.6292800000000003,41.76561999999999],[1.6359399999999997,41.75813000000001],[1.64715,41.7513],[1.7002200000000005,41.750989999999994],[1.7083999999999997,41.739729999999994],[1.7255299999999998,41.73534999999999],[1.7795,41.74107999999999],[1.78901,41.75701999999999],[1.7683200000000003,41.76739999999999],[1.76982,41.78346],[1.7162300000000001,41.781769999999995]]]},"properties":{"CODIMUNI":"080847","NOMMUNI":"Fonollosa","CODICOMAR":"07","NOMCOMAR":"Bages"}},{"type":"Feature","geometry":{"type":"Polygon","coordinates":[[[1.6130900000000004,41.45283],[1.57207,41.44316],[1.5786700000000002,41.43173000000001],[1.6301400000000004,41.416059999999995],[1.6866800000000002,41.38484999999999],[1.7049700000000003,41.38647],[1.7079299999999995,41.39484],[1.6928100000000001,41.406349999999996],[1.7055100000000007,41.41676999999999],[1.6130900000000004,41.45283]]]},"properties":{"CODIMUNI":"080850","NOMMUNI":"Font-rubí","CODICOMAR":"03","NOMCOMAR":"Alt Penedès"}},{"type":"Feature","geometry":{"type":"Polygon","coordinates":[[[2.35024,41.674139999999994],[2.3318100000000004,41.6862],[2.3172500000000005,41.67255],[2.2772300000000003,41.657399999999996],[2.2774700000000005,41.63535999999999],[2.2885500000000003,41.6328],[2.2865500000000005,41.62167],[2.3030300000000006,41.607409999999994],[2.3192200000000005,41.61243999999999],[2.34783,41.66116999999999],[2.35024,41.674139999999994]]]},"properties":{"CODIMUNI":"080863","NOMMUNI":"les Franqueses del Vallès","CODICOMAR":"41","NOMCOMAR":"Vallès Oriental"}},{"type":"Feature","geometry":{"type":"Polygon","coordinates":[[[2.10962,41.71791000000001],[2.0871300000000006,41.70778999999999],[2.08476,41.69816],[2.1130300000000006,41.66716],[2.13456,41.66925],[2.13305,41.715589999999985],[2.10962,41.71791000000001]]]},"properties":{"CODIMUNI":"080879","NOMMUNI":"Gallifa","CODICOMAR":"40","NOMCOMAR":"Vallès Occidental"}},{"type":"Feature","geometry":{"type":"Polygon","coordinates":[[[2.29968,41.71505999999999],[2.2698,41.71390999999999],[2.2525200000000005,41.68608999999999],[2.2772300000000003,41.657399999999996],[2.3037800000000006,41.67242999999999],[2.3002800000000003,41.70441999999999],[2.31137,41.70882],[2.29968,41.71505999999999]]]},"properties":{"CODIMUNI":"080885","NOMMUNI":"la Garriga","CODICOMAR":"41","NOMCOMAR":"Vallès Oriental"}},{"type":"Feature","geometry":{"type":"Polygon","coordinates":[[[1.9563500000000003,41.32234],[1.9148699999999999,41.288959999999996],[1.944269999999999,41.27980000000001],[1.97821,41.29645],[2.0032,41.26447999999999],[2.04588,41.27011],[2.01235,41.305879999999995],[1.9563500000000003,41.32234]]]},"properties":{"CODIMUNI":"080898","NOMMUNI":"Gavà","CODICOMAR":"11","NOMCOMAR":"Baix Llobregat"}},{"type":"Feature","geometry":{"type":"Polygon","coordinates":[[[1.95487,41.966240000000006],[1.9369200000000006,41.96546000000001],[1.88506,41.93509999999999],[1.88631,41.89846],[1.9214,41.89888],[1.9745699999999997,41.91178],[1.95487,41.966240000000006]]]},"properties":{"CODIMUNI":"080902","NOMMUNI":"Gaià","CODICOMAR":"07","NOMCOMAR":"Bages"}},{"type":"Feature","geometry":{"type":"Polygon","coordinates":[[[1.8748900000000002,41.45797000000001],[1.8363899999999995,41.462779999999995],[1.8157100000000006,41.438979999999994],[1.87578,41.398939999999996],[1.8968700000000003,41.433440000000004],[1.8748900000000002,41.45797000000001]]]},"properties":{"CODIMUNI":"080919","NOMMUNI":"Gelida","CODICOMAR":"03","NOMCOMAR":"Alt Penedès"}},{"type":"Feature","geometry":{"type":"Polygon","coordinates":[[[1.9027300000000007,42.03565],[1.8779100000000004,42.041889999999995],[1.86691,42.02622000000001],[1.8847600000000004,42.0022],[1.9027300000000007,42.03565]]]},"properties":{"CODIMUNI":"080924","NOMMUNI":"Gironella","CODICOMAR":"14","NOMCOMAR":"Berguedà"}},{"type":"Feature","geometry":{"type":"Polygon","coordinates":[[[1.7625800000000003,42.29325000000001],[1.7179200000000003,42.27955999999999],[1.7298900000000001,42.28023999999999],[1.7346599999999999,42.264010000000006],[1.7619300000000002,42.25824],[1.7601600000000004,42.248189999999994],[1.8357000000000008,42.22841999999999],[1.84484,42.23672],[1.82208,42.25168],[1.8330900000000003,42.28025000000001],[1.8187100000000003,42.277890000000006],[1.79847,42.288639999999994],[1.7625800000000003,42.29325000000001]]]},"properties":{"CODIMUNI":"080930","NOMMUNI":"Gisclareny","CODICOMAR":"14","NOMCOMAR":"Berguedà"}},{"type":"Feature","geometry":{"type":"MultiPolygon","coordinates":[[[[1.7325399999999997,41.38457],[1.6991299999999998,41.383489999999995],[1.6959999999999997,41.36964],[1.7336800000000003,41.363829999999986],[1.7419799999999996,41.36943],[1.7306900000000005,41.376020000000004],[1.7325399999999997,41.38457]]],[[[1.75404,41.38485],[1.74948,41.392610000000005],[1.7383899999999997,41.38475999999999],[1.7439700000000002,41.38190999999999],[1.75404,41.38485]]]]},"properties":{"CODIMUNI":"080945","NOMMUNI":"la Granada","CODICOMAR":"03","NOMCOMAR":"Alt Penedès"}},{"type":"Feature","geometry":{"type":"Polygon","coordinates":[[[2.04822,41.74927],[2.0265300000000006,41.72679],[2.0146700000000006,41.724599999999995],[2.02207,41.70769000000001],[2.0357300000000005,41.716929999999984],[2.0871300000000006,41.70778999999999],[2.11034,41.71742],[2.10836,41.72945],[2.0962000000000005,41.71983999999999],[2.10056,41.73753000000001],[2.04822,41.74927]]]},"properties":{"CODIMUNI":"080958","NOMMUNI":"Granera","CODICOMAR":"42","NOMCOMAR":"Moianès"}},{"type":"Feature","geometry":{"type":"Polygon","coordinates":[[[2.293,41.62208],[2.28301,41.61391],[2.26546,41.6144],[2.25668,41.57386],[2.2691300000000005,41.56412],[2.2901400000000005,41.57307000000001],[2.3038700000000003,41.61038999999999],[2.293,41.62208]]]},"properties":{"CODIMUNI":"080961","NOMMUNI":"Granollers","CODICOMAR":"41","NOMCOMAR":"Vallès Oriental"}},{"type":"Feature","geometry":{"type":"Polygon","coordinates":[[[2.48274,41.770440000000015],[2.4732,41.74551],[2.4914399999999994,41.717589999999994],[2.5295700000000005,41.70794],[2.54056,41.71669999999999],[2.5331600000000005,41.73600999999999],[2.51504,41.74862999999999],[2.51593,41.76153000000001],[2.48274,41.770440000000015]]]},"properties":{"CODIMUNI":"080977","NOMMUNI":"Gualba","CODICOMAR":"41","NOMCOMAR":"Vallès Oriental"}},{"type":"Feature","geometry":{"type":"Polygon","coordinates":[[[1.8154499999999998,41.68666000000001],[1.7802300000000006,41.712689999999995],[1.7365500000000005,41.69651],[1.7372700000000005,41.66743999999999],[1.7029200000000004,41.65054],[1.7257900000000004,41.64163999999999],[1.78845,41.65302],[1.79533,41.677939999999985],[1.8154499999999998,41.68666000000001]]]},"properties":{"CODIMUNI":"080983","NOMMUNI":"Sant Salvador de Guardiola","CODICOMAR":"07","NOMCOMAR":"Bages"}},{"type":"Feature","geometry":{"type":"MultiPolygon","coordinates":[[[[1.95361,42.282030000000006],[1.9402399999999997,42.30272000000001],[1.9368700000000005,42.2966],[1.901,42.29656],[1.8804600000000002,42.26342],[1.8779100000000004,42.236659999999986],[1.837,42.23149],[1.8418800000000006,42.217909999999996],[1.8303800000000003,42.21286],[1.8525900000000004,42.20671999999999],[1.8607900000000004,42.18708000000001],[1.86823,42.20146999999999],[1.8903000000000003,42.211099999999995],[1.8755099999999996,42.22036],[1.8800100000000002,42.22840999999999],[1.8943600000000003,42.23509],[1.89644,42.229429999999994],[1.9145000000000003,42.229009999999995],[1.9144099999999995,42.2463],[1.9450900000000002,42.25917],[1.95361,42.282030000000006]]],[[[1.8795200000000005,42.280789999999996],[1.8735700000000002,42.313379999999995],[1.8308200000000003,42.30053999999999],[1.8042900000000008,42.3019],[1.7969700000000006,42.29533],[1.8511400000000002,42.27551],[1.8795200000000005,42.280789999999996]]]]},"properties":{"CODIMUNI":"080996","NOMMUNI":"Guardiola de Berguedà","CODICOMAR":"14","NOMCOMAR":"Berguedà"}},{"type":"Feature","geometry":{"type":"Polygon","coordinates":[[[2.23289,41.980410000000006],[2.19581,41.99781999999999],[2.1868200000000004,41.99515999999999],[2.19073,41.9846],[2.17386,41.967349999999996],[2.1669,41.94368999999999],[2.16853,41.93334999999999],[2.1870299999999996,41.92813000000001],[2.19914,41.92623],[2.2091800000000004,41.93731999999999],[2.2384500000000003,41.93403],[2.23793,41.939620000000005],[2.28394,41.95669],[2.29932,41.97057999999999],[2.2830299999999997,41.98756],[2.26661,41.98441],[2.26019,41.99482999999999],[2.2487499999999994,41.99443999999999],[2.23289,41.980410000000006]]]},"properties":{"CODIMUNI":"081000","NOMMUNI":"Gurb","CODICOMAR":"24","NOMCOMAR":"Osona"}},{"type":"Feature","geometry":{"type":"Polygon","coordinates":[[[2.10554,41.379269999999984],[2.0992799999999994,41.36865999999999],[2.08678,41.36677999999999],[2.09988,41.35192],[2.08952,41.3413],[2.10053,41.33603999999998],[2.13743,41.348879999999994],[2.13071,41.36947],[2.10554,41.379269999999984]]]},"properties":{"CODIMUNI":"081017","NOMMUNI":"l'Hospitalet de Llobregat","CODICOMAR":"13","NOMCOMAR":"Barcelonès"}},{"type":"Feature","geometry":{"type":"Polygon","coordinates":[[[1.6324900000000002,41.59826999999999],[1.5981700000000005,41.58975],[1.58907,41.59408],[1.5775499999999996,41.58414],[1.6335700000000004,41.57251],[1.6324900000000002,41.59826999999999]]]},"properties":{"CODIMUNI":"081022","NOMMUNI":"Igualada","CODICOMAR":"06","NOMCOMAR":"Anoia"}},{"type":"Feature","geometry":{"type":"Polygon","coordinates":[[[1.4962900000000001,41.63313999999998],[1.4873100000000001,41.62725],[1.4903500000000003,41.61666],[1.4637800000000007,41.61482999999999],[1.47507,41.60403999999999],[1.5432900000000007,41.57843999999999],[1.5775499999999996,41.58414],[1.58907,41.59408],[1.57367,41.60427999999999],[1.5746800000000007,41.62110999999999],[1.55639,41.61361999999999],[1.5379300000000007,41.62478],[1.5205300000000006,41.61835],[1.4962900000000001,41.63313999999998]]]},"properties":{"CODIMUNI":"081038","NOMMUNI":"Jorba","CODICOMAR":"06","NOMCOMAR":"Anoia"}},{"type":"Feature","geometry":{"type":"Polygon","coordinates":[[[1.6058799999999995,41.51303000000001],[1.55558,41.510059999999996],[1.5309600000000005,41.48472],[1.51145,41.48739],[1.4923199999999996,41.47747],[1.4686900000000005,41.444199999999995],[1.4752700000000007,41.436609999999995],[1.4959499999999992,41.43572],[1.502620000000001,41.42846],[1.5537900000000007,41.45104],[1.572160000000001,41.44319],[1.59435,41.451299999999996],[1.5703799999999999,41.480349999999994],[1.6015800000000004,41.49555000000001],[1.6012200000000005,41.50417999999999],[1.6105000000000003,41.50521],[1.6058799999999995,41.51303000000001]]]},"properties":{"CODIMUNI":"081043","NOMMUNI":"la Llacuna","CODICOMAR":"06","NOMCOMAR":"Anoia"}},{"type":"Feature","geometry":{"type":"Polygon","coordinates":[[[2.21595,41.52394999999999],[2.20645,41.52806999999999],[2.1890799999999997,41.51549],[2.20048,41.501419999999996],[2.21595,41.52394999999999]]]},"properties":{"CODIMUNI":"081056","NOMMUNI":"la Llagosta","CODICOMAR":"41","NOMCOMAR":"Vallès Oriental"}},{"type":"Feature","geometry":{"type":"Polygon","coordinates":[[[2.42773,41.67627],[2.4148900000000006,41.64784],[2.3881,41.64990999999999],[2.36136,41.62013],[2.3757499999999996,41.59743999999999],[2.4237300000000004,41.63018],[2.45562,41.631229999999995],[2.4350900000000006,41.65171999999999],[2.44095,41.65886],[2.4453600000000004,41.65418999999999],[2.4492800000000003,41.66832],[2.42773,41.67627]]]},"properties":{"CODIMUNI":"081069","NOMMUNI":"Llinars del Vallès","CODICOMAR":"41","NOMCOMAR":"Vallès Oriental"}},{"type":"Feature","geometry":{"type":"Polygon","coordinates":[[[2.22433,41.635419999999996],[2.1984499999999993,41.62805999999999],[2.1994000000000002,41.6157],[2.1855500000000005,41.61206],[2.2002500000000005,41.58028],[2.21082,41.58262],[2.2246200000000003,41.60659999999999],[2.2530500000000004,41.59604],[2.26241,41.59638],[2.26787,41.607899999999994],[2.25093,41.61896999999999],[2.25323,41.630979999999994],[2.22433,41.635419999999996]]]},"properties":{"CODIMUNI":"081075","NOMMUNI":"Lliçà d'Amunt","CODICOMAR":"41","NOMCOMAR":"Vallès Oriental"}},{"type":"Feature","geometry":{"type":"Polygon","coordinates":[[[2.2254,41.60656000000001],[2.2156499999999997,41.60112000000001],[2.2040400000000004,41.56867],[2.2589100000000006,41.58155000000001],[2.26241,41.59638],[2.2254,41.60656000000001]]]},"properties":{"CODIMUNI":"081081","NOMMUNI":"Lliçà de Vall","CODICOMAR":"41","NOMCOMAR":"Vallès Oriental"}},{"type":"Feature","geometry":{"type":"Polygon","coordinates":[[[2.06824,42.109339999999996],[2.0496000000000003,42.12160999999999],[2.05449,42.10751],[2.0456300000000005,42.10447],[2.0624600000000006,42.09862],[2.0576800000000004,42.08768],[2.0530399999999998,42.09454000000001],[2.04246,42.09237],[2.04533,42.08103999999999],[2.0347099999999996,42.07713999999999],[2.0253300000000003,42.09632],[2.0081100000000003,42.08515],[1.997300000000001,42.028580000000005],[2.0213699999999997,42.026419999999995],[2.0178200000000004,42.012719999999995],[2.0547500000000007,42.03263],[2.0525100000000003,42.05987999999999],[2.0841100000000004,42.06005999999999],[2.08573,42.05489000000001],[2.0854900000000005,42.07522],[2.1081300000000005,42.07833],[2.11262,42.09843999999999],[2.10479,42.11129999999999],[2.06824,42.109339999999996]]]},"properties":{"CODIMUNI":"081094","NOMMUNI":"Lluçà","CODICOMAR":"43","NOMCOMAR":"Lluçanès"}},{"type":"Feature","geometry":{"type":"Polygon","coordinates":[[[2.7661800000000003,41.66534],[2.7149200000000007,41.65173999999999],[2.7278,41.634879999999995],[2.7768999999999995,41.65002],[2.7661800000000003,41.66534]]]},"properties":{"CODIMUNI":"081108","NOMMUNI":"Malgrat de Mar","CODICOMAR":"21","NOMCOMAR":"Maresme"}},{"type":"Feature","geometry":{"type":"MultiPolygon","coordinates":[[[[2.26135,41.852090000000004],[2.25661,41.86086],[2.2402900000000003,41.85017],[2.2523899999999997,41.8453],[2.26135,41.852090000000004]]],[[[2.26535,41.89316],[2.26064,41.90347],[2.2424100000000005,41.91069000000001],[2.2099400000000005,41.88963],[2.241390000000001,41.87402999999999],[2.26535,41.89316]]]]},"properties":{"CODIMUNI":"081115","NOMMUNI":"Malla","CODICOMAR":"24","NOMCOMAR":"Osona"}},{"type":"Feature","geometry":{"type":"Polygon","coordinates":[[[2.2905,42.03262],[2.24398,42.00437],[2.26661,41.98441],[2.31066,42.00395],[2.3077299999999994,42.0209],[2.2905,42.03262]]]},"properties":{"CODIMUNI":"081120","NOMMUNI":"Manlleu","CODICOMAR":"24","NOMCOMAR":"Osona"}},{"type":"Feature","geometry":{"type":"Polygon","coordinates":[[[1.8659100000000002,41.7371],[1.82959,41.75824],[1.81405,41.75148999999999],[1.8040199999999997,41.73551],[1.7692600000000005,41.74369],[1.7741300000000007,41.713629999999995],[1.7856400000000003,41.7134],[1.8071600000000008,41.68973],[1.82678,41.695930000000004],[1.8685300000000007,41.68816999999999],[1.8747299999999998,41.71468000000001],[1.8659100000000002,41.7371]]]},"properties":{"CODIMUNI":"081136","NOMMUNI":"Manresa","CODICOMAR":"07","NOMCOMAR":"Bages"}},{"type":"Feature","geometry":{"type":"Polygon","coordinates":[[[1.9250700000000005,41.49736],[1.8899,41.501],[1.89843,41.49605999999999],[1.8925800000000006,41.48974999999999],[1.9116300000000008,41.46815999999999],[1.90934,41.45438],[1.9331500000000001,41.46632000000001],[1.9448000000000005,41.46029],[1.9536600000000004,41.4647],[1.9223100000000002,41.489720000000005],[1.9250700000000005,41.49736]]]},"properties":{"CODIMUNI":"081141","NOMMUNI":"Martorell","CODICOMAR":"11","NOMCOMAR":"Baix Llobregat"}},{"type":"Feature","geometry":{"type":"Polygon","coordinates":[[[2.2529799999999995,41.53171],[2.23244,41.542],[2.2207700000000004,41.5312],[2.24262,41.52080999999998],[2.2529799999999995,41.53171]]]},"properties":{"CODIMUNI":"081154","NOMMUNI":"Martorelles","CODICOMAR":"41","NOMCOMAR":"Vallès Oriental"}},{"type":"Feature","geometry":{"type":"Polygon","coordinates":[[[2.3406999999999996,42.003370000000004],[2.3333600000000003,41.99436],[2.3076500000000006,42.00213],[2.2867199999999994,41.99200999999999],[2.2998,41.97259],[2.30433,41.98790999999999],[2.3190100000000005,41.98813],[2.30925,41.9672],[2.29979,41.971419999999995],[2.29548,41.96564],[2.3415100000000004,41.96566],[2.35037,41.980219999999996],[2.3667099999999994,41.971560000000004],[2.3633000000000006,41.986149999999995],[2.3406999999999996,42.003370000000004]]]},"properties":{"CODIMUNI":"081167","NOMMUNI":"les Masies de Roda","CODICOMAR":"24","NOMCOMAR":"Osona"}},{"type":"Feature","geometry":{"type":"Polygon","coordinates":[[[2.2417100000000003,42.053200000000004],[2.1876500000000005,42.03309],[2.1978699999999995,42.01236999999999],[2.22888,42.00308999999999],[2.2404299999999995,41.98197999999999],[2.24813,41.98897],[2.2455100000000003,42.007320000000014],[2.2590100000000004,42.015159999999995],[2.25157,42.02029],[2.25797,42.02913999999999],[2.24387,42.02869999999999],[2.23515,42.04357],[2.2564100000000002,42.04594000000001],[2.2417100000000003,42.053200000000004]],[[2.2310900000000005,42.01356],[2.2425699999999997,42.019189999999995],[2.2448,42.01241],[2.2310900000000005,42.01356]]]},"properties":{"CODIMUNI":"081173","NOMMUNI":"les Masies de Voltregà","CODICOMAR":"24","NOMCOMAR":"Osona"}},{"type":"Feature","geometry":{"type":"Polygon","coordinates":[[[2.30967,41.49009],[2.2963300000000006,41.47218999999999],[2.34681,41.48513],[2.34408,41.488200000000006],[2.30967,41.49009]]]},"properties":{"CODIMUNI":"081189","NOMMUNI":"el Masnou","CODICOMAR":"21","NOMCOMAR":"Maresme"}},{"type":"Feature","geometry":{"type":"Polygon","coordinates":[[[1.8440199999999995,41.50683999999999],[1.7781099999999996,41.52375],[1.7917499999999993,41.475489999999986],[1.8062,41.47336],[1.8318100000000004,41.49571999999999],[1.8430299999999995,41.49316],[1.8440199999999995,41.50683999999999]]]},"properties":{"CODIMUNI":"081192","NOMMUNI":"Masquefa","CODICOMAR":"06","NOMCOMAR":"Anoia"}},{"type":"Feature","geometry":{"type":"Polygon","coordinates":[[[2.0104700000000015,41.65633999999999],[1.98293,41.64817],[1.9791100000000004,41.623329999999996],[2.02858,41.592629999999986],[2.04642,41.60739999999999],[2.0253799999999997,41.63202999999999],[2.04073,41.653009999999995],[2.0104700000000015,41.65633999999999]]]},"properties":{"CODIMUNI":"081206","NOMMUNI":"Matadepera","CODICOMAR":"40","NOMCOMAR":"Vallès Occidental"}},{"type":"Feature","geometry":{"type":"Polygon","coordinates":[[[2.45631,41.580110000000005],[2.4163600000000005,41.57694],[2.42691,41.56798],[2.4259800000000005,41.54911],[2.41529,41.543169999999996],[2.42383,41.51912999999998],[2.48714,41.551080000000006],[2.45631,41.580110000000005]]]},"properties":{"CODIMUNI":"081213","NOMMUNI":"Mataró","CODICOMAR":"21","NOMCOMAR":"Maresme"}},{"type":"Feature","geometry":{"type":"Polygon","coordinates":[[[1.68,41.507130000000004],[1.6146100000000005,41.51325],[1.6058799999999995,41.51303000000001],[1.6105000000000003,41.50521],[1.6012200000000005,41.50417999999999],[1.6015800000000004,41.49555000000001],[1.5703799999999999,41.480349999999994],[1.5960700000000003,41.44997999999999],[1.6130900000000004,41.45283],[1.637480000000001,41.44362],[1.6433900000000004,41.464259999999996],[1.7023400000000002,41.47422999999999],[1.68,41.507130000000004]]]},"properties":{"CODIMUNI":"081228","NOMMUNI":"Mediona","CODICOMAR":"03","NOMCOMAR":"Alt Penedès"}},{"type":"Feature","geometry":{"type":"Polygon","coordinates":[[[2.0607699999999998,41.44498999999999],[2.0329499999999996,41.44169],[2.0056,41.42144],[2.0218200000000004,41.389779999999995],[2.0569,41.416],[2.0607699999999998,41.44498999999999]]]},"properties":{"CODIMUNI":"081234","NOMMUNI":"Molins de Rei","CODICOMAR":"11","NOMCOMAR":"Baix Llobregat"}},{"type":"Feature","geometry":{"type":"Polygon","coordinates":[[[2.2137599999999997,41.55671],[2.19624,41.57497999999999],[2.18989,41.55696999999999],[2.21595,41.52394999999999],[2.23401,41.554649999999995],[2.2137599999999997,41.55671]]]},"properties":{"CODIMUNI":"081249","NOMMUNI":"Mollet del Vallès","CODICOMAR":"41","NOMCOMAR":"Vallès Oriental"}},{"type":"Feature","geometry":{"type":"MultiPolygon","coordinates":[[[[2.1890799999999997,41.51549],[2.1626599999999994,41.516130000000004],[2.1590000000000007,41.50739000000001],[2.1733,41.49266],[2.1523700000000003,41.48968],[2.1595800000000005,41.48479],[2.15584,41.44993],[2.1786899999999996,41.46818],[2.2168400000000004,41.47516999999999],[2.21182,41.48048],[2.2233899999999998,41.49614999999999],[2.20048,41.501419999999996],[2.1890799999999997,41.51549]]],[[[2.19319,41.56777],[2.1965299999999996,41.57226],[2.19624,41.57497999999999],[2.18648,41.57254],[2.19319,41.56777]]]]},"properties":{"CODIMUNI":"081252","NOMMUNI":"Montcada i Reixac","CODICOMAR":"40","NOMCOMAR":"Vallès Occidental"}},{"type":"Feature","geometry":{"type":"Polygon","coordinates":[[[2.2953,41.475750000000005],[2.2918699999999994,41.48250999999999],[2.26133,41.47023999999998],[2.26998,41.46061],[2.2953,41.475750000000005]]]},"properties":{"CODIMUNI":"081265","NOMMUNI":"Montgat","CODICOMAR":"21","NOMCOMAR":"Maresme"}},{"type":"Feature","geometry":{"type":"MultiPolygon","coordinates":[[[[1.8641400000000004,41.61785999999999],[1.8258600000000007,41.62092],[1.8225300000000004,41.60117],[1.8114999999999999,41.60537],[1.82723,41.592290000000006],[1.8633100000000002,41.59228000000001],[1.8641400000000004,41.61785999999999]]],[[[1.8216400000000004,41.649879999999996],[1.8212,41.656],[1.8169399999999998,41.6575],[1.8124899999999995,41.6516],[1.8216400000000004,41.649879999999996]]]]},"properties":{"CODIMUNI":"081271","NOMMUNI":"Monistrol de Montserrat","CODICOMAR":"07","NOMCOMAR":"Bages"}},{"type":"Feature","geometry":{"type":"Polygon","coordinates":[[[2.04136,41.78437999999999],[2.028,41.79017999999999],[2.0242700000000005,41.779219999999995],[2.0074500000000004,41.7793],[2.00056,41.76129],[1.9792000000000003,41.75323],[2.0146700000000006,41.724599999999995],[2.0265300000000006,41.72679],[2.0535600000000005,41.76075999999999],[2.04228,41.76605000000001],[2.04136,41.78437999999999]]]},"properties":{"CODIMUNI":"081287","NOMMUNI":"Monistrol de Calders","CODICOMAR":"42","NOMCOMAR":"Moianès"}},{"type":"Feature","geometry":{"type":"MultiPolygon","coordinates":[[[[2.1958300000000004,41.89658999999999],[2.14395,41.90171],[2.1381900000000003,41.88936999999999],[2.123,41.88563],[2.1367100000000003,41.85887000000002],[2.1462,41.8526],[2.1796999999999995,41.85258],[2.19358,41.86729999999999],[2.2303299999999995,41.873619999999995],[2.2282600000000006,41.881809999999994],[2.2099400000000005,41.88963],[2.19467,41.88215],[2.1958300000000004,41.89658999999999]]],[[[2.1958300000000004,41.89658999999999],[2.1993800000000006,41.904309999999995],[2.193,41.90676],[2.1918800000000003,41.90407],[2.1958300000000004,41.89658999999999]]],[[[2.1390799999999994,41.94393999999999],[2.1228999999999996,41.94414999999999],[2.09038,41.915049999999994],[2.09167,41.90456999999999],[2.1370200000000006,41.913320000000006],[2.1276200000000003,41.934329999999996],[2.1390799999999994,41.94393999999999]]],[[[2.1372600000000004,41.957159999999995],[2.1391400000000003,41.96709999999999],[2.1282900000000002,41.97189999999999],[2.12149,41.96670999999999],[2.1372600000000004,41.957159999999995]]]]},"properties":{"CODIMUNI":"081290","NOMMUNI":"Muntanyola","CODICOMAR":"24","NOMCOMAR":"Osona"}},{"type":"Feature","geometry":{"type":"MultiPolygon","coordinates":[[[[1.77164,42.03248],[1.7673400000000004,42.04863999999999],[1.7428900000000005,42.03443999999999],[1.7403099999999998,42.01397],[1.76437,41.98890000000001],[1.7765,41.999769999999984],[1.79171,42.0006],[1.78683,41.993860000000005],[1.7950399999999995,41.985319999999994],[1.80657,41.99267],[1.8050400000000006,42.00608],[1.7836800000000004,42.00676],[1.7868799999999996,42.03117000000001],[1.77164,42.03248]]],[[[1.822400000000001,42.03159],[1.8067800000000003,42.05264],[1.7984600000000002,42.03573000000001],[1.822400000000001,42.03159]]]]},"properties":{"CODIMUNI":"081304","NOMMUNI":"Montclar","CODICOMAR":"14","NOMCOMAR":"Berguedà"}},{"type":"Feature","geometry":{"type":"Polygon","coordinates":[[[2.2048100000000006,42.13159],[2.19262,42.12024],[2.2100100000000005,42.10512],[2.2327200000000005,42.127669999999995],[2.2048100000000006,42.13159]]]},"properties":{"CODIMUNI":"081311","NOMMUNI":"Montesquiu","CODICOMAR":"24","NOMCOMAR":"Osona"}},{"type":"Feature","geometry":{"type":"MultiPolygon","coordinates":[[[[1.7155099999999999,42.02655],[1.6893100000000003,42.02735],[1.6697000000000006,42.01541000000001],[1.6663400000000004,42.003009999999996],[1.6644000000000008,42.02161999999999],[1.65775,42.02153],[1.6474700000000004,41.99936999999999],[1.65426,41.99299999999999],[1.6577000000000002,42.00290999999999],[1.6621900000000003,41.99112],[1.68477,41.99512999999999],[1.6974300000000004,41.985679999999995],[1.6900900000000003,42.00511],[1.6966399999999995,42.01414],[1.7174100000000005,41.99973999999999],[1.7174200000000004,41.98311999999999],[1.6824000000000006,41.96765],[1.6708000000000003,41.96834999999999],[1.67434,41.98273999999999],[1.6671000000000002,41.985060000000004],[1.6452000000000002,41.971129999999995],[1.64572,41.95853000000001],[1.6635300000000002,41.96218],[1.6857000000000004,41.93737999999998],[1.7490500000000004,41.94408999999999],[1.7553400000000003,41.95957],[1.7513900000000004,41.97665],[1.76436,41.98666999999999],[1.7592099999999997,42.00162999999999],[1.7417199999999997,42.01117],[1.7367700000000001,42.02569],[1.7149500000000009,42.017889999999994],[1.7155099999999999,42.02655]]],[[[1.7176000000000002,42.03207],[1.71856,42.03364],[1.7165900000000007,42.03393],[1.7176000000000002,42.03207]]],[[[1.7052100000000001,42.06873],[1.6900600000000001,42.07388],[1.6742199999999998,42.05227],[1.6973700000000005,42.03654],[1.7061800000000003,42.04598999999999],[1.7223400000000004,42.043699999999994],[1.7255200000000004,42.04874],[1.7074799999999999,42.05241999999999],[1.7052100000000001,42.06873]]],[[[1.6891,42.10190999999999],[1.6891600000000004,42.10205],[1.6889400000000012,42.10193999999999],[1.6891,42.10190999999999]]],[[[1.6885500000000002,42.11298],[1.65912,42.114720000000005],[1.644500000000001,42.11146999999999],[1.6767800000000008,42.10356],[1.6914000000000002,42.10457],[1.6885500000000002,42.11298]]],[[[1.73309,42.156000000000006],[1.7205999999999997,42.15182],[1.7251199999999993,42.14253],[1.74998,42.13555999999999],[1.7641000000000004,42.14172000000001],[1.73309,42.156000000000006]]]]},"properties":{"CODIMUNI":"081326","NOMMUNI":"Montmajor","CODICOMAR":"14","NOMCOMAR":"Berguedà"}},{"type":"Feature","geometry":{"type":"Polygon","coordinates":[[[1.4205300000000007,41.63445],[1.3915000000000006,41.63432999999999],[1.3611500000000007,41.61231999999999],[1.4073300000000009,41.60034],[1.4170900000000002,41.617419999999996],[1.439960000000001,41.62355999999999],[1.4205300000000007,41.63445]]]},"properties":{"CODIMUNI":"081332","NOMMUNI":"Montmaneu","CODICOMAR":"06","NOMCOMAR":"Anoia"}},{"type":"Feature","geometry":{"type":"Polygon","coordinates":[[[2.3222400000000003,41.71973],[2.2996899999999996,41.73489],[2.2723,41.72683],[2.24058,41.729609999999994],[2.24043,41.70201],[2.2525200000000005,41.68608999999999],[2.2698,41.71390999999999],[2.28626,41.71204999999999],[2.2921600000000004,41.7191],[2.31485,41.70968],[2.3222400000000003,41.71973]]]},"properties":{"CODIMUNI":"081347","NOMMUNI":"Figaró-Montmany","CODICOMAR":"41","NOMCOMAR":"Vallès Oriental"}},{"type":"Feature","geometry":{"type":"Polygon","coordinates":[[[2.25668,41.57386],[2.24683,41.55774999999999],[2.23049,41.54111000000001],[2.2563200000000005,41.546279999999996],[2.26672,41.56521999999999],[2.25668,41.57386]]]},"properties":{"CODIMUNI":"081350","NOMMUNI":"Montmeló","CODICOMAR":"41","NOMCOMAR":"Vallès Oriental"}},{"type":"Feature","geometry":{"type":"Polygon","coordinates":[[[2.28149,41.56993000000001],[2.26281,41.56298],[2.2563200000000005,41.546279999999996],[2.23244,41.542],[2.26948,41.52170999999999],[2.28442,41.545759999999994],[2.28149,41.56993000000001]]]},"properties":{"CODIMUNI":"081363","NOMMUNI":"Montornès del Vallès","CODICOMAR":"41","NOMCOMAR":"Vallès Oriental"}},{"type":"Feature","geometry":{"type":"Polygon","coordinates":[[[2.4332900000000004,41.80338999999999],[2.3826799999999997,41.80880000000001],[2.3622199999999998,41.78987999999999],[2.36519,41.76959000000001],[2.3343599999999998,41.76364999999999],[2.35241,41.74569],[2.37428,41.75974999999999],[2.3941600000000003,41.749009999999984],[2.40798,41.76785],[2.40681,41.784349999999996],[2.4179000000000004,41.78999],[2.4328,41.78108],[2.4439200000000003,41.78936],[2.4332900000000004,41.80338999999999]]]},"properties":{"CODIMUNI":"081379","NOMMUNI":"Montseny","CODICOMAR":"41","NOMCOMAR":"Vallès Oriental"}},{"type":"Feature","geometry":{"type":"Polygon","coordinates":[[[2.0964,41.86469999999999],[2.06546,41.854179999999985],[2.04782,41.82026],[2.03325,41.81331],[2.0380600000000006,41.80588],[2.0274700000000005,41.80174],[2.04136,41.78437999999999],[2.0586400000000005,41.79346],[2.0813700000000006,41.78944],[2.09413,41.775190000000016],[2.1282900000000002,41.78132999999999],[2.1387299999999994,41.79233],[2.1603900000000005,41.79315999999999],[2.1706099999999995,41.80154999999999],[2.1510600000000006,41.82776],[2.1539500000000005,41.85347],[2.1349500000000003,41.862849999999995],[2.12341,41.85399999999999],[2.1092300000000006,41.85491999999999],[2.1111600000000004,41.8613],[2.0964,41.86469999999999]]]},"properties":{"CODIMUNI":"081385","NOMMUNI":"Moià","CODICOMAR":"42","NOMCOMAR":"Moianès"}},{"type":"Feature","geometry":{"type":"Polygon","coordinates":[[[2.0117599999999998,41.72948],[1.9921900000000006,41.71396000000001],[1.9426800000000009,41.70974999999999],[1.9485300000000005,41.69087999999999],[1.9155299999999997,41.68273],[1.94221,41.64881999999999],[1.9612599999999998,41.64419000000001],[2.0095900000000007,41.65688999999999],[2.00913,41.691269999999996],[2.02218,41.69863999999999],[2.0117599999999998,41.72948]]]},"properties":{"CODIMUNI":"081398","NOMMUNI":"Mura","CODICOMAR":"07","NOMCOMAR":"Bages"}},{"type":"Feature","geometry":{"type":"Polygon","coordinates":[[[1.9129000000000005,41.77364],[1.9038600000000008,41.774179999999994],[1.9063200000000005,41.765199999999986],[1.89341,41.75261],[1.91332,41.73936],[1.92821,41.74508999999999],[1.9129000000000005,41.77364]]]},"properties":{"CODIMUNI":"081402","NOMMUNI":"Navarcles","CODICOMAR":"07","NOMCOMAR":"Bages"}},{"type":"Feature","geometry":{"type":"Polygon","coordinates":[[[1.72397,41.92943],[1.7191700000000005,41.88266],[1.7032000000000003,41.890959999999986],[1.6684300000000003,41.86815],[1.69385,41.85056000000001],[1.73948,41.85141000000001],[1.7407700000000004,41.85942999999999],[1.77175,41.863749999999996],[1.7846500000000003,41.85349999999999],[1.8016599999999996,41.871039999999994],[1.88631,41.89846],[1.8638700000000008,41.91653999999998],[1.8482700000000003,41.91622999999999],[1.8453800000000002,41.89809],[1.8393300000000004,41.90973],[1.8097300000000003,41.92582],[1.7668100000000007,41.91145999999999],[1.7572800000000004,41.91884],[1.73046,41.918400000000005],[1.7335000000000007,41.924749999999996],[1.72397,41.92943]]]},"properties":{"CODIMUNI":"081419","NOMMUNI":"Navàs","CODICOMAR":"07","NOMCOMAR":"Bages"}},{"type":"Feature","geometry":{"type":"Polygon","coordinates":[[[1.8874799999999998,42.20946000000001],[1.86823,42.20146999999999],[1.8660499999999995,42.18566],[1.87168,42.15],[1.89008,42.13482],[1.9137500000000003,42.17311000000001],[1.9110999999999996,42.18932],[1.9264999999999997,42.20172],[1.8874799999999998,42.20946000000001]]]},"properties":{"CODIMUNI":"081424","NOMMUNI":"la Nou de Berguedà","CODICOMAR":"14","NOMCOMAR":"Berguedà"}},{"type":"Feature","geometry":{"type":"Polygon","coordinates":[[[1.6275100000000002,41.66232],[1.60299,41.65882],[1.5916500000000002,41.64189999999999],[1.6033900000000003,41.63015999999999],[1.5949700000000007,41.61909],[1.57489,41.618169999999985],[1.57367,41.60427999999999],[1.5981700000000005,41.58975],[1.62759,41.600359999999995],[1.6365700000000005,41.593199999999996],[1.63622,41.57726],[1.6595500000000007,41.57251],[1.6730700000000005,41.584979999999995],[1.67188,41.61038],[1.6810600000000004,41.61946999999999],[1.6650099999999999,41.63916],[1.6685900000000007,41.64966999999999],[1.65243,41.6569],[1.6377400000000009,41.64587],[1.6275100000000002,41.66232]]]},"properties":{"CODIMUNI":"081430","NOMMUNI":"Òdena","CODICOMAR":"06","NOMCOMAR":"Anoia"}},{"type":"Feature","geometry":{"type":"Polygon","coordinates":[[[1.9066200000000006,42.096940000000004],[1.8794300000000004,42.086059999999996],[1.868770000000001,42.071379999999984],[1.8718399999999997,42.04813],[1.8792600000000002,42.03834],[1.8853200000000003,42.04527],[1.9027300000000007,42.03565],[1.8847600000000004,42.0022],[1.8905700000000005,41.99859000000001],[1.9071700000000007,42.00843999999999],[1.8977400000000004,42.02128999999999],[1.90562,42.036269999999995],[1.9153900000000001,42.04184999999999],[1.92595,42.03820999999999],[1.9577599999999997,42.07783],[1.9469000000000005,42.08822],[1.9066200000000006,42.096940000000004]]]},"properties":{"CODIMUNI":"081445","NOMMUNI":"Olvan","CODICOMAR":"14","NOMCOMAR":"Berguedà"}},{"type":"Feature","geometry":{"type":"Polygon","coordinates":[[[1.73245,41.36022],[1.7208700000000001,41.35726],[1.7381800000000007,41.34871],[1.7297200000000001,41.33694],[1.7226200000000005,41.342079999999996],[1.7212900000000004,41.33216],[1.70258,41.32419],[1.6944800000000002,41.33402],[1.6833799999999997,41.33151],[1.69257,41.31066999999999],[1.6840000000000008,41.28834],[1.6932000000000005,41.280390000000004],[1.7028399999999997,41.29954],[1.73846,41.295819999999985],[1.7619600000000002,41.30975999999998],[1.7680400000000005,41.32421],[1.75547,41.3261],[1.7634100000000001,41.33935],[1.7506300000000001,41.34148999999999],[1.74772,41.352160000000005],[1.73245,41.36022]]]},"properties":{"CODIMUNI":"081458","NOMMUNI":"Olèrdola","CODICOMAR":"03","NOMCOMAR":"Alt Penedès"}},{"type":"Feature","geometry":{"type":"Polygon","coordinates":[[[1.8693400000000007,41.38728],[1.8322699999999998,41.37324],[1.82343,41.36001],[1.80305,41.35123],[1.8399100000000004,41.31920999999999],[1.8514300000000001,41.319089999999996],[1.8702000000000003,41.342880000000015],[1.8983800000000004,41.35481],[1.8693400000000007,41.38728]]]},"properties":{"CODIMUNI":"081461","NOMMUNI":"Olesa de Bonesvalls","CODICOMAR":"03","NOMCOMAR":"Alt Penedès"}},{"type":"Feature","geometry":{"type":"Polygon","coordinates":[[[1.9204100000000004,41.571099999999994],[1.88444,41.579069999999994],[1.87433,41.543339999999986],[1.89393,41.53261],[1.93212,41.53652000000001],[1.91911,41.556439999999995],[1.9204100000000004,41.571099999999994]]]},"properties":{"CODIMUNI":"081477","NOMMUNI":"Olesa de Montserrat","CODICOMAR":"11","NOMCOMAR":"Baix Llobregat"}},{"type":"Feature","geometry":{"type":"Polygon","coordinates":[[[1.7819899999999995,41.3276],[1.7633799999999997,41.32103],[1.7619600000000002,41.30975999999998],[1.7435299999999996,41.29775],[1.7534499999999997,41.282120000000006],[1.7834699999999999,41.29462],[1.8150700000000004,41.29264],[1.8165799999999999,41.28016999999999],[1.8350000000000004,41.26830999999999],[1.8613700000000002,41.26971],[1.8714300000000006,41.27864],[1.8726699999999998,41.293449999999986],[1.8467300000000004,41.30635],[1.8497000000000003,41.31864],[1.7819899999999995,41.3276]]]},"properties":{"CODIMUNI":"081483","NOMMUNI":"Olivella","CODICOMAR":"17","NOMCOMAR":"Garraf"}},{"type":"Feature","geometry":{"type":"Polygon","coordinates":[[[2.13137,42.02570999999998],[2.07204,42.01152],[2.05336,42.014030000000005],[2.03395,41.98649],[2.0703800000000006,41.99635999999999],[2.07092,41.98458000000001],[2.11297,41.97633],[2.14665,42.01046000000001],[2.13137,42.02570999999998]]]},"properties":{"CODIMUNI":"081496","NOMMUNI":"Olost","CODICOMAR":"43","NOMCOMAR":"Lluçanès"}},{"type":"Feature","geometry":{"type":"Polygon","coordinates":[[[2.27812,42.0964],[2.2511699999999997,42.09684],[2.19934,42.08402],[2.1805400000000006,42.04194999999999],[2.1876500000000005,42.03309],[2.23385,42.05407999999999],[2.2516100000000003,42.05457000000001],[2.2504600000000003,42.063559999999995],[2.23787,42.06673],[2.27812,42.0964]]]},"properties":{"CODIMUNI":"081509","NOMMUNI":"Orís","CODICOMAR":"24","NOMCOMAR":"Osona"}},{"type":"Feature","geometry":{"type":"MultiPolygon","coordinates":[[[[2.01097,41.93873],[2.0223199999999997,41.93795],[2.018700000000001,41.94451999999998],[2.01097,41.93873]]],[[[2.0703100000000005,41.98911999999999],[2.0703800000000006,41.99635999999999],[1.9855899999999997,41.96965],[2.0316800000000006,41.960060000000006],[2.025920000000001,41.937539999999984],[2.04664,41.89751999999999],[2.07391,41.900099999999995],[2.1228999999999996,41.94414999999999],[2.1396000000000006,41.94462000000001],[2.13119,41.964439999999996],[2.12149,41.96670999999999],[2.12769,41.987390000000005],[2.108600000000001,41.97581000000001],[2.0703100000000005,41.98911999999999]]]]},"properties":{"CODIMUNI":"081516","NOMMUNI":"Oristà","CODICOMAR":"43","NOMCOMAR":"Lluçanès"}},{"type":"Feature","geometry":{"type":"Polygon","coordinates":[[[1.5966199999999997,41.541270000000004],[1.5383800000000003,41.52903],[1.54724,41.514289999999995],[1.57942,41.50721],[1.604160000000001,41.510479999999994],[1.6148000000000002,41.53212],[1.5966199999999997,41.541270000000004]]]},"properties":{"CODIMUNI":"081521","NOMMUNI":"Orpí","CODICOMAR":"06","NOMCOMAR":"Anoia"}},{"type":"Feature","geometry":{"type":"Polygon","coordinates":[[[2.35928,41.553329999999995],[2.35589,41.573879999999996],[2.33751,41.56115],[2.3335200000000005,41.544549999999994],[2.36855,41.54337],[2.35928,41.553329999999995]]]},"properties":{"CODIMUNI":"081537","NOMMUNI":"Òrrius","CODICOMAR":"21","NOMCOMAR":"Maresme"}},{"type":"Feature","geometry":{"type":"Polygon","coordinates":[[[1.6785,41.36943],[1.6463500000000006,41.366279999999996],[1.6616700000000002,41.345890000000004],[1.6730800000000001,41.34763999999999],[1.6879400000000007,41.364349999999995],[1.6785,41.36943]]]},"properties":{"CODIMUNI":"081542","NOMMUNI":"Pacs del Penedès","CODICOMAR":"03","NOMCOMAR":"Alt Penedès"}},{"type":"Feature","geometry":{"type":"Polygon","coordinates":[[[2.7274600000000007,41.693],[2.69396,41.67068999999999],[2.7149200000000007,41.65173999999999],[2.7652900000000002,41.66611],[2.75342,41.68552],[2.7274600000000007,41.693]]]},"properties":{"CODIMUNI":"081555","NOMMUNI":"Palafolls","CODICOMAR":"21","NOMCOMAR":"Maresme"}},{"type":"Feature","geometry":{"type":"Polygon","coordinates":[[[2.1879599999999995,41.60656000000001],[2.16469,41.60119],[2.1518200000000003,41.58386999999999],[2.15113,41.57370999999999],[2.17094,41.555],[2.18989,41.55696999999999],[2.18648,41.57254],[2.2026900000000005,41.57577],[2.1879599999999995,41.60656000000001]]]},"properties":{"CODIMUNI":"081568","NOMMUNI":"Palau-solità i Plegamans","CODICOMAR":"40","NOMCOMAR":"Vallès Occidental"}},{"type":"Feature","geometry":{"type":"Polygon","coordinates":[[[2.0097100000000006,41.41098],[1.9904100000000005,41.43962],[1.9449699999999996,41.41736999999999],[1.9737199999999995,41.416219999999996],[1.9886000000000004,41.40832999999999],[2.0097100000000006,41.41098]]]},"properties":{"CODIMUNI":"081574","NOMMUNI":"Pallejà","CODICOMAR":"11","NOMCOMAR":"Baix Llobregat"}},{"type":"Feature","geometry":{"type":"Polygon","coordinates":[[[2.0235700000000003,41.45747],[1.99973,41.46024],[1.99408,41.43559],[2.0056,41.42144],[2.03274,41.439690000000006],[2.0235700000000003,41.45747]]]},"properties":{"CODIMUNI":"081580","NOMMUNI":"el Papiol","CODICOMAR":"11","NOMCOMAR":"Baix Llobregat"}},{"type":"Feature","geometry":{"type":"MultiPolygon","coordinates":[[[[2.25878,41.581570000000006],[2.2300900000000006,41.57825999999999],[2.2040400000000004,41.56867],[2.2137599999999997,41.55671],[2.23401,41.554649999999995],[2.2309800000000006,41.54494999999999],[2.25878,41.581570000000006]]],[[[2.21082,41.58262],[2.2002500000000005,41.58028],[2.20218,41.57684],[2.20846,41.57771],[2.21082,41.58262]]]]},"properties":{"CODIMUNI":"081593","NOMMUNI":"Parets del Vallès","CODICOMAR":"41","NOMCOMAR":"Vallès Oriental"}},{"type":"Feature","geometry":{"type":"Polygon","coordinates":[[[2.1081300000000005,42.07833],[2.08462,42.07056],[2.090900000000001,42.05830999999999],[2.08162,42.034579999999984],[2.0978799999999995,42.03098999999999],[2.1017000000000006,42.01603999999999],[2.13175,42.0255],[2.12391,42.04925999999999],[2.13584,42.05188],[2.1081300000000005,42.07833]]]},"properties":{"CODIMUNI":"081607","NOMMUNI":"Perafita","CODICOMAR":"43","NOMCOMAR":"Lluçanès"}},{"type":"Feature","geometry":{"type":"Polygon","coordinates":[[[1.7315300000000002,41.58149000000001],[1.7184200000000005,41.57773000000001],[1.71984,41.51363],[1.7028100000000004,41.507],[1.7396,41.47921999999999],[1.7488800000000002,41.45336],[1.7690800000000007,41.44559000000002],[1.7747100000000005,41.46340999999999],[1.7981100000000005,41.46698],[1.78159,41.521829999999994],[1.7606600000000001,41.53679],[1.7557700000000007,41.559319999999985],[1.7315300000000002,41.58149000000001]]]},"properties":{"CODIMUNI":"081614","NOMMUNI":"Piera","CODICOMAR":"06","NOMCOMAR":"Anoia"}},{"type":"Feature","geometry":{"type":"Polygon","coordinates":[[[1.7923700000000002,41.57279],[1.7451100000000002,41.57556999999999],[1.74323,41.56861000000001],[1.7746500000000003,41.52583],[1.8537200000000007,41.506899999999995],[1.8528,41.52076999999999],[1.8317600000000007,41.53199999999999],[1.8134500000000011,41.555719999999994],[1.7969600000000001,41.55964999999999],[1.7923700000000002,41.57279]]]},"properties":{"CODIMUNI":"081629","NOMMUNI":"els Hostalets de Pierola","CODICOMAR":"06","NOMCOMAR":"Anoia"}},{"type":"Feature","geometry":{"type":"Polygon","coordinates":[[[2.6830199999999995,41.64813],[2.6550100000000003,41.64172000000001],[2.62735,41.647569999999995],[2.62831,41.63814],[2.6489599999999998,41.640660000000004],[2.67174,41.615010000000005],[2.7024300000000006,41.62467999999999],[2.6830199999999995,41.64813]]]},"properties":{"CODIMUNI":"081635","NOMMUNI":"Pineda de Mar","CODICOMAR":"21","NOMCOMAR":"Maresme"}},{"type":"Feature","geometry":{"type":"Polygon","coordinates":[[[1.7232700000000005,41.43585000000001],[1.6967500000000004,41.40015],[1.7079299999999995,41.39484],[1.74855,41.417609999999996],[1.7232700000000005,41.43585000000001]]]},"properties":{"CODIMUNI":"081640","NOMMUNI":"el Pla del Penedès","CODICOMAR":"03","NOMCOMAR":"Alt Penedès"}},{"type":"Feature","geometry":{"type":"Polygon","coordinates":[[[1.6743600000000003,41.583999999999996],[1.65563,41.5566],[1.6363,41.552249999999994],[1.6518300000000004,41.53945999999999],[1.7019000000000004,41.54158],[1.7214500000000006,41.55879],[1.6743600000000003,41.583999999999996]]]},"properties":{"CODIMUNI":"081653","NOMMUNI":"la Pobla de Claramunt","CODICOMAR":"06","NOMCOMAR":"Anoia"}},{"type":"Feature","geometry":{"type":"Polygon","coordinates":[[[1.9450900000000002,42.25917],[1.9144099999999995,42.2463],[1.9145000000000003,42.229009999999995],[1.9362000000000004,42.22402999999999],[1.9349299999999996,42.2035],[2.00773,42.19364],[2.01238,42.20823],[2.0300600000000006,42.215630000000004],[2.0175299999999994,42.23225999999999],[2.024799999999999,42.23261999999999],[2.02869,42.251729999999995],[1.9450900000000002,42.25917]]]},"properties":{"CODIMUNI":"081666","NOMMUNI":"la Pobla de Lillet","CODICOMAR":"14","NOMCOMAR":"Berguedà"}},{"type":"Feature","geometry":{"type":"Polygon","coordinates":[[[2.1505200000000007,41.57490000000001],[2.12601,41.575399999999995],[2.15897,41.53638],[2.1744000000000003,41.55541],[2.1505200000000007,41.57490000000001]]]},"properties":{"CODIMUNI":"081672","NOMMUNI":"Polinyà","CODICOMAR":"40","NOMCOMAR":"Vallès Occidental"}},{"type":"Feature","geometry":{"type":"Polygon","coordinates":[[[1.5381100000000008,41.44014],[1.502620000000001,41.42846],[1.4959499999999992,41.43572],[1.4785400000000004,41.4331],[1.4902,41.40172999999999],[1.4731900000000002,41.38026],[1.5096999999999994,41.39423000000001],[1.53702,41.38534000000001],[1.5427099999999998,41.40724000000001],[1.53377,41.41138],[1.54615,41.433800000000005],[1.5381100000000008,41.44014]]]},"properties":{"CODIMUNI":"081688","NOMMUNI":"Pontons","CODICOMAR":"03","NOMCOMAR":"Alt Penedès"}},{"type":"Feature","geometry":{"type":"Polygon","coordinates":[[[2.07441,41.34772999999999],[2.0669700000000004,41.307359999999996],[2.05783,41.302600000000005],[2.07474,41.27654],[2.1289000000000002,41.29721999999999],[2.13791,41.29311],[2.13706,41.300599999999996],[2.14424,41.29568],[2.1517,41.29547],[2.1551200000000006,41.29753],[2.16668,41.30891999999999],[2.16752,41.3119],[2.1654200000000006,41.31783999999999],[2.1550500000000006,41.29780999999999],[2.14441,41.29800999999999],[2.1423599999999996,41.30425000000001],[2.15495,41.315229999999985],[2.1529100000000003,41.31633000000001],[2.1564300000000003,41.31989999999998],[2.15656,41.32028],[2.1563600000000003,41.320609999999995],[2.1522500000000004,41.32297],[2.11704,41.32332],[2.07441,41.34772999999999]],[[2.15286,41.31638999999999],[2.15214,41.32163],[2.1564200000000002,41.32045999999999],[2.15286,41.31638999999999]]]},"properties":{"CODIMUNI":"081691","NOMMUNI":"el Prat de Llobregat","CODICOMAR":"11","NOMCOMAR":"Baix Llobregat"}},{"type":"Feature","geometry":{"type":"Polygon","coordinates":[[[1.59721,41.731469999999995],[1.53459,41.72586],[1.5159600000000002,41.71325000000001],[1.51523,41.6953],[1.4560699999999998,41.69821000000001],[1.4496700000000007,41.69412],[1.5110600000000003,41.69395],[1.57225,41.68225],[1.6021900000000004,41.69637999999999],[1.55151,41.71132],[1.5834999999999997,41.723780000000005],[1.6073900000000005,41.71662999999999],[1.59721,41.731469999999995]]]},"properties":{"CODIMUNI":"081705","NOMMUNI":"els Prats de Rei","CODICOMAR":"06","NOMCOMAR":"Anoia"}},{"type":"Feature","geometry":{"type":"MultiPolygon","coordinates":[[[[2.0312,41.95689],[2.0322299999999998,41.9586],[2.03074,41.95747999999999],[2.0312,41.95689]]],[[[2.05336,42.014030000000005],[2.0425199999999997,42.02277000000001],[2.0278400000000003,42.01301999999999],[2.01453,42.01743],[1.9947500000000007,41.98981],[1.99961,41.97638999999999],[2.0299199999999997,41.983290000000004],[2.05336,42.014030000000005]]]]},"properties":{"CODIMUNI":"081712","NOMMUNI":"Prats de Lluçanès","CODICOMAR":"43","NOMCOMAR":"Lluçanès"}},{"type":"Feature","geometry":{"type":"Polygon","coordinates":[[[2.3767100000000005,41.49412],[2.3487400000000003,41.49419999999999],[2.34681,41.48513],[2.3767100000000005,41.49412]]]},"properties":{"CODIMUNI":"081727","NOMMUNI":"Premià de Mar","CODICOMAR":"21","NOMCOMAR":"Maresme"}},{"type":"Feature","geometry":{"type":"MultiPolygon","coordinates":[[[[1.7180300000000004,41.39840999999999],[1.7207000000000003,41.40182999999999],[1.71841,41.40181],[1.7180300000000004,41.39840999999999]]],[[[1.6967500000000004,41.40015],[1.7010000000000003,41.40694000000001],[1.6932,41.40855],[1.6967500000000004,41.40015]]]]},"properties":{"CODIMUNI":"081748","NOMMUNI":"Puigdàlber","CODICOMAR":"03","NOMCOMAR":"Alt Penedès"}},{"type":"Feature","geometry":{"type":"Polygon","coordinates":[[[1.89685,41.99678000000001],[1.8524600000000004,42.00787999999999],[1.8214400000000002,41.99772999999999],[1.82075,41.989729999999994],[1.8590399999999998,41.94136],[1.84778,41.937549999999995],[1.8677600000000008,41.91243999999999],[1.8836700000000002,41.905969999999996],[1.88506,41.93509999999999],[1.8980900000000003,41.938840000000006],[1.92553,41.98751999999999],[1.9015800000000003,41.97635999999999],[1.8928700000000007,41.97838999999999],[1.89685,41.99678000000001]]]},"properties":{"CODIMUNI":"081751","NOMMUNI":"Puig-reig","CODICOMAR":"14","NOMCOMAR":"Berguedà"}},{"type":"Feature","geometry":{"type":"Polygon","coordinates":[[[1.4777800000000005,41.736819999999994],[1.4192000000000007,41.73262],[1.38252,41.70668],[1.4002100000000002,41.70432],[1.3958100000000004,41.69564999999999],[1.4044100000000008,41.68607999999999],[1.42322,41.68411],[1.4190800000000008,41.67601],[1.4408600000000003,41.66988],[1.4503,41.6954],[1.48761,41.69643],[1.4830900000000002,41.70924999999999],[1.444830000000001,41.7094],[1.44511,41.716339999999995],[1.4746900000000003,41.72959],[1.4777800000000005,41.736819999999994]]]},"properties":{"CODIMUNI":"081764","NOMMUNI":"Pujalt","CODICOMAR":"06","NOMCOMAR":"Anoia"}},{"type":"Feature","geometry":{"type":"Polygon","coordinates":[[[1.9452700000000003,42.12955],[1.9082500000000002,42.09582],[1.9469000000000005,42.08822],[1.9577400000000003,42.078179999999996],[1.9507600000000005,42.066280000000006],[1.9591600000000005,42.06245],[2.0043600000000006,42.069329999999994],[2.00732,42.10473000000001],[1.9916200000000002,42.107589999999995],[1.9733000000000007,42.12871],[1.9452700000000003,42.12955]]]},"properties":{"CODIMUNI":"081770","NOMMUNI":"la Quar","CODICOMAR":"14","NOMCOMAR":"Berguedà"}},{"type":"Feature","geometry":{"type":"Polygon","coordinates":[[[1.6698299999999997,41.754189999999994],[1.6494399999999998,41.751960000000004],[1.6700800000000002,41.73414],[1.6644900000000007,41.71011999999999],[1.6864299999999997,41.68744999999999],[1.7039000000000002,41.69639],[1.73438,41.69424],[1.7774300000000003,41.711090000000006],[1.7692600000000005,41.74369],[1.7324799999999996,41.73455],[1.7083999999999997,41.739729999999994],[1.7002200000000005,41.750989999999994],[1.6782600000000005,41.74792999999999],[1.6698299999999997,41.754189999999994]]]},"properties":{"CODIMUNI":"081786","NOMMUNI":"Rajadell","CODICOMAR":"07","NOMCOMAR":"Bages"}},{"type":"Feature","geometry":{"type":"Polygon","coordinates":[[[1.9199400000000004,41.66579],[1.8904800000000004,41.65292],[1.8938400000000004,41.619060000000005],[1.9094300000000002,41.630039999999994],[1.9417799999999998,41.62438999999999],[1.9444199999999998,41.635639999999995],[1.958020000000001,41.64181],[1.9421300000000006,41.648869999999995],[1.9339500000000003,41.66318999999999],[1.9303,41.658],[1.9199400000000004,41.66579]]]},"properties":{"CODIMUNI":"081799","NOMMUNI":"Rellinars","CODICOMAR":"40","NOMCOMAR":"Vallès Occidental"}},{"type":"Feature","geometry":{"type":"Polygon","coordinates":[[[2.15715,41.50954],[2.13494,41.50596],[2.1527700000000003,41.48989],[2.1694800000000005,41.48942],[2.15715,41.50954]]]},"properties":{"CODIMUNI":"081803","NOMMUNI":"Ripollet","CODICOMAR":"40","NOMCOMAR":"Vallès Occidental"}},{"type":"Feature","geometry":{"type":"Polygon","coordinates":[[[2.3559899999999994,41.63398],[2.33044,41.63546],[2.3192200000000005,41.61243999999999],[2.2986200000000006,41.606629999999996],[2.2913899999999994,41.57678],[2.3024500000000003,41.57646],[2.31412,41.56258],[2.34147,41.56101],[2.3829,41.59707000000001],[2.36136,41.62013],[2.34801,41.61973999999999],[2.3451400000000002,41.62715],[2.3576300000000003,41.62630999999998],[2.3559899999999994,41.63398]]]},"properties":{"CODIMUNI":"081810","NOMMUNI":"la Roca del Vallès","CODICOMAR":"41","NOMCOMAR":"Vallès Oriental"}},{"type":"Feature","geometry":{"type":"Polygon","coordinates":[[[1.89752,41.732420000000005],[1.8926800000000001,41.72453000000001],[1.8673599999999995,41.719409999999996],[1.8747299999999998,41.71468000000001],[1.8730200000000004,41.69007],[1.9040700000000004,41.67715999999999],[1.9485300000000005,41.69087999999999],[1.9386600000000007,41.72114999999999],[1.92602,41.71935],[1.89752,41.732420000000005]]]},"properties":{"CODIMUNI":"081825","NOMMUNI":"el Pont de Vilomara i Rocafort","CODICOMAR":"07","NOMCOMAR":"Bages"}},{"type":"Feature","geometry":{"type":"Polygon","coordinates":[[[2.3169900000000005,41.99066999999999],[2.30433,41.98790999999999],[2.2985800000000003,41.971039999999995],[2.30569,41.96729],[2.3169900000000005,41.99066999999999]]]},"properties":{"CODIMUNI":"081831","NOMMUNI":"Roda de Ter","CODICOMAR":"24","NOMCOMAR":"Osona"}},{"type":"Feature","geometry":{"type":"Polygon","coordinates":[[[1.99694,41.54218],[1.9786600000000005,41.523250000000004],[2.0079500000000006,41.46151999999999],[2.0331100000000006,41.46976],[2.05531,41.5054],[1.99694,41.54218]]]},"properties":{"CODIMUNI":"081846","NOMMUNI":"Rubí","CODICOMAR":"40","NOMCOMAR":"Vallès Occidental"}},{"type":"Feature","geometry":{"type":"Polygon","coordinates":[[[1.61848,41.69408999999999],[1.57225,41.68225],[1.5337000000000005,41.68755],[1.527360000000001,41.657199999999996],[1.5471500000000005,41.656749999999995],[1.5377699999999999,41.62627],[1.5438700000000005,41.61756],[1.5949700000000007,41.61909],[1.6033900000000003,41.63015999999999],[1.5916500000000002,41.64189999999999],[1.60299,41.65882],[1.6339199999999998,41.66421999999999],[1.61848,41.69408999999999]]]},"properties":{"CODIMUNI":"081859","NOMMUNI":"Rubió","CODICOMAR":"06","NOMCOMAR":"Anoia"}},{"type":"Feature","geometry":{"type":"Polygon","coordinates":[[[2.05057,41.58963],[2.0476800000000006,41.58470999999999],[2.0639799999999995,41.57646999999999],[2.06577,41.542950000000005],[2.09365,41.53746999999999],[2.0976700000000004,41.519629999999985],[2.0886499999999995,41.51122999999999],[2.1048500000000003,41.50673999999999],[2.1227600000000004,41.53271999999999],[2.13866,41.53161999999999],[2.1499700000000006,41.54106999999998],[2.1408,41.55905],[2.1181,41.578070000000004],[2.1172399999999993,41.59016999999999],[2.08705,41.5816],[2.05057,41.58963]]]},"properties":{"CODIMUNI":"081878","NOMMUNI":"Sabadell","CODICOMAR":"40","NOMCOMAR":"Vallès Occidental"}},{"type":"Feature","geometry":{"type":"Polygon","coordinates":[[[2.00854,42.07302],[1.96343,42.06137999999999],[1.9499000000000002,42.06989000000001],[1.92595,42.03820999999999],[1.90628,42.03692999999999],[1.8977400000000004,42.02128999999999],[1.9071700000000007,42.00843999999999],[1.8905700000000005,41.99859000000001],[1.89685,41.99678000000001],[1.8928700000000007,41.97838999999999],[1.92553,41.98751999999999],[1.9401600000000008,42.00610999999999],[1.9538600000000002,42.00370000000001],[1.9878100000000007,42.04297999999999],[2.0002,42.03938],[2.00854,42.07302]]]},"properties":{"CODIMUNI":"081884","NOMMUNI":"Sagàs","CODICOMAR":"14","NOMCOMAR":"Berguedà"}},{"type":"Feature","geometry":{"type":"Polygon","coordinates":[[[1.5746400000000011,41.782],[1.5617300000000003,41.76997000000001],[1.5483200000000001,41.77044999999999],[1.5447500000000012,41.757389999999994],[1.5307200000000003,41.752590000000005],[1.5236900000000004,41.73651999999999],[1.5444400000000003,41.72646],[1.5873800000000007,41.73156999999999],[1.5949600000000002,41.764559999999996],[1.5746400000000011,41.782]]]},"properties":{"CODIMUNI":"081897","NOMMUNI":"Sant Pere Sallavinera","CODICOMAR":"06","NOMCOMAR":"Anoia"}},{"type":"Feature","geometry":{"type":"Polygon","coordinates":[[[1.7346599999999999,42.264010000000006],[1.7298900000000001,42.28023999999999],[1.6900699999999995,42.27709000000001],[1.6943200000000005,42.26399],[1.6846100000000002,42.25643999999999],[1.7043900000000005,42.236320000000006],[1.6803999999999997,42.22436],[1.6803500000000002,42.20624000000001],[1.7070600000000005,42.19019999999998],[1.7218199999999995,42.19607],[1.76001,42.179689999999994],[1.7764600000000002,42.185460000000006],[1.77111,42.20619],[1.7870400000000006,42.20893999999999],[1.7990400000000002,42.239899999999984],[1.7598800000000006,42.24832],[1.7619300000000002,42.25824],[1.7346599999999999,42.264010000000006]]]},"properties":{"CODIMUNI":"081901","NOMMUNI":"Saldes","CODICOMAR":"14","NOMCOMAR":"Berguedà"}},{"type":"Feature","geometry":{"type":"Polygon","coordinates":[[[1.96311,41.90502000000001],[1.9041799999999995,41.89967999999999],[1.9139000000000002,41.88737999999999],[1.8954200000000003,41.85369],[1.8786999999999998,41.83497],[1.8509900000000001,41.830980000000004],[1.8575699999999997,41.81705],[1.8466800000000003,41.80923000000001],[1.8648999999999998,41.79482999999999],[1.8668799999999999,41.78251],[1.90452,41.77237],[1.90643,41.78102],[1.9355399999999998,41.79948],[1.9333800000000005,41.80691],[1.9578600000000004,41.81248],[1.93638,41.841269999999994],[1.9108800000000004,41.85013],[1.9638700000000004,41.89476],[1.96311,41.90502000000001]]]},"properties":{"CODIMUNI":"081918","NOMMUNI":"Sallent","CODICOMAR":"07","NOMCOMAR":"Bages"}},{"type":"Feature","geometry":{"type":"Polygon","coordinates":[[[1.8648999999999998,41.79482999999999],[1.8466800000000003,41.80923000000001],[1.82994,41.79748],[1.8022299999999996,41.79677999999999],[1.81185,41.78934],[1.8081700000000003,41.76812],[1.8571500000000003,41.76586],[1.8648999999999998,41.79482999999999]]]},"properties":{"CODIMUNI":"081923","NOMMUNI":"Santpedor","CODICOMAR":"07","NOMCOMAR":"Bages"}},{"type":"Feature","geometry":{"type":"Polygon","coordinates":[[[2.5886,41.65897],[2.5452499999999993,41.6566],[2.5368300000000006,41.64129],[2.55801,41.61336],[2.5819899999999993,41.61036000000001],[2.5934799999999996,41.64178999999999],[2.5886,41.65897]]]},"properties":{"CODIMUNI":"081939","NOMMUNI":"Sant Iscle de Vallalta","CODICOMAR":"21","NOMCOMAR":"Maresme"}},{"type":"Feature","geometry":{"type":"Polygon","coordinates":[[[2.2146200000000005,41.43489],[2.2067400000000004,41.42664],[2.22131,41.41344999999999],[2.2329300000000005,41.414669999999994],[2.22968,41.40921],[2.2331200000000004,41.414550000000006],[2.2340400000000002,41.42136],[2.2374200000000006,41.42616],[2.2146200000000005,41.43489]]]},"properties":{"CODIMUNI":"081944","NOMMUNI":"Sant Adrià de Besòs","CODICOMAR":"13","NOMCOMAR":"Barcelonès"}},{"type":"Feature","geometry":{"type":"Polygon","coordinates":[[[2.1477600000000003,42.099579999999996],[2.1124099999999997,42.09987000000002],[2.1081300000000005,42.07833],[2.1432500000000005,42.057719999999996],[2.1610100000000005,42.07994999999999],[2.1481799999999995,42.08024],[2.1477600000000003,42.099579999999996]]]},"properties":{"CODIMUNI":"081957","NOMMUNI":"Sant Agustí de Lluçanès","CODICOMAR":"24","NOMCOMAR":"Osona"}},{"type":"Feature","geometry":{"type":"Polygon","coordinates":[[[1.9732900000000002,41.46370999999999],[1.9473100000000003,41.46099999999999],[1.9495100000000003,41.441120000000005],[1.98499,41.44354],[1.9732900000000002,41.46370999999999]]]},"properties":{"CODIMUNI":"081960","NOMMUNI":"Sant Andreu de la Barca","CODICOMAR":"11","NOMCOMAR":"Baix Llobregat"}},{"type":"Feature","geometry":{"type":"Polygon","coordinates":[[[2.49491,41.60123000000001],[2.4778400000000005,41.59952],[2.45631,41.580110000000005],[2.48714,41.551080000000006],[2.5098900000000004,41.55962999999999],[2.49558,41.57019],[2.49491,41.60123000000001]]]},"properties":{"CODIMUNI":"081976","NOMMUNI":"Sant Andreu de Llavaneres","CODICOMAR":"21","NOMCOMAR":"Maresme"}},{"type":"Feature","geometry":{"type":"Polygon","coordinates":[[[2.4108300000000003,41.67707],[2.36546,41.66972],[2.37484,41.63838],[2.39293,41.651119999999985],[2.4148900000000006,41.64784],[2.4251800000000006,41.66886000000001],[2.4108300000000003,41.67707]]]},"properties":{"CODIMUNI":"081982","NOMMUNI":"Sant Antoni de Vilamajor","CODICOMAR":"41","NOMCOMAR":"Vallès Oriental"}},{"type":"Feature","geometry":{"type":"Polygon","coordinates":[[[2.18383,42.00509999999999],[2.14665,42.01046000000001],[2.12436,41.99083999999999],[2.1282900000000002,41.97189999999999],[2.1391400000000003,41.96709999999999],[2.1396000000000006,41.94462000000001],[2.1276200000000003,41.934329999999996],[2.139180000000001,41.910349999999994],[2.17228,41.93723000000001],[2.17137,41.96103],[2.19073,41.9846],[2.18383,42.00509999999999]]]},"properties":{"CODIMUNI":"081995","NOMMUNI":"Sant Bartomeu del Grau","CODICOMAR":"24","NOMCOMAR":"Osona"}},{"type":"Feature","geometry":{"type":"Polygon","coordinates":[[[2.0445999999999995,41.36148],[1.9994800000000006,41.35209],[2.05901,41.29151],[2.0678599999999996,41.28751],[2.05783,41.302600000000005],[2.0669700000000004,41.307359999999996],[2.0672599999999997,41.32912],[2.0784900000000004,41.33969],[2.0472799999999998,41.34806],[2.0458999999999996,41.35403999999999],[2.0390899999999994,41.35047000000001],[2.0445999999999995,41.36148]]]},"properties":{"CODIMUNI":"082009","NOMMUNI":"Sant Boi de Llobregat","CODICOMAR":"11","NOMCOMAR":"Baix Llobregat"}},{"type":"Feature","geometry":{"type":"Polygon","coordinates":[[[2.19584,42.07994999999999],[2.1504900000000005,42.0733],[2.1445,42.05814999999999],[2.12391,42.04925999999999],[2.13175,42.0255],[2.18526,42.04433000000001],[2.19584,42.07994999999999]]]},"properties":{"CODIMUNI":"082016","NOMMUNI":"Sant Boi de Lluçanès","CODICOMAR":"24","NOMCOMAR":"Osona"}},{"type":"Feature","geometry":{"type":"Polygon","coordinates":[[[2.5312500000000004,41.73040999999999],[2.5405699999999998,41.71611],[2.5295700000000005,41.70794],[2.48985,41.71840999999999],[2.46311,41.70383],[2.48652,41.679449999999996],[2.4799000000000007,41.67168],[2.5412700000000004,41.648689999999995],[2.55137,41.659980000000004],[2.5938700000000003,41.65887],[2.6090200000000006,41.67545],[2.5878999999999994,41.70023],[2.59894,41.72833],[2.54751,41.71899],[2.5312500000000004,41.73040999999999]]]},"properties":{"CODIMUNI":"082021","NOMMUNI":"Sant Celoni","CODICOMAR":"41","NOMCOMAR":"Vallès Oriental"}},{"type":"Feature","geometry":{"type":"Polygon","coordinates":[[[2.5938700000000003,41.65887],[2.57898,41.61806],[2.58828,41.599619999999994],[2.62031,41.61451],[2.6285799999999995,41.62987],[2.62735,41.647569999999995],[2.61235,41.64762999999999],[2.6060000000000003,41.65781],[2.5938700000000003,41.65887]]]},"properties":{"CODIMUNI":"082037","NOMMUNI":"Sant Cebrià de Vallalta","CODICOMAR":"21","NOMCOMAR":"Maresme"}},{"type":"Feature","geometry":{"type":"Polygon","coordinates":[[[1.9984900000000005,41.356249999999996],[1.95944,41.33330000000001],[1.9563500000000003,41.32234],[1.9881499999999999,41.31362],[2.0108900000000003,41.337740000000004],[1.9984900000000005,41.356249999999996]]]},"properties":{"CODIMUNI":"082042","NOMMUNI":"Sant Climent de Llobregat","CODICOMAR":"11","NOMCOMAR":"Baix Llobregat"}},{"type":"Feature","geometry":{"type":"Polygon","coordinates":[[[2.06433,41.51904999999999],[2.05093,41.51218],[2.05561,41.50272],[2.0331100000000006,41.46976],[1.99973,41.46024],[2.0235700000000003,41.45747],[2.0329499999999996,41.44169],[2.06364,41.44377],[2.0593600000000007,41.43539],[2.0790700000000006,41.41494],[2.07181,41.436330000000005],[2.12127,41.42583],[2.12994,41.44303000000001],[2.1172199999999997,41.464259999999996],[2.0820500000000006,41.48891999999999],[2.06433,41.51904999999999]]]},"properties":{"CODIMUNI":"082055","NOMMUNI":"Sant Cugat del Vallès","CODICOMAR":"40","NOMCOMAR":"Vallès Occidental"}},{"type":"Feature","geometry":{"type":"Polygon","coordinates":[[[1.7466600000000008,41.37053999999999],[1.7337700000000007,41.35733],[1.7634100000000001,41.33935],[1.77219,41.344289999999994],[1.7598999999999996,41.35564999999999],[1.7687100000000004,41.36025],[1.7466600000000008,41.37053999999999]]]},"properties":{"CODIMUNI":"082068","NOMMUNI":"Sant Cugat Sesgarrigues","CODICOMAR":"03","NOMCOMAR":"Alt Penedès"}},{"type":"Feature","geometry":{"type":"Polygon","coordinates":[[[2.41912,41.73525999999999],[2.39602,41.72429],[2.41124,41.699079999999995],[2.4216200000000003,41.69579999999999],[2.44805,41.705190000000016],[2.41912,41.73525999999999]]]},"properties":{"CODIMUNI":"082074","NOMMUNI":"Sant Esteve de Palautordera","CODICOMAR":"41","NOMCOMAR":"Vallès Oriental"}},{"type":"Feature","geometry":{"type":"Polygon","coordinates":[[[1.85584,41.50858],[1.83907,41.50072],[1.871450000000001,41.47712999999999],[1.87798,41.45484],[1.90969,41.46576],[1.8899,41.501],[1.9056500000000003,41.50194],[1.85584,41.50858]]]},"properties":{"CODIMUNI":"082080","NOMMUNI":"Sant Esteve Sesrovires","CODICOMAR":"11","NOMCOMAR":"Baix Llobregat"}},{"type":"Feature","geometry":{"type":"Polygon","coordinates":[[[2.2632800000000004,41.50397],[2.2207700000000004,41.5312],[2.2038100000000007,41.503899999999994],[2.24705,41.48859],[2.2632800000000004,41.50397]]]},"properties":{"CODIMUNI":"082093","NOMMUNI":"Sant Fost de Campsentelles","CODICOMAR":"41","NOMCOMAR":"Vallès Oriental"}},{"type":"Feature","geometry":{"type":"Polygon","coordinates":[[[2.18649,41.71684999999999],[2.17011,41.711909999999996],[2.13305,41.715589999999985],[2.1384300000000005,41.68983000000001],[2.15242,41.6774],[2.16744,41.6782],[2.18886,41.69191],[2.18649,41.71684999999999]]]},"properties":{"CODIMUNI":"082107","NOMMUNI":"Sant Feliu de Codines","CODICOMAR":"41","NOMCOMAR":"Vallès Oriental"}},{"type":"Feature","geometry":{"type":"Polygon","coordinates":[[[2.07858,41.41498],[2.0488600000000003,41.414],[2.0218200000000004,41.389779999999995],[2.035650000000001,41.37017],[2.0765899999999995,41.39999000000001],[2.07,41.407030000000006],[2.07858,41.41498]]]},"properties":{"CODIMUNI":"082114","NOMMUNI":"Sant Feliu de Llobregat","CODICOMAR":"11","NOMCOMAR":"Baix Llobregat"}},{"type":"Feature","geometry":{"type":"Polygon","coordinates":[[[2.0316800000000006,41.960060000000006],[1.9855899999999997,41.96965],[1.9963199999999997,41.96108000000001],[1.9785700000000002,41.95378999999999],[1.97213,41.93335],[1.99232,41.92207],[2.0068599999999996,41.92775],[2.0023,41.91662999999999],[2.04493,41.89951],[2.025920000000001,41.937539999999984],[2.0316800000000006,41.960060000000006]],[[2.01857,41.94446],[2.0223199999999997,41.93795],[2.0145800000000005,41.935660000000006],[2.01097,41.93873],[2.01857,41.94446]]]},"properties":{"CODIMUNI":"082129","NOMMUNI":"Sant Feliu Sasserra","CODICOMAR":"07","NOMCOMAR":"Bages"}},{"type":"Feature","geometry":{"type":"Polygon","coordinates":[[[1.8668799999999999,41.78251],[1.8571500000000003,41.76586],[1.8283200000000006,41.76416],[1.8535600000000005,41.740309999999994],[1.86528,41.738310000000006],[1.8688700000000005,41.720789999999994],[1.9047299999999998,41.74561],[1.8935000000000006,41.75424],[1.9067100000000003,41.7667],[1.8668799999999999,41.78251]]]},"properties":{"CODIMUNI":"082135","NOMMUNI":"Sant Fruitós de Bages","CODICOMAR":"07","NOMCOMAR":"Bages"}},{"type":"Feature","geometry":{"type":"Polygon","coordinates":[[[2.34355,41.54657000000001],[2.3160500000000006,41.53344],[2.3652800000000003,41.501819999999995],[2.3802599999999994,41.51245999999999],[2.34238,41.53084],[2.3514400000000006,41.54113000000001],[2.34355,41.54657000000001]]]},"properties":{"CODIMUNI":"082140","NOMMUNI":"Vilassar de Dalt","CODICOMAR":"21","NOMCOMAR":"Maresme"}},{"type":"Feature","geometry":{"type":"Polygon","coordinates":[[[2.2411599999999994,42.019870000000004],[2.23112,42.01938],[2.2290700000000006,42.01552],[2.2405299999999997,42.010709999999996],[2.2411599999999994,42.019870000000004]]]},"properties":{"CODIMUNI":"082153","NOMMUNI":"Sant Hipòlit de Voltregà","CODICOMAR":"24","NOMCOMAR":"Osona"}},{"type":"Feature","geometry":{"type":"Polygon","coordinates":[[[2.0473000000000003,42.22120999999999],[2.01238,42.20823],[2.00773,42.19364],[1.99767,42.19133999999999],[2.00533,42.18270999999999],[1.9959000000000002,42.17201],[2.0046600000000003,42.162459999999996],[2.0234,42.16481],[2.0375300000000007,42.17855999999999],[2.0560600000000004,42.17466999999999],[2.0615200000000002,42.17959],[2.0473000000000003,42.22120999999999]]]},"properties":{"CODIMUNI":"082166","NOMMUNI":"Sant Jaume de Frontanyà","CODICOMAR":"14","NOMCOMAR":"Berguedà"}},{"type":"Feature","geometry":{"type":"Polygon","coordinates":[[[2.05254,41.37921],[2.035650000000001,41.37017],[2.04829,41.3613],[2.0376200000000004,41.35186999999999],[2.0458999999999996,41.35403999999999],[2.050170000000001,41.34750999999999],[2.05914,41.36314],[2.07905,41.36984],[2.05254,41.37921]]]},"properties":{"CODIMUNI":"082172","NOMMUNI":"Sant Joan Despí","CODICOMAR":"11","NOMCOMAR":"Baix Llobregat"}},{"type":"Feature","geometry":{"type":"Polygon","coordinates":[[[1.81185,41.78934],[1.8021600000000002,41.7916],[1.78365,41.77643],[1.77605,41.785810000000005],[1.7655300000000003,41.778459999999995],[1.7683200000000003,41.76739999999999],[1.78901,41.75701999999999],[1.7795,41.74107999999999],[1.79653,41.73467000000001],[1.8294699999999995,41.758190000000006],[1.8276800000000004,41.767709999999994],[1.8081700000000003,41.76812],[1.81185,41.78934]]]},"properties":{"CODIMUNI":"082188","NOMMUNI":"Sant Joan de Vilatorrada","CODICOMAR":"07","NOMCOMAR":"Bages"}},{"type":"Feature","geometry":{"type":"Polygon","coordinates":[[[2.40296,41.506299999999996],[2.3822099999999997,41.5144],[2.3652800000000003,41.501819999999995],[2.3792500000000003,41.49491],[2.40296,41.506299999999996]]]},"properties":{"CODIMUNI":"082191","NOMMUNI":"Vilassar de Mar","CODICOMAR":"21","NOMCOMAR":"Maresme"}},{"type":"Feature","geometry":{"type":"Polygon","coordinates":[[[2.34455,41.92279],[2.31338,41.93357999999999],[2.31627,41.92150000000001],[2.2964500000000005,41.91282],[2.32373,41.875260000000004],[2.3612300000000004,41.927429999999994],[2.34455,41.92279]]]},"properties":{"CODIMUNI":"082205","NOMMUNI":"Sant Julià de Vilatorta","CODICOMAR":"24","NOMCOMAR":"Osona"}},{"type":"Feature","geometry":{"type":"Polygon","coordinates":[[[2.08707,41.40927],[2.06197,41.39393999999999],[2.05325,41.378330000000005],[2.0752300000000004,41.3734],[2.09779,41.39396],[2.1037100000000004,41.40424000000001],[2.08707,41.40927]]]},"properties":{"CODIMUNI":"082212","NOMMUNI":"Sant Just Desvern","CODICOMAR":"11","NOMCOMAR":"Baix Llobregat"}},{"type":"Feature","geometry":{"type":"Polygon","coordinates":[[[1.8324399999999998,41.495740000000005],[1.806560000000001,41.473479999999995],[1.79297,41.47633],[1.81467,41.44322],[1.8385399999999996,41.46359999999999],[1.862430000000001,41.45746999999999],[1.87369,41.45746],[1.8741199999999996,41.45758000000001],[1.8748700000000007,41.45792],[1.8748900000000002,41.45797000000001],[1.8711100000000003,41.47746],[1.8324399999999998,41.495740000000005]]]},"properties":{"CODIMUNI":"082227","NOMMUNI":"Sant Llorenç d'Hortons","CODICOMAR":"03","NOMCOMAR":"Alt Penedès"}},{"type":"Feature","geometry":{"type":"Polygon","coordinates":[[[2.0371400000000004,41.71679],[2.0091900000000003,41.69142],[2.0104700000000015,41.65633999999999],[2.04073,41.653009999999995],[2.0797000000000003,41.66610000000001],[2.09678,41.65888],[2.11251,41.66671],[2.08476,41.69816],[2.08605,41.70862],[2.0371400000000004,41.71679]]]},"properties":{"CODIMUNI":"082233","NOMMUNI":"Sant Llorenç Savall","CODICOMAR":"40","NOMCOMAR":"Vallès Occidental"}},{"type":"Feature","geometry":{"type":"Polygon","coordinates":[[[2.1911100000000006,41.78159999999999],[2.18951,41.732549999999996],[2.21357,41.72688],[2.2623500000000005,41.730639999999994],[2.26048,41.74537000000001],[2.2506400000000006,41.74962],[2.2520800000000003,41.76491999999999],[2.24732,41.76961],[2.24958,41.76389999999999],[2.2241200000000005,41.75794],[2.22209,41.77821],[2.1911100000000006,41.78159999999999]]]},"properties":{"CODIMUNI":"082248","NOMMUNI":"Sant Martí de Centelles","CODICOMAR":"24","NOMCOMAR":"Osona"}},{"type":"Feature","geometry":{"type":"Polygon","coordinates":[[[2.0841100000000004,42.06005999999999],[2.0522900000000006,42.05967999999999],[2.05889,42.04232],[2.0425199999999997,42.02277000000001],[2.07204,42.01152],[2.09543,42.01966],[2.0978799999999995,42.03098999999999],[2.08162,42.034579999999984],[2.0841100000000004,42.06005999999999]]]},"properties":{"CODIMUNI":"082251","NOMMUNI":"Sant Martí d'Albars","CODICOMAR":"43","NOMCOMAR":"Lluçanès"}},{"type":"Feature","geometry":{"type":"Polygon","coordinates":[[[1.5298600000000002,41.58350999999999],[1.5051900000000007,41.57338],[1.4642800000000005,41.5695],[1.4659200000000003,41.561539999999994],[1.4467200000000002,41.55246999999999],[1.4483500000000007,41.53711],[1.4916300000000005,41.519180000000006],[1.5118600000000002,41.52521999999999],[1.5236799999999997,41.540040000000005],[1.5378099999999997,41.53365000000001],[1.5495700000000006,41.54966999999999],[1.5414200000000007,41.56933999999999],[1.550580000000001,41.575219999999995],[1.5298600000000002,41.58350999999999]]]},"properties":{"CODIMUNI":"082264","NOMMUNI":"Sant Martí de Tous","CODICOMAR":"06","NOMCOMAR":"Anoia"}},{"type":"Feature","geometry":{"type":"Polygon","coordinates":[[[1.6387599999999993,41.410529999999994],[1.5959300000000003,41.397879999999994],[1.5632599999999999,41.36967],[1.5796900000000003,41.35442],[1.6065900000000002,41.36318],[1.6394800000000007,41.33604],[1.6514200000000006,41.33918],[1.6571400000000003,41.333439999999996],[1.6616700000000002,41.345890000000004],[1.6463,41.36619],[1.6620399999999997,41.37055],[1.6384400000000003,41.39803],[1.64559,41.407079999999986],[1.6387599999999993,41.410529999999994]]]},"properties":{"CODIMUNI":"082270","NOMMUNI":"Sant Martí Sarroca","CODICOMAR":"03","NOMCOMAR":"Alt Penedès"}},{"type":"Feature","geometry":{"type":"Polygon","coordinates":[[[1.51523,41.6953],[1.5159600000000002,41.71325000000001],[1.48731,41.70768],[1.48761,41.69643],[1.51523,41.6953]]]},"properties":{"CODIMUNI":"082286","NOMMUNI":"Sant Martí Sesgueioles","CODICOMAR":"06","NOMCOMAR":"Anoia"}},{"type":"Feature","geometry":{"type":"Polygon","coordinates":[[[1.6684300000000003,41.86815],[1.6256300000000006,41.86898],[1.6317800000000005,41.84356999999999],[1.6124599999999998,41.838260000000005],[1.61172,41.81796],[1.5929400000000002,41.8119],[1.5882200000000004,41.804529999999986],[1.5998200000000002,41.788799999999995],[1.5835499999999998,41.77204],[1.5949600000000002,41.764559999999996],[1.6292800000000003,41.76561999999999],[1.6719700000000004,41.77885],[1.6598300000000008,41.80094],[1.6818000000000004,41.79122999999999],[1.6890600000000004,41.80374],[1.7162300000000001,41.781769999999995],[1.7726099999999996,41.78393],[1.7345100000000009,41.82216999999999],[1.7380300000000002,41.85376],[1.69385,41.85056000000001],[1.6684300000000003,41.86815]]]},"properties":{"CODIMUNI":"082299","NOMMUNI":"Sant Mateu de Bages","CODICOMAR":"07","NOMCOMAR":"Bages"}},{"type":"Feature","geometry":{"type":"Polygon","coordinates":[[[2.33237,41.52325999999999],[2.3230100000000005,41.516639999999995],[2.3423699999999994,41.48913000000001],[2.3563,41.49782],[2.37298,41.4967],[2.33237,41.52325999999999]]]},"properties":{"CODIMUNI":"082303","NOMMUNI":"Premià de Dalt","CODICOMAR":"21","NOMCOMAR":"Maresme"}},{"type":"Feature","geometry":{"type":"Polygon","coordinates":[[[1.78904,41.29381999999999],[1.7235699999999998,41.26643000000001],[1.7514100000000001,41.21835],[1.7705600000000004,41.23946999999999],[1.7850500000000002,41.23237],[1.7995699999999994,41.24957],[1.8361000000000003,41.26443999999999],[1.8165799999999999,41.28016999999999],[1.8150700000000004,41.29264],[1.78904,41.29381999999999]]]},"properties":{"CODIMUNI":"082310","NOMMUNI":"Sant Pere de Ribes","CODICOMAR":"17","NOMCOMAR":"Garraf"}},{"type":"Feature","geometry":{"type":"Polygon","coordinates":[[[1.7055800000000003,41.47294],[1.6923600000000003,41.468939999999996],[1.68263,41.44644999999999],[1.70667,41.44497],[1.7119800000000003,41.466259999999984],[1.7055800000000003,41.47294]]]},"properties":{"CODIMUNI":"082325","NOMMUNI":"Sant Pere de Riudebitlles","CODICOMAR":"03","NOMCOMAR":"Alt Penedès"}},{"type":"Feature","geometry":{"type":"Polygon","coordinates":[[[2.34788,42.12105999999999],[2.2663300000000004,42.09598999999999],[2.27812,42.0964],[2.2626600000000003,42.081689999999995],[2.2903000000000002,42.04865999999999],[2.3727800000000006,42.06707],[2.37986,42.083],[2.39688,42.08761],[2.40017,42.102759999999996],[2.3799000000000006,42.10358999999999],[2.3739200000000005,42.11655],[2.34788,42.12105999999999]]]},"properties":{"CODIMUNI":"082331","NOMMUNI":"Sant Pere de Torelló","CODICOMAR":"24","NOMCOMAR":"Osona"}},{"type":"Feature","geometry":{"type":"Polygon","coordinates":[[[2.3808000000000002,41.75965000000001],[2.3522400000000006,41.74577],[2.36982,41.7108],[2.36546,41.66972],[2.3996300000000006,41.67786],[2.4236600000000004,41.67520999999999],[2.43011,41.683519999999994],[2.39602,41.72429],[2.4070700000000005,41.72893],[2.3999000000000006,41.7513],[2.39073,41.749419999999986],[2.3808000000000002,41.75965000000001]]]},"properties":{"CODIMUNI":"082346","NOMMUNI":"Sant Pere de Vilamajor","CODICOMAR":"41","NOMCOMAR":"Vallès Oriental"}},{"type":"Feature","geometry":{"type":"Polygon","coordinates":[[[2.6284100000000006,41.62924000000001],[2.62031,41.61451],[2.58828,41.599619999999994],[2.5953100000000004,41.5906],[2.63922,41.605079999999994],[2.6284100000000006,41.62924000000001]]]},"properties":{"CODIMUNI":"082359","NOMMUNI":"Sant Pol de Mar","CODICOMAR":"21","NOMCOMAR":"Maresme"}},{"type":"Feature","geometry":{"type":"Polygon","coordinates":[[[1.6923600000000003,41.468939999999996],[1.6433900000000004,41.464259999999996],[1.637480000000001,41.44362],[1.6800000000000006,41.43072],[1.68554,41.44212999999999],[1.6785900000000005,41.45121],[1.6909600000000005,41.458000000000006],[1.6923600000000003,41.468939999999996]]]},"properties":{"CODIMUNI":"082362","NOMMUNI":"Sant Quintí de Mediona","CODICOMAR":"03","NOMCOMAR":"Alt Penedès"}},{"type":"Feature","geometry":{"type":"Polygon","coordinates":[[[2.23254,42.09845],[2.2327200000000005,42.127669999999995],[2.20237,42.10244],[2.2137000000000002,42.08859],[2.2663300000000004,42.09598999999999],[2.2738,42.10005000000001],[2.23254,42.09845]]]},"properties":{"CODIMUNI":"082378","NOMMUNI":"Sant Quirze de Besora","CODICOMAR":"24","NOMCOMAR":"Osona"}},{"type":"Feature","geometry":{"type":"Polygon","coordinates":[[[2.07122,41.54304],[2.0535899999999994,41.53985000000001],[2.05512,41.52572],[2.0330700000000004,41.52799999999999],[2.0339500000000004,41.513259999999995],[2.0494100000000004,41.509690000000006],[2.06387,41.51963999999999],[2.0708,41.507749999999994],[2.0908100000000003,41.5123],[2.09747,41.533359999999995],[2.07122,41.54304]]]},"properties":{"CODIMUNI":"082384","NOMMUNI":"Sant Quirze del Vallès","CODICOMAR":"40","NOMCOMAR":"Vallès Occidental"}},{"type":"Feature","geometry":{"type":"Polygon","coordinates":[[[2.18847,41.75715],[2.17729,41.76111999999999],[2.1554800000000003,41.734350000000006],[2.13119,41.73136999999999],[2.12606,41.721579999999996],[2.1447500000000006,41.71377999999999],[2.1910000000000003,41.71645],[2.1953800000000006,41.705749999999995],[2.2402799999999994,41.70567],[2.2411399999999997,41.729229999999994],[2.18951,41.732549999999996],[2.18847,41.75715]]]},"properties":{"CODIMUNI":"082397","NOMMUNI":"Sant Quirze Safaja","CODICOMAR":"42","NOMCOMAR":"Moianès"}},{"type":"Feature","geometry":{"type":"Polygon","coordinates":[[[1.80457,41.46281],[1.7744200000000003,41.46312999999999],[1.7763700000000007,41.45077],[1.7510900000000003,41.4236],[1.7944799999999999,41.409659999999995],[1.8157100000000006,41.438979999999994],[1.80457,41.46281]]]},"properties":{"CODIMUNI":"082401","NOMMUNI":"Sant Sadurní d'Anoia","CODICOMAR":"03","NOMCOMAR":"Alt Penedès"}},{"type":"Feature","geometry":{"type":"Polygon","coordinates":[[[2.3552999999999997,41.93602],[2.3612300000000004,41.927429999999994],[2.33753,41.88915000000001],[2.3824900000000007,41.87173],[2.4071100000000003,41.89542],[2.4269900000000004,41.8961],[2.4113100000000003,41.91257],[2.41705,41.9233],[2.4076900000000006,41.93157],[2.3748500000000003,41.92781999999999],[2.3552999999999997,41.93602]]]},"properties":{"CODIMUNI":"082418","NOMMUNI":"Sant Sadurní d'Osormort","CODICOMAR":"24","NOMCOMAR":"Osona"}},{"type":"Feature","geometry":{"type":"Polygon","coordinates":[[[1.803770000000001,41.65920999999999],[1.7776700000000007,41.64847],[1.78955,41.637139999999995],[1.78541,41.61501],[1.8210599999999997,41.60081999999999],[1.8310700000000002,41.62406],[1.80932,41.63014999999999],[1.8006400000000007,41.614129999999996],[1.8039600000000005,41.6493],[1.8169399999999998,41.6575],[1.803770000000001,41.65920999999999]]]},"properties":{"CODIMUNI":"082423","NOMMUNI":"Marganell","CODICOMAR":"07","NOMCOMAR":"Bages"}},{"type":"Feature","geometry":{"type":"Polygon","coordinates":[[[2.1970199999999998,42.01505],[2.18383,42.00509999999999],[2.1868200000000004,41.99515999999999],[2.19581,41.99781999999999],[2.1997,41.98914000000001],[2.2369100000000004,41.982119999999995],[2.22888,42.00308999999999],[2.1970199999999998,42.01505]]]},"properties":{"CODIMUNI":"082439","NOMMUNI":"Santa Cecília de Voltregà","CODICOMAR":"24","NOMCOMAR":"Osona"}},{"type":"Feature","geometry":{"type":"Polygon","coordinates":[[[2.0271900000000005,41.38141000000001],[2.0020000000000007,41.37657],[1.9984900000000005,41.356249999999996],[2.0481700000000003,41.36164],[2.0271900000000005,41.38141000000001]]]},"properties":{"CODIMUNI":"082444","NOMMUNI":"Santa Coloma de Cervelló","CODICOMAR":"11","NOMCOMAR":"Baix Llobregat"}},{"type":"Feature","geometry":{"type":"Polygon","coordinates":[[[2.2214600000000004,41.46513],[2.18893,41.470839999999995],[2.1878000000000006,41.46131],[2.2107600000000005,41.43343],[2.2227499999999996,41.449],[2.2214600000000004,41.46513]]]},"properties":{"CODIMUNI":"082457","NOMMUNI":"Santa Coloma de Gramenet","CODICOMAR":"13","NOMCOMAR":"Barcelonès"}},{"type":"Feature","geometry":{"type":"Polygon","coordinates":[[[2.27895,41.92276],[2.2634299999999996,41.917649999999995],[2.26627,41.895239999999994],[2.26868,41.90002999999999],[2.2822799999999996,41.89565],[2.28879,41.90377999999999],[2.30436,41.89888],[2.30102,41.91032],[2.27895,41.92276]]]},"properties":{"CODIMUNI":"082460","NOMMUNI":"Santa Eugènia de Berga","CODICOMAR":"24","NOMCOMAR":"Osona"}},{"type":"Feature","geometry":{"type":"Polygon","coordinates":[[[2.16447,41.93175],[2.13821,41.91245],[2.14511,41.89910999999999],[2.1753100000000005,41.90232999999999],[2.20155,41.89347],[2.20379,41.89441999999999],[2.1998800000000003,41.91274],[2.21936,41.92416],[2.2039100000000005,41.92676],[2.1948400000000006,41.91689000000001],[2.178,41.91451],[2.1814900000000006,41.924509999999984],[2.16447,41.93175]],[[2.1968899999999993,41.89685],[2.1918800000000003,41.90407],[2.193,41.90676],[2.1993800000000006,41.904309999999995],[2.1968899999999993,41.89685]]]},"properties":{"CODIMUNI":"082476","NOMMUNI":"Santa Eulàlia de Riuprimer","CODICOMAR":"24","NOMCOMAR":"Osona"}},{"type":"Feature","geometry":{"type":"Polygon","coordinates":[[[2.20506,41.66686],[2.18704,41.6502],[2.20495,41.62865],[2.2154200000000004,41.63546],[2.25323,41.630979999999994],[2.2428999999999997,41.66074],[2.2294499999999995,41.66537],[2.2081500000000003,41.65976],[2.20506,41.66686]]]},"properties":{"CODIMUNI":"082482","NOMMUNI":"Santa Eulàlia de Ronçana","CODICOMAR":"41","NOMCOMAR":"Vallès Oriental"}},{"type":"Feature","geometry":{"type":"Polygon","coordinates":[[[1.7419500000000006,41.39397],[1.7079299999999995,41.39484],[1.7011100000000003,41.38953],[1.7209900000000007,41.37972],[1.7419500000000006,41.39397]]]},"properties":{"CODIMUNI":"082495","NOMMUNI":"Santa Fe del Penedès","CODICOMAR":"03","NOMCOMAR":"Alt Penedès"}},{"type":"Feature","geometry":{"type":"Polygon","coordinates":[[[1.5740000000000005,41.58598],[1.5466800000000005,41.57996],[1.5413300000000012,41.56831999999999],[1.5495700000000006,41.54966999999999],[1.5383800000000003,41.52903],[1.5852600000000001,41.54131],[1.6193,41.55983],[1.6158200000000005,41.56904999999999],[1.6335700000000004,41.57251],[1.5740000000000005,41.58598]]]},"properties":{"CODIMUNI":"082508","NOMMUNI":"Santa Margarida de Montbui","CODICOMAR":"06","NOMCOMAR":"Anoia"}},{"type":"Feature","geometry":{"type":"Polygon","coordinates":[[[1.6656799999999996,41.34587],[1.6571400000000003,41.333439999999996],[1.6514200000000006,41.33918],[1.6394800000000007,41.33604],[1.6477900000000012,41.32303999999999],[1.638180000000001,41.3039],[1.6710200000000004,41.28489999999999],[1.6840000000000008,41.28834],[1.69257,41.31066999999999],[1.6823799999999998,41.32423],[1.6653200000000001,41.32963],[1.6656799999999996,41.34587]]]},"properties":{"CODIMUNI":"082515","NOMMUNI":"Santa Margarida i els Monjos","CODICOMAR":"03","NOMCOMAR":"Alt Penedès"}},{"type":"Feature","geometry":{"type":"Polygon","coordinates":[[[2.1333300000000004,41.53271999999999],[2.1097800000000007,41.520999999999994],[2.11337,41.51243000000001],[2.1227000000000005,41.505649999999996],[2.16073,41.5083],[2.16064,41.51799999999999],[2.1333300000000004,41.53271999999999]]]},"properties":{"CODIMUNI":"082520","NOMMUNI":"Barberà del Vallès","CODICOMAR":"40","NOMCOMAR":"Vallès Occidental"}},{"type":"Feature","geometry":{"type":"Polygon","coordinates":[[[2.2714699999999994,42.14371],[2.2098800000000005,42.13958999999999],[2.21298,42.1289],[2.23249,42.12881999999999],[2.23254,42.09845],[2.29294,42.101330000000004],[2.3037400000000003,42.112339999999996],[2.29997,42.13376],[2.2811700000000004,42.13364],[2.2714699999999994,42.14371]]]},"properties":{"CODIMUNI":"082536","NOMMUNI":"Santa Maria de Besora","CODICOMAR":"24","NOMCOMAR":"Osona"}},{"type":"Feature","geometry":{"type":"Polygon","coordinates":[[[2.39975,42.082159999999995],[2.3817500000000003,42.084030000000006],[2.3727800000000006,42.06707],[2.35048,42.059139999999985],[2.33413,42.06253],[2.2949,42.04804],[2.2942600000000004,42.02995],[2.3097599999999994,42.01614],[2.3065800000000003,42.00008],[2.3333600000000003,41.99436],[2.3410399999999996,42.003319999999995],[2.34367,41.99748],[2.3554500000000003,41.99255],[2.3430499999999994,42.01228],[2.3826,42.01632000000001],[2.3936799999999994,42.00836],[2.40022,42.02526],[2.41386,42.024730000000005],[2.4280900000000005,42.06173],[2.39975,42.082159999999995]]]},"properties":{"CODIMUNI":"082541","NOMMUNI":"l'Esquirol","CODICOMAR":"24","NOMCOMAR":"Osona"}},{"type":"Feature","geometry":{"type":"Polygon","coordinates":[[[2.00619,42.049290000000006],[1.9996000000000003,42.05246],[2.0002,42.03938],[1.9878100000000007,42.04297999999999],[1.97828,42.03591999999999],[1.9743500000000003,42.021150000000006],[1.9538600000000002,42.00370000000001],[1.9459600000000001,42.00780000000001],[1.9311500000000001,41.99837999999999],[1.9047,41.95625],[1.9015300000000006,41.944419999999994],[1.9369200000000006,41.96546000000001],[1.95487,41.966240000000006],[1.9702899999999999,41.9199],[1.9836900000000004,41.91886],[1.9706799999999998,41.93691],[1.9785700000000002,41.95378999999999],[1.9963199999999997,41.96108000000001],[1.9855899999999997,41.96965],[1.9983200000000003,41.97752],[1.9947500000000007,41.98981],[2.02147,42.02384],[1.997300000000001,42.028580000000005],[2.00619,42.049290000000006]]]},"properties":{"CODIMUNI":"082554","NOMMUNI":"Santa Maria de Merlès","CODICOMAR":"14","NOMCOMAR":"Berguedà"}},{"type":"Feature","geometry":{"type":"Polygon","coordinates":[[[2.25578,41.529669999999996],[2.24262,41.52080999999998],[2.2632800000000004,41.50397],[2.2821499999999997,41.514630000000004],[2.25578,41.529669999999996]]]},"properties":{"CODIMUNI":"082567","NOMMUNI":"Santa Maria de Martorelles","CODICOMAR":"41","NOMCOMAR":"Vallès Oriental"}},{"type":"Feature","geometry":{"type":"Polygon","coordinates":[[[1.5308900000000003,41.5381],[1.4892700000000005,41.519529999999996],[1.48532,41.50747],[1.49375,41.4956],[1.4733600000000004,41.48604999999999],[1.4845600000000003,41.4721],[1.51145,41.48739],[1.5309600000000005,41.48472],[1.5592500000000002,41.510679999999994],[1.54724,41.514289999999995],[1.5308900000000003,41.5381]]]},"properties":{"CODIMUNI":"082573","NOMMUNI":"Santa Maria de Miralles","CODICOMAR":"06","NOMCOMAR":"Anoia"}},{"type":"Feature","geometry":{"type":"Polygon","coordinates":[[[2.1370200000000006,41.913320000000006],[2.04664,41.89751999999999],[2.0125400000000004,41.91208000000001],[2.01414,41.88412],[2.00144,41.88285],[2.01586,41.87333],[1.9758200000000001,41.84719],[1.97715,41.83714],[2.0033299999999996,41.832829999999994],[2.03325,41.81331],[2.0450200000000005,41.81679999999999],[2.09195,41.88486],[2.1381900000000003,41.88936999999999],[2.14395,41.90171],[2.1370200000000006,41.913320000000006]]]},"properties":{"CODIMUNI":"082589","NOMMUNI":"Santa Maria d'Oló","CODICOMAR":"42","NOMCOMAR":"Moianès"}},{"type":"Feature","geometry":{"type":"Polygon","coordinates":[[[2.48652,41.679449999999996],[2.4472500000000004,41.7116],[2.4444099999999995,41.7015],[2.41616,41.69668],[2.43011,41.683519999999994],[2.4253900000000006,41.67647],[2.4492800000000003,41.66832],[2.4453600000000004,41.65418999999999],[2.48652,41.679449999999996]]]},"properties":{"CODIMUNI":"082592","NOMMUNI":"Santa Maria de Palautordera","CODICOMAR":"41","NOMCOMAR":"Vallès Oriental"}},{"type":"Feature","geometry":{"type":"Polygon","coordinates":[[[2.1913600000000004,41.55442],[2.1744000000000003,41.55541],[2.1689499999999997,41.54121999999999],[2.15897,41.53638],[2.1458800000000005,41.54094],[2.13868,41.53157],[2.16362,41.515829999999994],[2.19886,41.51649],[2.2065,41.52889],[2.1913600000000004,41.55442]]]},"properties":{"CODIMUNI":"082606","NOMMUNI":"Santa Perpètua de Mogoda","CODICOMAR":"40","NOMCOMAR":"Vallès Occidental"}},{"type":"Feature","geometry":{"type":"Polygon","coordinates":[[[2.6902899999999996,41.67243],[2.6589100000000006,41.663729999999994],[2.6958100000000003,41.63786],[2.7024300000000006,41.62467999999999],[2.7278,41.634879999999995],[2.6902899999999996,41.67243]]]},"properties":{"CODIMUNI":"082613","NOMMUNI":"Santa Susanna","CODICOMAR":"21","NOMCOMAR":"Maresme"}},{"type":"Feature","geometry":{"type":"Polygon","coordinates":[[[1.9172099999999999,41.67806],[1.8730200000000004,41.69007],[1.8522800000000001,41.66917000000001],[1.8096699999999994,41.65865000000001],[1.8659099999999995,41.65631],[1.89213,41.66736],[1.8940199999999996,41.65604],[1.91869,41.66590999999999],[1.9304599999999996,41.65801],[1.9172099999999999,41.67806]]]},"properties":{"CODIMUNI":"082628","NOMMUNI":"Sant Vicenç de Castellet","CODICOMAR":"07","NOMCOMAR":"Bages"}},{"type":"Feature","geometry":{"type":"Polygon","coordinates":[[[2.0104900000000003,41.410199999999996],[1.9886000000000004,41.40832999999999],[1.99522,41.39735000000001],[1.9803200000000003,41.377359999999996],[1.9998600000000002,41.37158999999999],[2.0266500000000005,41.383199999999995],[2.0104900000000003,41.410199999999996]]]},"properties":{"CODIMUNI":"082634","NOMMUNI":"Sant Vicenç dels Horts","CODICOMAR":"11","NOMCOMAR":"Baix Llobregat"}},{"type":"Feature","geometry":{"type":"Polygon","coordinates":[[[2.4992899999999993,41.60348],[2.4955500000000006,41.57030999999999],[2.5098900000000004,41.55962999999999],[2.52229,41.56557],[2.52328,41.5906],[2.4992899999999993,41.60348]]]},"properties":{"CODIMUNI":"082649","NOMMUNI":"Sant Vicenç de Montalt","CODICOMAR":"21","NOMCOMAR":"Maresme"}},{"type":"Feature","geometry":{"type":"Polygon","coordinates":[[[2.2903000000000002,42.04865999999999],[2.26078,42.081500000000005],[2.2375,42.06353999999999],[2.2903000000000002,42.04865999999999]]]},"properties":{"CODIMUNI":"082652","NOMMUNI":"Sant Vicenç de Torelló","CODICOMAR":"24","NOMCOMAR":"Osona"}},{"type":"Feature","geometry":{"type":"Polygon","coordinates":[[[2.0886499999999995,41.51122999999999],[2.0751,41.50064999999999],[2.1172199999999997,41.464259999999996],[2.1208200000000006,41.448919999999994],[2.12994,41.44303000000001],[2.15584,41.44993],[2.1595800000000005,41.48479],[2.13494,41.50596],[2.12064,41.502919999999996],[2.0886499999999995,41.51122999999999]]]},"properties":{"CODIMUNI":"082665","NOMMUNI":"Cerdanyola del Vallès","CODICOMAR":"40","NOMCOMAR":"Vallès Occidental"}},{"type":"Feature","geometry":{"type":"Polygon","coordinates":[[[2.09611,41.65913],[2.09866,41.63295999999999],[2.1182699999999994,41.604150000000004],[2.11742,41.57900000000001],[2.1499100000000007,41.57629999999999],[2.16454,41.59960999999999],[2.16083,41.61471],[2.1486900000000007,41.63078],[2.09611,41.65913]]]},"properties":{"CODIMUNI":"082671","NOMMUNI":"Sentmenat","CODICOMAR":"40","NOMCOMAR":"Vallès Occidental"}},{"type":"Feature","geometry":{"type":"Polygon","coordinates":[[[1.87155,42.17451999999999],[1.8517,42.19543999999999],[1.8440600000000007,42.189989999999995],[1.84411,42.166419999999995],[1.81159,42.16237],[1.8057200000000002,42.15214000000001],[1.7773400000000001,42.14266999999999],[1.7822300000000004,42.134919999999994],[1.8243300000000005,42.12163],[1.8555400000000002,42.11523],[1.8719400000000002,42.12266999999999],[1.8818899999999998,42.11399000000001],[1.8664399999999999,42.11299999999999],[1.88806,42.10031000000001],[1.8794300000000004,42.086059999999996],[1.9082500000000002,42.09582],[1.920090000000001,42.11041999999999],[1.8835399999999995,42.12668],[1.89008,42.13482],[1.87168,42.15],[1.87155,42.17451999999999]]]},"properties":{"CODIMUNI":"082687","NOMMUNI":"Cercs","CODICOMAR":"14","NOMCOMAR":"Berguedà"}},{"type":"Feature","geometry":{"type":"MultiPolygon","coordinates":[[[[2.25029,41.81963999999999],[2.2319900000000006,41.804120000000005],[2.24594,41.78159999999999],[2.26387,41.79669],[2.27208,41.81786],[2.25029,41.81963999999999]]],[[[2.2821800000000003,41.85052],[2.26167,41.86422],[2.2523899999999997,41.8453],[2.2373000000000003,41.85063999999999],[2.23629,41.83762],[2.2593799999999997,41.83709000000001],[2.2815700000000003,41.823119999999996],[2.32287,41.83292],[2.3386199999999997,41.82234],[2.34564,41.82738],[2.32532,41.85588],[2.2821800000000003,41.85052]]]]},"properties":{"CODIMUNI":"082690","NOMMUNI":"Seva","CODICOMAR":"24","NOMCOMAR":"Osona"}},{"type":"Feature","geometry":{"type":"Polygon","coordinates":[[[1.92601,41.29022],[1.87225,41.27955],[1.8602599999999996,41.26942999999999],[1.8425099999999996,41.27155],[1.83392,41.26062],[1.7995699999999994,41.24957],[1.7850500000000002,41.23237],[1.7705600000000004,41.23946999999999],[1.7567600000000003,41.21963999999999],[1.7885200000000008,41.223739999999985],[1.8150999999999995,41.23599000000001],[1.8659399999999995,41.236520000000006],[1.86944,41.24295],[1.9445,41.26349],[1.9424900000000003,41.280269999999994],[1.92601,41.29022]]]},"properties":{"CODIMUNI":"082704","NOMMUNI":"Sitges","CODICOMAR":"17","NOMCOMAR":"Garraf"}},{"type":"Feature","geometry":{"type":"Polygon","coordinates":[[[2.2000300000000004,42.018260000000005],[2.1805400000000006,42.04194999999999],[2.1363499999999997,42.025290000000005],[2.14665,42.01046000000001],[2.17577,42.002810000000004],[2.19335,42.00800000000001],[2.2000300000000004,42.018260000000005]]]},"properties":{"CODIMUNI":"082711","NOMMUNI":"Sobremunt","CODICOMAR":"43","NOMCOMAR":"Lluçanès"}},{"type":"Feature","geometry":{"type":"Polygon","coordinates":[[[2.18648,42.13398],[2.14357,42.130919999999996],[2.12585,42.11240999999999],[2.13408,42.097820000000006],[2.1477600000000003,42.099579999999996],[2.1481799999999995,42.08024],[2.18384,42.07607],[2.21597,42.092949999999995],[2.18648,42.13398]]]},"properties":{"CODIMUNI":"082726","NOMMUNI":"Sora","CODICOMAR":"24","NOMCOMAR":"Osona"}},{"type":"Feature","geometry":{"type":"Polygon","coordinates":[[[1.85302,41.410140000000006],[1.8157100000000006,41.438979999999994],[1.8070300000000004,41.43476999999999],[1.7944799999999999,41.409659999999995],[1.7510900000000003,41.4236],[1.712,41.39416],[1.74556,41.39567999999999],[1.7954000000000006,41.37311],[1.8078900000000004,41.36234],[1.80305,41.35123],[1.82343,41.36001],[1.8322699999999998,41.37324],[1.8766700000000005,41.38960999999998],[1.8658400000000006,41.41091999999999],[1.86422,41.406179999999985],[1.85302,41.410140000000006]]]},"properties":{"CODIMUNI":"082732","NOMMUNI":"Subirats","CODICOMAR":"03","NOMCOMAR":"Alt Penedès"}},{"type":"Feature","geometry":{"type":"Polygon","coordinates":[[[1.7733100000000004,41.86265],[1.7407700000000004,41.85942999999999],[1.7359200000000004,41.84906999999999],[1.7345100000000009,41.82216999999999],[1.76359,41.80262999999999],[1.7902500000000006,41.81638],[1.7971000000000001,41.84051000000001],[1.78273,41.84476000000001],[1.7733100000000004,41.86265]]]},"properties":{"CODIMUNI":"082747","NOMMUNI":"Súria","CODICOMAR":"07","NOMCOMAR":"Bages"}},{"type":"Feature","geometry":{"type":"Polygon","coordinates":[[[2.3543,41.97962999999999],[2.3421300000000005,41.97507],[2.3415100000000004,41.96566],[2.2898999999999994,41.96085],[2.3410800000000003,41.93694000000001],[2.36924,41.933769999999996],[2.37035,41.95657],[2.38345,41.96149999999999],[2.3543,41.97962999999999]]]},"properties":{"CODIMUNI":"082750","NOMMUNI":"Tavèrnoles","CODICOMAR":"24","NOMCOMAR":"Osona"}},{"type":"Feature","geometry":{"type":"Polygon","coordinates":[[[2.3051100000000004,41.797979999999995],[2.2517700000000005,41.76286],[2.25055,41.7499],[2.260730000000001,41.744609999999994],[2.2559,41.728199999999994],[2.2996899999999996,41.73489],[2.3222400000000003,41.71973],[2.3522400000000006,41.74577],[2.3343599999999998,41.76364999999999],[2.3281900000000006,41.78879],[2.3051100000000004,41.797979999999995]]]},"properties":{"CODIMUNI":"082763","NOMMUNI":"Tagamanent","CODICOMAR":"41","NOMCOMAR":"Vallès Oriental"}},{"type":"Feature","geometry":{"type":"Polygon","coordinates":[[[1.9892400000000003,41.74988999999999],[1.9022800000000009,41.74291999999999],[1.8731100000000007,41.72662],[1.8843800000000004,41.7212],[1.8933200000000001,41.73268000000001],[1.9261300000000006,41.719319999999996],[1.9346100000000002,41.72341],[1.94173,41.709309999999995],[1.9921900000000006,41.71396000000001],[2.0052100000000004,41.72709],[1.9892400000000003,41.74988999999999]]]},"properties":{"CODIMUNI":"082779","NOMMUNI":"Talamanca","CODICOMAR":"07","NOMCOMAR":"Bages"}},{"type":"Feature","geometry":{"type":"Polygon","coordinates":[[[2.30192,41.89809000000001],[2.28879,41.90377999999999],[2.2822799999999996,41.89565],[2.26868,41.90002999999999],[2.26627,41.895239999999994],[2.25995,41.901599999999995],[2.26451,41.89164],[2.241390000000001,41.87402999999999],[2.2466800000000005,41.85432999999999],[2.27074,41.87206],[2.2786800000000005,41.850829999999995],[2.33049,41.856159999999996],[2.30192,41.89809000000001]]]},"properties":{"CODIMUNI":"082785","NOMMUNI":"Taradell","CODICOMAR":"24","NOMCOMAR":"Osona"}},{"type":"Feature","geometry":{"type":"Polygon","coordinates":[[[1.98293,41.64817],[1.9714500000000004,41.64883],[1.9739400000000002,41.634899999999995],[1.9554899999999997,41.625249999999994],[1.9559200000000003,41.61133999999999],[1.9437600000000002,41.600150000000006],[1.9661400000000002,41.5728],[1.98246,41.57233],[1.9873,41.56015],[1.95871,41.53918],[1.9818699999999996,41.53252],[1.99722,41.54214],[2.0348800000000002,41.51699999999999],[2.0330700000000004,41.52799999999999],[2.05512,41.52572],[2.05185,41.53757999999999],[2.06577,41.542950000000005],[2.0639799999999995,41.57646999999999],[2.0465900000000006,41.58732],[2.0624100000000003,41.590309999999995],[2.0442000000000005,41.60383999999999],[2.02858,41.592629999999986],[2.02011,41.59471],[1.9868700000000001,41.61708],[1.9791100000000004,41.623329999999996],[1.98293,41.64817]]]},"properties":{"CODIMUNI":"082798","NOMMUNI":"Terrassa","CODICOMAR":"40","NOMCOMAR":"Vallès Occidental"}},{"type":"Feature","geometry":{"type":"Polygon","coordinates":[[[2.4192700000000005,42.03027999999999],[2.4201000000000006,42.03653],[2.41386,42.024730000000005],[2.40022,42.02526],[2.3936799999999994,42.00836],[2.3826,42.01632000000001],[2.3430499999999994,42.01228],[2.3669700000000002,41.97700999999999],[2.3878400000000006,41.99174],[2.38999,41.98058],[2.43138,41.99484000000001],[2.4408,41.98519],[2.4503200000000005,41.993599999999994],[2.4512299999999994,42.02486],[2.4192700000000005,42.03027999999999]]]},"properties":{"CODIMUNI":"082802","NOMMUNI":"Tavertet","CODICOMAR":"24","NOMCOMAR":"Osona"}},{"type":"Feature","geometry":{"type":"Polygon","coordinates":[[[2.3195099999999997,41.51710999999999],[2.3067999999999995,41.51255],[2.30961,41.488879999999995],[2.33862,41.48504],[2.34408,41.488200000000006],[2.3195099999999997,41.51710999999999]]]},"properties":{"CODIMUNI":"082819","NOMMUNI":"Teià","CODICOMAR":"21","NOMCOMAR":"Maresme"}},{"type":"Feature","geometry":{"type":"Polygon","coordinates":[[[2.2678800000000003,41.50246999999999],[2.24705,41.48859],[2.26138,41.470679999999994],[2.2918699999999994,41.48250999999999],[2.2678800000000003,41.50246999999999]]]},"properties":{"CODIMUNI":"082824","NOMMUNI":"Tiana","CODICOMAR":"21","NOMCOMAR":"Maresme"}},{"type":"Feature","geometry":{"type":"MultiPolygon","coordinates":[[[[2.26167,41.86422],[2.25902,41.863580000000006],[2.26107,41.86290999999999],[2.26167,41.86422]]],[[[2.27074,41.87206],[2.2629299999999994,41.86446],[2.2651600000000003,41.86328999999999],[2.2690300000000003,41.85706],[2.2724300000000004,41.85755999999999],[2.27074,41.87206]]],[[[2.24307,41.87198],[2.2316900000000004,41.87561999999999],[2.19358,41.86729999999999],[2.18631,41.85989999999999],[2.1919700000000004,41.83793000000001],[2.2267000000000006,41.836549999999995],[2.2466800000000005,41.85432999999999],[2.24307,41.87198]]]]},"properties":{"CODIMUNI":"082830","NOMMUNI":"Tona","CODICOMAR":"24","NOMCOMAR":"Osona"}},{"type":"Feature","geometry":{"type":"Polygon","coordinates":[[[2.7770599999999996,41.73073],[2.72405,41.7444],[2.6701,41.71439],[2.65008,41.720259999999996],[2.63301,41.68983999999999],[2.6137700000000006,41.69252000000001],[2.59968,41.68381999999999],[2.6090200000000006,41.67545],[2.5938700000000003,41.65887],[2.6060000000000003,41.65781],[2.61292,41.64746],[2.6777000000000006,41.643049999999995],[2.6824500000000002,41.64954999999999],[2.65917,41.66391],[2.69396,41.67068999999999],[2.72363,41.692539999999994],[2.74395,41.68983000000001],[2.75785,41.67939999999999],[2.77022,41.68753],[2.76586,41.72570000000001],[2.7770599999999996,41.73073]]]},"properties":{"CODIMUNI":"082845","NOMMUNI":"Tordera","CODICOMAR":"21","NOMCOMAR":"Maresme"}},{"type":"Feature","geometry":{"type":"Polygon","coordinates":[[[2.2545800000000003,42.058569999999996],[2.2414600000000005,42.05387999999999],[2.2566499999999996,42.04254999999999],[2.23517,42.04337],[2.24387,42.02869999999999],[2.25797,42.02913999999999],[2.2516,42.01990000000001],[2.2599,42.012139999999995],[2.2834500000000006,42.032289999999996],[2.2942600000000004,42.02995],[2.2949,42.04804],[2.2545800000000003,42.058569999999996]]]},"properties":{"CODIMUNI":"082858","NOMMUNI":"Torelló","CODICOMAR":"24","NOMCOMAR":"Osona"}},{"type":"Feature","geometry":{"type":"Polygon","coordinates":[[[1.7022499999999998,41.541149999999995],[1.6518300000000004,41.53945999999999],[1.6393900000000003,41.52002],[1.6159900000000003,41.51948999999999],[1.6146100000000005,41.51325],[1.68,41.507130000000004],[1.6757700000000006,41.52915000000001],[1.7022499999999998,41.541149999999995]]]},"properties":{"CODIMUNI":"082861","NOMMUNI":"la Torre de Claramunt","CODICOMAR":"06","NOMCOMAR":"Anoia"}},{"type":"Feature","geometry":{"type":"Polygon","coordinates":[[[1.71395,41.467179999999985],[1.70667,41.44497],[1.68263,41.44644999999999],[1.6769499999999997,41.430599999999984],[1.6908300000000003,41.418249999999986],[1.7055100000000007,41.41676999999999],[1.7235000000000003,41.43582000000001],[1.74855,41.417609999999996],[1.7690800000000007,41.44559000000002],[1.7514500000000004,41.45761999999999],[1.71395,41.467179999999985]]]},"properties":{"CODIMUNI":"082877","NOMMUNI":"Torrelavit","CODICOMAR":"03","NOMCOMAR":"Alt Penedès"}},{"type":"Feature","geometry":{"type":"Polygon","coordinates":[[[1.5614800000000004,41.45107999999999],[1.5331600000000003,41.44186],[1.5461599999999998,41.43443],[1.53377,41.41138],[1.5427099999999998,41.40724000000001],[1.53702,41.38534000000001],[1.55367,41.36806],[1.5825700000000005,41.38173],[1.5959300000000003,41.397879999999994],[1.6280800000000004,41.41183000000001],[1.64095,41.41049000000001],[1.5786700000000002,41.43173000000001],[1.5614800000000004,41.45107999999999]]]},"properties":{"CODIMUNI":"082883","NOMMUNI":"Torrelles de Foix","CODICOMAR":"03","NOMCOMAR":"Alt Penedès"}},{"type":"Feature","geometry":{"type":"Polygon","coordinates":[[[1.9952300000000005,41.37512000000001],[1.96611,41.365249999999996],[1.9541000000000002,41.36780000000001],[1.9458999999999997,41.33666],[1.95944,41.33330000000001],[1.98807,41.34518],[2.0032100000000006,41.36917999999999],[1.9952300000000005,41.37512000000001]]]},"properties":{"CODIMUNI":"082896","NOMMUNI":"Torrelles de Llobregat","CODICOMAR":"11","NOMCOMAR":"Baix Llobregat"}},{"type":"Feature","geometry":{"type":"Polygon","coordinates":[[[1.9731199999999998,41.53907999999999],[1.9418700000000002,41.52813],[1.9513300000000002,41.52293000000001],[1.9511500000000004,41.51015999999999],[1.9361099999999996,41.50781],[1.94083,41.50666],[1.97018,41.51368],[1.9857600000000009,41.535239999999995],[1.9731199999999998,41.53907999999999]]]},"properties":{"CODIMUNI":"082900","NOMMUNI":"Ullastrell","CODICOMAR":"40","NOMCOMAR":"Vallès Occidental"}},{"type":"Feature","geometry":{"type":"Polygon","coordinates":[[[1.9719300000000002,41.64601],[1.95709,41.64652000000001],[1.9417799999999998,41.62438999999999],[1.9094300000000002,41.630039999999994],[1.8892200000000003,41.61489999999999],[1.8650199999999997,41.618339999999996],[1.8633100000000002,41.59228000000001],[1.90921,41.570489999999985],[1.9273899999999997,41.570660000000004],[1.9428300000000005,41.58086],[1.9599999999999997,41.57861],[1.9437600000000002,41.600150000000006],[1.9559200000000003,41.61133999999999],[1.9554899999999997,41.625249999999994],[1.9739400000000002,41.634899999999995],[1.9719300000000002,41.64601]]]},"properties":{"CODIMUNI":"082917","NOMMUNI":"Vacarisses","CODICOMAR":"40","NOMCOMAR":"Vallès Occidental"}},{"type":"Feature","geometry":{"type":"Polygon","coordinates":[[[1.7151999999999998,41.55249],[1.6922900000000005,41.522470000000006],[1.7042300000000001,41.51976],[1.6986400000000004,41.511570000000006],[1.71231,41.50902],[1.72071,41.52141000000001],[1.7151999999999998,41.55249]]]},"properties":{"CODIMUNI":"082922","NOMMUNI":"Vallbona d'Anoia","CODICOMAR":"06","NOMCOMAR":"Anoia"}},{"type":"Feature","geometry":{"type":"Polygon","coordinates":[[[1.8040200000000004,42.238859999999995],[1.7870400000000006,42.20893999999999],[1.77111,42.20619],[1.7695200000000006,42.19314999999999],[1.8051600000000003,42.18009999999999],[1.8456000000000004,42.1903],[1.8533599999999997,42.204890000000006],[1.8303800000000003,42.21286],[1.8420000000000003,42.22442],[1.8040200000000004,42.238859999999995]]]},"properties":{"CODIMUNI":"082938","NOMMUNI":"Vallcebre","CODICOMAR":"14","NOMCOMAR":"Berguedà"}},{"type":"Feature","geometry":{"type":"Polygon","coordinates":[[[2.4828600000000005,41.670269999999995],[2.4462199999999994,41.652550000000005],[2.4589300000000005,41.64399000000001],[2.48531,41.64256999999999],[2.4895600000000004,41.62519],[2.5269499999999994,41.62702],[2.5412700000000004,41.648689999999995],[2.4828600000000005,41.670269999999995]]]},"properties":{"CODIMUNI":"082943","NOMMUNI":"Vallgorguina","CODICOMAR":"41","NOMCOMAR":"Vallès Oriental"}},{"type":"Feature","geometry":{"type":"Polygon","coordinates":[[[1.93619,41.39840000000001],[1.9162200000000007,41.38919],[1.8766700000000005,41.38960999999998],[1.8708900000000004,41.38041],[1.8983800000000004,41.35481],[1.9447599999999998,41.34986],[1.9541000000000002,41.36780000000001],[1.93619,41.39840000000001]]]},"properties":{"CODIMUNI":"082956","NOMMUNI":"Vallirana","CODICOMAR":"11","NOMCOMAR":"Baix Llobregat"}},{"type":"Feature","geometry":{"type":"Polygon","coordinates":[[[2.28669,41.54294000000001],[2.26948,41.52170999999999],[2.2818,41.51392],[2.3072400000000006,41.513360000000006],[2.3308600000000004,41.52395],[2.3085200000000006,41.54012],[2.28669,41.54294000000001]]]},"properties":{"CODIMUNI":"082969","NOMMUNI":"Vallromanes","CODICOMAR":"41","NOMCOMAR":"Vallès Oriental"}},{"type":"Feature","geometry":{"type":"MultiPolygon","coordinates":[[[[1.4880400000000005,41.64057999999999],[1.4507199999999998,41.64635],[1.45575,41.63183999999998],[1.49104,41.63008],[1.4880400000000005,41.64057999999999]]],[[[1.5337000000000005,41.68755],[1.4496700000000007,41.69412],[1.4408600000000003,41.66988],[1.4155000000000004,41.674699999999994],[1.4288500000000002,41.65665],[1.4869200000000005,41.64432999999999],[1.505670000000001,41.648529999999994],[1.5024600000000004,41.65977999999999],[1.5299700000000005,41.66029999999999],[1.5337000000000005,41.68755]]]]},"properties":{"CODIMUNI":"082975","NOMMUNI":"Veciana","CODICOMAR":"06","NOMCOMAR":"Anoia"}},{"type":"Feature","geometry":{"type":"Polygon","coordinates":[[[2.2827200000000003,41.95892],[2.23822,41.93979],[2.2384500000000003,41.93403],[2.2091800000000004,41.93731999999999],[2.19914,41.92623],[2.16853,41.93334999999999],[2.1823200000000003,41.92333],[2.178,41.91451],[2.1948400000000006,41.91689000000001],[2.2039100000000005,41.92676],[2.21936,41.92416],[2.1998800000000003,41.91274],[2.20379,41.89441999999999],[2.19313,41.89387],[2.19467,41.88215],[2.2424100000000005,41.91069000000001],[2.26583,41.903479999999995],[2.26345,41.91768999999999],[2.28427,41.93528],[2.2827200000000003,41.95892]]]},"properties":{"CODIMUNI":"082981","NOMMUNI":"Vic","CODICOMAR":"24","NOMCOMAR":"Osona"}},{"type":"Feature","geometry":{"type":"Polygon","coordinates":[[[1.9210800000000003,42.16709],[1.9107099999999995,42.16770999999999],[1.8835399999999995,42.12668],[1.9204099999999997,42.11042],[1.9334299999999995,42.11366],[1.93707,42.12837999999999],[1.9651099999999995,42.13130000000001],[1.9627599999999998,42.14706999999999],[1.9495100000000007,42.15477],[1.93926,42.14696],[1.9168900000000002,42.15939999999999],[1.9210800000000003,42.16709]]]},"properties":{"CODIMUNI":"082994","NOMMUNI":"Vilada","CODICOMAR":"14","NOMCOMAR":"Berguedà"}},{"type":"Feature","geometry":{"type":"Polygon","coordinates":[[[1.9446800000000004,41.58095],[1.9204100000000004,41.571099999999994],[1.91911,41.556439999999995],[1.9412000000000005,41.52812],[1.9873,41.56015],[1.98246,41.57233],[1.9446800000000004,41.58095]]]},"properties":{"CODIMUNI":"083008","NOMMUNI":"Viladecavalls","CODICOMAR":"40","NOMCOMAR":"Vallès Occidental"}},{"type":"Feature","geometry":{"type":"Polygon","coordinates":[[[2.011720000000001,41.33772999999999],[1.9882400000000002,41.31401],[2.0165600000000006,41.303],[2.045760000000001,41.27044],[2.07474,41.27654],[2.011720000000001,41.33772999999999]]]},"properties":{"CODIMUNI":"083015","NOMMUNI":"Viladecans","CODICOMAR":"11","NOMCOMAR":"Baix Llobregat"}},{"type":"Feature","geometry":{"type":"Polygon","coordinates":[[[1.6710600000000004,41.58343],[1.6595500000000007,41.57251],[1.6376500000000003,41.5784],[1.6158200000000005,41.56904999999999],[1.6193,41.55983],[1.5851,41.54078],[1.6506800000000001,41.55375000000001],[1.6710600000000004,41.58343]]]},"properties":{"CODIMUNI":"083020","NOMMUNI":"Vilanova del Camí","CODICOMAR":"06","NOMCOMAR":"Anoia"}},{"type":"Feature","geometry":{"type":"Polygon","coordinates":[[[2.4386000000000005,41.99237],[2.4220400000000004,41.993669999999995],[2.38999,41.98058],[2.3878400000000006,41.99174],[2.3659200000000005,41.973079999999996],[2.3834800000000005,41.961299999999994],[2.3678399999999997,41.95147],[2.3687100000000005,41.93035999999999],[2.4076900000000006,41.93157],[2.41705,41.9233],[2.4113100000000003,41.91257],[2.4425100000000004,41.88750999999999],[2.46814,41.90423],[2.4800500000000003,41.9287],[2.47018,41.93914000000001],[2.4423800000000004,41.94143],[2.4367599999999996,41.94797],[2.4414400000000005,41.959909999999994],[2.42728,41.968949999999985],[2.4493400000000003,41.96989000000001],[2.4386000000000005,41.99237]]]},"properties":{"CODIMUNI":"083036","NOMMUNI":"Vilanova de Sau","CODICOMAR":"24","NOMCOMAR":"Osona"}},{"type":"Feature","geometry":{"type":"Polygon","coordinates":[[[1.6498000000000004,41.405619999999985],[1.6379899999999994,41.399170000000005],[1.6620399999999997,41.37055],[1.6797100000000003,41.368739999999995],[1.6979099999999998,41.37720999999999],[1.6991299999999998,41.383489999999995],[1.6498000000000004,41.405619999999985]]]},"properties":{"CODIMUNI":"083041","NOMMUNI":"Vilobí del Penedès","CODICOMAR":"03","NOMCOMAR":"Alt Penedès"}},{"type":"Feature","geometry":{"type":"Polygon","coordinates":[[[1.7040600000000004,41.370090000000005],[1.6656799999999996,41.34587],[1.6658100000000002,41.32912999999999],[1.6823799999999998,41.32423],[1.6862800000000004,41.33476],[1.6944800000000002,41.33402],[1.70258,41.32419],[1.7212900000000004,41.33216],[1.7226200000000005,41.342079999999996],[1.7297200000000001,41.33694],[1.7356400000000003,41.34221],[1.7381800000000007,41.34871],[1.7208699999999997,41.35721999999999],[1.7336800000000003,41.363829999999986],[1.7040600000000004,41.370090000000005]]]},"properties":{"CODIMUNI":"083054","NOMMUNI":"Vilafranca del Penedès","CODICOMAR":"03","NOMCOMAR":"Alt Penedès"}},{"type":"Feature","geometry":{"type":"Polygon","coordinates":[[[2.44146,41.65808],[2.4353900000000004,41.65042],[2.4569,41.628869999999985],[2.4852,41.63097],[2.48531,41.64256999999999],[2.45531,41.64512],[2.44146,41.65808]]]},"properties":{"CODIMUNI":"083067","NOMMUNI":"Vilalba Sasserra","CODICOMAR":"41","NOMCOMAR":"Vallès Oriental"}},{"type":"Feature","geometry":{"type":"Polygon","coordinates":[[[1.6943300000000001,41.27116999999999],[1.6683000000000008,41.245299999999986],[1.6827200000000007,41.20288999999999],[1.7158700000000005,41.21124],[1.7291700000000005,41.20797],[1.7357800000000008,41.21591999999999],[1.7300399999999998,41.205929999999995],[1.75083,41.219480000000004],[1.7235699999999998,41.26643000000001],[1.6943300000000001,41.27116999999999]]]},"properties":{"CODIMUNI":"083073","NOMMUNI":"Vilanova i la Geltrú","CODICOMAR":"17","NOMCOMAR":"Garraf"}},{"type":"Feature","geometry":{"type":"Polygon","coordinates":[[[1.791590000000001,42.000659999999996],[1.7765,41.999769999999984],[1.7539799999999992,41.98196000000001],[1.7490500000000004,41.94408999999999],[1.7220299999999997,41.94339],[1.720620000000001,41.93122999999999],[1.7335000000000007,41.924749999999996],[1.73046,41.918400000000005],[1.7572800000000004,41.91884],[1.7668100000000007,41.91145999999999],[1.8097300000000003,41.92582],[1.8393300000000004,41.90973],[1.8453800000000002,41.89809],[1.8482700000000003,41.91622999999999],[1.8638700000000008,41.91653999999998],[1.84778,41.937549999999995],[1.8590399999999998,41.94136],[1.8343800000000003,41.97083],[1.8075400000000004,41.97892999999999],[1.80798,41.99271],[1.7923600000000004,41.98501],[1.791590000000001,42.000659999999996]]]},"properties":{"CODIMUNI":"083089","NOMMUNI":"Viver i Serrateix","CODICOMAR":"14","NOMCOMAR":"Berguedà"}},{"type":"Feature","geometry":{"type":"Polygon","coordinates":[[[2.4626300000000003,42.07711],[2.42306,42.06208000000001],[2.4205300000000003,42.05367999999999],[2.4192700000000005,42.03027999999999],[2.4432,42.02875999999999],[2.45481,42.016680000000015],[2.43941,41.98081],[2.45225,41.965889999999995],[2.47162,41.96919],[2.4880200000000006,41.98485],[2.4688100000000004,41.99374],[2.4990500000000004,42.0015],[2.4946700000000006,42.01743999999999],[2.5060899999999995,42.032299999999985],[2.48128,42.05073999999998],[2.49614,42.05901000000001],[2.4909200000000005,42.06807999999999],[2.4626300000000003,42.07711]]]},"properties":{"CODIMUNI":"089019","NOMMUNI":"Rupit i Pruit","CODICOMAR":"24","NOMCOMAR":"Osona"}},{"type":"Feature","geometry":{"type":"Polygon","coordinates":[[[2.2947100000000002,41.57646],[2.2820299999999993,41.57345999999999],[2.2830600000000003,41.54335999999999],[2.3160500000000006,41.53344],[2.33474,41.543879999999994],[2.3379700000000003,41.56034],[2.31412,41.56258],[2.2947100000000002,41.57646]]]},"properties":{"CODIMUNI":"089024","NOMMUNI":"Vilanova del Vallès","CODICOMAR":"41","NOMCOMAR":"Vallès Oriental"}},{"type":"Feature","geometry":{"type":"Polygon","coordinates":[[[1.89644,42.229429999999994],[1.8943600000000003,42.23509],[1.8848300000000002,42.231860000000005],[1.8755099999999996,42.22036],[1.88799,42.20926999999999],[1.9349299999999996,42.2035],[1.9313099999999999,42.22862],[1.89644,42.229429999999994]]]},"properties":{"CODIMUNI":"089030","NOMMUNI":"Sant Julià de Cerdanyola","CODICOMAR":"14","NOMCOMAR":"Berguedà"}},{"type":"Feature","geometry":{"type":"Polygon","coordinates":[[[2.11431,41.51629],[2.1055400000000004,41.508709999999994],[2.12064,41.502919999999996],[2.1260000000000003,41.50623999999999],[2.11431,41.51629]]]},"properties":{"CODIMUNI":"089045","NOMMUNI":"Badia del Vallès","CODICOMAR":"40","NOMCOMAR":"Vallès Occidental"}},{"type":"Feature","geometry":{"type":"Polygon","coordinates":[[[1.9405100000000002,41.41897999999999],[1.9397800000000003,41.408],[1.9492500000000004,41.402890000000006],[1.9617800000000005,41.40883],[1.9829200000000005,41.39972],[1.9891600000000003,41.407579999999996],[1.9737199999999995,41.416219999999996],[1.9405100000000002,41.41897999999999]]]},"properties":{"CODIMUNI":"089058","NOMMUNI":"la Palma de Cervelló","CODICOMAR":"11","NOMCOMAR":"Baix Llobregat"}},{"type":"Feature","geometry":{"type":"Polygon","coordinates":[[[2.82048,42.436870000000006],[2.7927100000000005,42.41694999999999],[2.81543,42.406949999999995],[2.83157,42.378229999999995],[2.895,42.3844],[2.86272,42.41459],[2.86586,42.42342999999999],[2.8407399999999994,42.42144],[2.82048,42.436870000000006]]]},"properties":{"CODIMUNI":"170010","NOMMUNI":"Agullana","CODICOMAR":"02","NOMCOMAR":"Alt Empordà"}},{"type":"Feature","geometry":{"type":"Polygon","coordinates":[[[2.79393,41.941859999999984],[2.75478,41.949589999999986],[2.7473699999999996,41.92599],[2.7800700000000003,41.90336],[2.7922600000000006,41.91074],[2.79393,41.941859999999984]]]},"properties":{"CODIMUNI":"170025","NOMMUNI":"Aiguaviva","CODICOMAR":"20","NOMCOMAR":"Gironès"}},{"type":"Feature","geometry":{"type":"Polygon","coordinates":[[[2.6613499999999997,42.37879],[2.66088,42.36602000000001],[2.6761,42.353759999999994],[2.6717499999999994,42.34087],[2.61844,42.34554],[2.56187,42.36113],[2.5421500000000004,42.33424999999999],[2.56234,42.31835],[2.59177,42.32784999999999],[2.61404,42.31856],[2.61837,42.30814],[2.6307800000000006,42.312810000000006],[2.62789,42.29596999999999],[2.6568100000000006,42.29617999999999],[2.66578,42.28169],[2.66166,42.265429999999995],[2.67255,42.256890000000006],[2.6722699999999997,42.26254999999999],[2.6903,42.26265],[2.6766599999999996,42.27073],[2.69657,42.27383],[2.7087999999999997,42.267],[2.7023199999999994,42.24945],[2.72209,42.24672],[2.73342,42.26623],[2.71283,42.295470000000016],[2.73702,42.29975],[2.73497,42.31783999999999],[2.70943,42.31923999999999],[2.70665,42.32578],[2.7522,42.34112],[2.7269100000000006,42.342819999999996],[2.7232599999999993,42.352349999999994],[2.6613499999999997,42.37879]]]},"properties":{"CODIMUNI":"170031","NOMMUNI":"Albanyà","CODICOMAR":"02","NOMCOMAR":"Alt Empordà"}},{"type":"Feature","geometry":{"type":"Polygon","coordinates":[[[3.0962,42.12255999999999],[3.0499300000000003,42.11247999999999],[3.0573500000000005,42.098839999999996],[3.0894700000000004,42.09119],[3.10838,42.10295000000001],[3.10763,42.11679000000001],[3.0962,42.12255999999999]]]},"properties":{"CODIMUNI":"170046","NOMMUNI":"Albons","CODICOMAR":"10","NOMCOMAR":"Baix Empordà"}},{"type":"Feature","geometry":{"type":"Polygon","coordinates":[[[2.99471,42.264939999999996],[2.9815,42.26082000000001],[2.98199,42.2446],[2.96824,42.23528000000001],[2.9962,42.230030000000006],[3.0115100000000004,42.23464],[3.01242,42.25208000000001],[2.99471,42.264939999999996]]]},"properties":{"CODIMUNI":"170059","NOMMUNI":"el Far d'Empordà","CODICOMAR":"02","NOMCOMAR":"Alt Empordà"}},{"type":"Feature","geometry":{"type":"Polygon","coordinates":[[[1.8937999999999997,42.38107],[1.8736299999999995,42.38027000000001],[1.8683,42.37024],[1.90218,42.33797],[1.8968299999999998,42.322489999999995],[1.8926900000000002,42.321220000000004],[1.8927200000000008,42.32057],[1.9320800000000007,42.31871999999999],[1.9431500000000002,42.30836999999999],[1.9486600000000007,42.31530000000001],[1.95535,42.3121],[1.9614300000000005,42.33201999999999],[1.9846900000000005,42.33121],[1.9879100000000003,42.34353999999999],[2.01607,42.34709],[1.9618700000000002,42.36907],[1.95616,42.35842000000001],[1.93807,42.35568000000001],[1.8937999999999997,42.38107]]]},"properties":{"CODIMUNI":"170062","NOMMUNI":"Alp","CODICOMAR":"15","NOMCOMAR":"Cerdanya"}},{"type":"Feature","geometry":{"type":"Polygon","coordinates":[[[2.59689,42.05001000000001],[2.5872900000000003,42.03674999999999],[2.55718,42.04484999999999],[2.5464000000000007,42.036319999999996],[2.5441799999999994,42.02962999999999],[2.5754600000000005,42.00406],[2.5704899999999995,41.98687],[2.60058,41.975849999999994],[2.60139,41.9849],[2.61723,41.988339999999994],[2.6400299999999994,41.98058],[2.6435900000000006,41.9906],[2.6608,41.992279999999994],[2.6616900000000006,42.016670000000005],[2.62828,42.012209999999996],[2.62617,42.02336],[2.6089600000000006,42.02814],[2.59689,42.05001000000001]]]},"properties":{"CODIMUNI":"170078","NOMMUNI":"Amer","CODICOMAR":"34","NOMCOMAR":"Selva"}},{"type":"Feature","geometry":{"type":"Polygon","coordinates":[[[2.66069,41.95953999999999],[2.6346900000000004,41.96283999999999],[2.61583,41.95112999999999],[2.60055,41.95195999999999],[2.61633,41.923109999999994],[2.6285100000000003,41.920210000000004],[2.6512200000000004,41.93627],[2.67058,41.93731],[2.67262,41.948239999999984],[2.66069,41.95953999999999]]]},"properties":{"CODIMUNI":"170084","NOMMUNI":"Anglès","CODICOMAR":"34","NOMCOMAR":"Selva"}},{"type":"Feature","geometry":{"type":"Polygon","coordinates":[[[2.5263700000000004,41.87186],[2.5156000000000005,41.870580000000004],[2.5120100000000005,41.84430999999999],[2.47911,41.85005],[2.4646600000000003,41.86050999999999],[2.42257,41.85470999999998],[2.42336,41.83731],[2.40739,41.823069999999994],[2.41841,41.80449999999999],[2.43887,41.80124],[2.4555000000000002,41.78442],[2.4855,41.795659999999984],[2.51555,41.792919999999995],[2.53359,41.77894],[2.5402,41.78289999999999],[2.55629,41.80474000000001],[2.5567900000000003,41.83437],[2.5827,41.83405],[2.5263700000000004,41.87186]]]},"properties":{"CODIMUNI":"170097","NOMMUNI":"Arbúcies","CODICOMAR":"34","NOMCOMAR":"Selva"}},{"type":"Feature","geometry":{"type":"Polygon","coordinates":[[[2.64032,42.22609],[2.6250700000000005,42.221970000000006],[2.6080100000000006,42.226949999999995],[2.60452,42.19393],[2.61297,42.20052],[2.64811,42.19027],[2.65942,42.21391],[2.64032,42.22609]]]},"properties":{"CODIMUNI":"170101","NOMMUNI":"Argelaguer","CODICOMAR":"19","NOMCOMAR":"Garrotxa"}},{"type":"Feature","geometry":{"type":"Polygon","coordinates":[[[3.09139,42.1819],[3.06306,42.17905999999999],[3.08843,42.1501],[3.11135,42.1563],[3.0874800000000002,42.16035000000001],[3.09139,42.1819]]]},"properties":{"CODIMUNI":"170118","NOMMUNI":"l'Armentera","CODICOMAR":"02","NOMCOMAR":"Alt Empordà"}},{"type":"Feature","geometry":{"type":"Polygon","coordinates":[[[2.9286,42.27365],[2.8974300000000004,42.27882000000001],[2.89804,42.22854999999999],[2.9095199999999997,42.225069999999995],[2.93027,42.23577],[2.93601,42.2628],[2.9286,42.27365]]]},"properties":{"CODIMUNI":"170123","NOMMUNI":"Avinyonet de Puigventós","CODICOMAR":"02","NOMCOMAR":"Alt Empordà"}},{"type":"Feature","geometry":{"type":"MultiPolygon","coordinates":[[[[3.21766,41.93784999999999],[3.2182799999999996,41.93814999999999],[3.21797,41.93821],[3.21766,41.93784999999999]]],[[[3.21201,41.9729],[3.2073399999999994,41.98147999999999],[3.1816599999999995,41.96265],[3.1956499999999997,41.94563999999999],[3.15524,41.937159999999984],[3.15635,41.93028],[3.17292,41.92376999999999],[3.21861,41.92722],[3.2142,41.93641999999999],[3.2334299999999994,41.95030000000001],[3.2336100000000005,41.96186],[3.22215,41.97404000000001],[3.21201,41.9729]]]]},"properties":{"CODIMUNI":"170139","NOMMUNI":"Begur","CODICOMAR":"10","NOMCOMAR":"Baix Empordà"}},{"type":"Feature","geometry":{"type":"Polygon","coordinates":[[[2.7932099999999997,42.41834999999999],[2.7713000000000005,42.41205],[2.7904899999999997,42.39912999999999],[2.82112,42.39463000000001],[2.81335,42.40878],[2.80109,42.40822],[2.7932099999999997,42.41834999999999]]]},"properties":{"CODIMUNI":"170144","NOMMUNI":"la Vajol","CODICOMAR":"02","NOMCOMAR":"Alt Empordà"}},{"type":"Feature","geometry":{"type":"Polygon","coordinates":[[[2.7696599999999996,42.14165],[2.7516899999999995,42.136720000000004],[2.7491100000000004,42.110519999999994],[2.77148,42.10553],[2.80488,42.11442999999999],[2.8016100000000006,42.12507],[2.78705,42.125299999999996],[2.7696599999999996,42.14165]]]},"properties":{"CODIMUNI":"170157","NOMMUNI":"Banyoles","CODICOMAR":"28","NOMCOMAR":"Pla de l'Estany"}},{"type":"Feature","geometry":{"type":"Polygon","coordinates":[[[2.91916,42.16698000000001],[2.88835,42.154039999999995],[2.9011800000000005,42.13876],[2.9057899999999997,42.11012],[2.92493,42.11525999999999],[2.92344,42.1312],[2.9425900000000005,42.14095],[2.93346,42.165609999999994],[2.91916,42.16698000000001]]]},"properties":{"CODIMUNI":"170160","NOMMUNI":"Bàscara","CODICOMAR":"02","NOMCOMAR":"Alt Empordà"}},{"type":"Feature","geometry":{"type":"Polygon","coordinates":[[[3.12805,42.108430000000006],[3.07089,42.08451],[3.0903600000000004,42.062830000000005],[3.10237,42.06450999999999],[3.10225,42.08054],[3.1316300000000004,42.08321999999999],[3.12805,42.108430000000006]]]},"properties":{"CODIMUNI":"170182","NOMMUNI":"Bellcaire d'Empordà","CODICOMAR":"10","NOMCOMAR":"Baix Empordà"}},{"type":"Feature","geometry":{"type":"Polygon","coordinates":[[[2.70867,42.20969],[2.6747799999999997,42.20243],[2.69173,42.19284999999999],[2.71674,42.19777],[2.70867,42.20969]]]},"properties":{"CODIMUNI":"170195","NOMMUNI":"Besalú","CODICOMAR":"19","NOMCOMAR":"Garrotxa"}},{"type":"Feature","geometry":{"type":"Polygon","coordinates":[[[2.7102300000000006,41.98217999999999],[2.67282,41.97378999999999],[2.6618900000000005,41.95730999999999],[2.69723,41.93753000000001],[2.69808,41.92418000000001],[2.74472,41.924609999999994],[2.75478,41.949589999999986],[2.7766399999999996,41.967760000000006],[2.72371,41.96946],[2.7102300000000006,41.98217999999999]]]},"properties":{"CODIMUNI":"170209","NOMMUNI":"Bescanó","CODICOMAR":"20","NOMCOMAR":"Gironès"}},{"type":"Feature","geometry":{"type":"Polygon","coordinates":[[[2.69606,42.27391],[2.6764100000000006,42.27045],[2.6903,42.26265],[2.67217,42.26247],[2.67929,42.250350000000005],[2.6612900000000006,42.22935999999999],[2.6824099999999995,42.22626000000001],[2.68858,42.2099],[2.70867,42.20969],[2.7236500000000006,42.19773],[2.7182499999999994,42.21353],[2.729,42.23452999999999],[2.7489300000000005,42.22603999999999],[2.77821,42.2272],[2.7685299999999997,42.23836],[2.77151,42.252210000000005],[2.73054,42.26389],[2.72326,42.24708999999999],[2.7023199999999994,42.24945],[2.7087999999999997,42.267],[2.69606,42.27391]]]},"properties":{"CODIMUNI":"170216","NOMMUNI":"Beuda","CODICOMAR":"19","NOMCOMAR":"Garrotxa"}},{"type":"Feature","geometry":{"type":"Polygon","coordinates":[[[3.04999,41.98996],[3.0287399999999995,41.97332999999999],[3.02943,41.93459],[3.0214,41.92329],[3.0330900000000005,41.9055],[3.0533199999999994,41.90106000000001],[3.0615999999999994,41.93105],[3.04936,41.94022999999999],[3.04385,41.96648],[3.0636999999999994,41.97200000000001],[3.0668399999999996,41.98464],[3.04999,41.98996]]]},"properties":{"CODIMUNI":"170221","NOMMUNI":"la Bisbal d'Empordà","CODICOMAR":"10","NOMCOMAR":"Baix Empordà"}},{"type":"Feature","geometry":{"type":"MultiPolygon","coordinates":[[[[2.79214,41.67049],[2.7924800000000003,41.670449999999995],[2.7923500000000003,41.6708],[2.79214,41.67049]]],[[[2.80321,41.67305],[2.8037900000000002,41.67324],[2.80312,41.67312],[2.80321,41.67305]]],[[[2.80727,41.67696],[2.8082699999999994,41.677229999999994],[2.8079,41.67751],[2.80727,41.67696]]],[[[2.8154900000000005,41.681969999999986],[2.8160000000000003,41.682109999999994],[2.8155100000000006,41.682179999999995],[2.8154900000000005,41.681969999999986]]],[[[2.8158899999999996,41.68279999999999],[2.81616,41.68303000000001],[2.81584,41.68285],[2.8158899999999996,41.68279999999999]]],[[[2.7889200000000005,41.66999],[2.81658,41.68630999999999],[2.78982,41.70456000000001],[2.77415,41.72977],[2.7658,41.724199999999996],[2.77452,41.700289999999995],[2.75785,41.67939999999999],[2.77777,41.65039],[2.7889200000000005,41.66999]]]]},"properties":{"CODIMUNI":"170237","NOMMUNI":"Blanes","CODICOMAR":"34","NOMCOMAR":"Selva"}},{"type":"Feature","geometry":{"type":"Polygon","coordinates":[[[1.8517100000000004,42.44291],[1.85058,42.432480000000005],[1.86858,42.41846999999999],[1.86756,42.40091999999999],[1.9105400000000003,42.40174999999999],[1.899610000000001,42.425489999999996],[1.8517100000000004,42.44291]]]},"properties":{"CODIMUNI":"170242","NOMMUNI":"Bolvir","CODICOMAR":"15","NOMCOMAR":"Cerdanya"}},{"type":"Feature","geometry":{"type":"Polygon","coordinates":[[[2.9054000000000006,42.06195999999999],[2.90283,42.04967],[2.88663,42.05069999999999],[2.8981899999999996,42.03374],[2.93212,42.04321999999999],[2.92269,42.05417999999999],[2.92824,42.06159],[2.9054000000000006,42.06195999999999]]]},"properties":{"CODIMUNI":"170255","NOMMUNI":"Bordils","CODICOMAR":"20","NOMCOMAR":"Gironès"}},{"type":"Feature","geometry":{"type":"Polygon","coordinates":[[[2.9390700000000005,42.23400999999999],[2.9098899999999994,42.22672],[2.9169000000000005,42.20126999999999],[2.9334900000000004,42.19873],[2.94453,42.20806999999999],[2.9528400000000006,42.22529999999999],[2.9390700000000005,42.23400999999999]]]},"properties":{"CODIMUNI":"170268","NOMMUNI":"Borrassà","CODICOMAR":"02","NOMCOMAR":"Alt Empordà"}},{"type":"Feature","geometry":{"type":"Polygon","coordinates":[[[2.56152,41.76678999999999],[2.54234,41.76743999999999],[2.5383200000000006,41.76099],[2.5691399999999995,41.73063],[2.56152,41.76678999999999]]]},"properties":{"CODIMUNI":"170274","NOMMUNI":"Breda","CODICOMAR":"34","NOMCOMAR":"Selva"}},{"type":"Feature","geometry":{"type":"Polygon","coordinates":[[[2.68205,41.94761999999999],[2.6285100000000003,41.920210000000004],[2.61678,41.92510999999999],[2.61314,41.91276],[2.6987999999999994,41.87772],[2.71737,41.918989999999994],[2.7008199999999998,41.92023],[2.70118,41.93274000000001],[2.68205,41.94761999999999]]]},"properties":{"CODIMUNI":"170280","NOMMUNI":"Brunyola i Sant Martí Sapresa","CODICOMAR":"34","NOMCOMAR":"Selva"}},{"type":"Feature","geometry":{"type":"Polygon","coordinates":[[[2.85823,42.34591],[2.8427700000000002,42.34524999999999],[2.83724,42.32995999999999],[2.8655799999999996,42.322739999999996],[2.87903,42.31053],[2.8927199999999997,42.31184999999999],[2.8997900000000003,42.32560999999999],[2.85823,42.34591]]]},"properties":{"CODIMUNI":"170293","NOMMUNI":"Boadella i les Escaules","CODICOMAR":"02","NOMCOMAR":"Alt Empordà"}},{"type":"Feature","geometry":{"type":"Polygon","coordinates":[[[2.9442800000000005,42.331599999999995],[2.9419099999999996,42.31634999999999],[2.96916,42.27696],[2.97532,42.28999],[2.9962899999999997,42.29335],[2.9958799999999997,42.307379999999995],[2.9650900000000004,42.32845999999999],[2.9442800000000005,42.331599999999995]]]},"properties":{"CODIMUNI":"170307","NOMMUNI":"Cabanes","CODICOMAR":"02","NOMCOMAR":"Alt Empordà"}},{"type":"Feature","geometry":{"type":"MultiPolygon","coordinates":[[[[2.8516500000000002,42.182159999999996],[2.8611200000000006,42.1969],[2.8505,42.20385],[2.83475,42.20084000000001],[2.82788,42.18301999999999],[2.8516500000000002,42.182159999999996]]],[[[2.78461,42.30324000000001],[2.71283,42.295470000000016],[2.73054,42.26389],[2.77151,42.252210000000005],[2.7827600000000006,42.20134999999999],[2.83249,42.2013],[2.84418,42.21713],[2.83401,42.23722],[2.8058900000000007,42.23319999999999],[2.7793000000000005,42.26558],[2.80326,42.27599000000001],[2.78008,42.298749999999984],[2.78461,42.30324000000001]]]]},"properties":{"CODIMUNI":"170314","NOMMUNI":"Cabanelles","CODICOMAR":"02","NOMCOMAR":"Alt Empordà"}},{"type":"Feature","geometry":{"type":"MultiPolygon","coordinates":[[[[3.28313,42.26013],[3.2836299999999996,42.26031],[3.2830999999999997,42.260189999999994],[3.28313,42.26013]]],[[[3.2832600000000003,42.27376999999999],[3.28378,42.27377999999999],[3.28346,42.27392],[3.2832600000000003,42.27376999999999]]],[[[3.2911300000000003,42.27962999999999],[3.2915800000000006,42.279489999999996],[3.29149,42.27981],[3.2911300000000003,42.27962999999999]]],[[[3.29172,42.28134],[3.29358,42.28153999999999],[3.2922300000000004,42.28246],[3.29172,42.28134]]],[[[3.27903,42.281969999999994],[3.2793700000000006,42.282379999999996],[3.2784700000000004,42.28253],[3.27903,42.281969999999994]]],[[[3.29701,42.28899],[3.2969600000000003,42.28962],[3.2967,42.28927000000001],[3.29701,42.28899]]],[[[3.29639,42.29136],[3.2972299999999994,42.29147],[3.296870000000001,42.29167],[3.29639,42.29136]]],[[[3.30843,42.29161],[3.3093199999999996,42.29139999999999],[3.3082299999999996,42.292449999999995],[3.30843,42.29161]]],[[[3.30934,42.29171],[3.30908,42.292399999999994],[3.3088499999999996,42.29246],[3.30934,42.29171]]],[[[3.296899999999999,42.293299999999995],[3.29713,42.29341],[3.2967500000000003,42.29364],[3.296899999999999,42.293299999999995]]],[[[3.29467,42.29424000000001],[3.2963299999999998,42.29137],[3.2968000000000006,42.29336],[3.29467,42.29424000000001]]],[[[3.2965899999999997,42.29391],[3.2961000000000005,42.29513000000001],[3.2954399999999997,42.29536000000001],[3.2965899999999997,42.29391]]],[[[3.3008300000000004,42.30516],[3.30105,42.3054],[3.3006700000000007,42.30545999999999],[3.3008300000000004,42.30516]]],[[[3.3096399999999995,42.31252],[3.3100200000000006,42.31268],[3.3095300000000005,42.312799999999996],[3.3096399999999995,42.31252]]],[[[3.3220599999999996,42.31855999999999],[3.3222299999999994,42.31878999999999],[3.32171,42.31868],[3.3220599999999996,42.31855999999999]]],[[[3.3314000000000004,42.31983999999999],[3.3324900000000004,42.32004],[3.33165,42.32021],[3.3314000000000004,42.31983999999999]]],[[[3.3234800000000004,42.32202],[3.3240600000000002,42.322109999999995],[3.32412,42.32229],[3.3234800000000004,42.32202]]],[[[3.32443,42.32129],[3.31863,42.32479],[3.3185,42.32379],[3.3220400000000003,42.32128999999999],[3.32443,42.32129]]],[[[3.2987300000000004,42.327359999999985],[3.29884,42.32762],[3.2985300000000004,42.32755999999999],[3.2987300000000004,42.327359999999985]]],[[[3.3052699999999993,42.327099999999994],[3.30511,42.32818999999999],[3.30399,42.327400000000004],[3.3052699999999993,42.327099999999994]]],[[[3.29866,42.32835],[3.29807,42.32813999999999],[3.29869,42.32831],[3.29866,42.32835]]],[[[3.28347,42.332179999999994],[3.28641,42.31828999999999],[3.23732,42.296429999999994],[3.25052,42.25788],[3.26138,42.25095999999999],[3.2815900000000005,42.25386000000001],[3.2810300000000003,42.25762],[3.28285,42.25897],[3.28294,42.260099999999994],[3.28777,42.26587000000001],[3.27674,42.28000999999999],[3.27727,42.28808000000001],[3.2992499999999993,42.28455],[3.28619,42.29325],[3.2929900000000005,42.30171],[3.28804,42.30192999999999],[3.2866,42.303629999999984],[3.322249999999999,42.31942],[3.3109900000000003,42.32019],[3.2948300000000006,42.32943999999999],[3.2858299999999994,42.325700000000005],[3.28347,42.332179999999994]]],[[[3.2860199999999997,42.3322],[3.28701,42.33281000000001],[3.2857899999999995,42.333449999999985],[3.2860199999999997,42.3322]]]]},"properties":{"CODIMUNI":"170329","NOMMUNI":"Cadaqués","CODICOMAR":"02","NOMCOMAR":"Alt Empordà"}},{"type":"Feature","geometry":{"type":"Polygon","coordinates":[[[2.78484,41.88250000000001],[2.77213,41.88226],[2.7523900000000006,41.85429],[2.76384,41.84949999999999],[2.76071,41.81703],[2.78469,41.80714],[2.82179,41.8048],[2.8712000000000004,41.77277],[2.85367,41.79403],[2.8725600000000004,41.81505000000001],[2.8659700000000004,41.81019],[2.8481000000000005,41.81417999999999],[2.86204,41.848819999999996],[2.83513,41.86136],[2.8192199999999996,41.85126999999999],[2.80981,41.87771],[2.80089,41.86929],[2.78484,41.88250000000001]]]},"properties":{"CODIMUNI":"170335","NOMMUNI":"Caldes de Malavella","CODICOMAR":"34","NOMCOMAR":"Selva"}},{"type":"Feature","geometry":{"type":"Polygon","coordinates":[[[3.08464,41.89755],[3.0544,41.89825],[3.0596399999999995,41.87984999999999],[3.0219600000000004,41.86871],[3.0250000000000004,41.85416],[3.0665900000000006,41.84049000000001],[3.08085,41.82518],[3.11771,41.850370000000005],[3.08464,41.89755]]]},"properties":{"CODIMUNI":"170340","NOMMUNI":"Calonge i Sant Antoni","CODICOMAR":"10","NOMCOMAR":"Baix Empordà"}},{"type":"Feature","geometry":{"type":"Polygon","coordinates":[[[2.76731,42.10303999999999],[2.74008,42.101220000000005],[2.72925,42.079309999999985],[2.75811,42.071619999999996],[2.76769,42.05861999999999],[2.7979700000000003,42.08002999999999],[2.76731,42.10303999999999]]]},"properties":{"CODIMUNI":"170353","NOMMUNI":"Camós","CODICOMAR":"28","NOMCOMAR":"Pla de l'Estany"}},{"type":"Feature","geometry":{"type":"Polygon","coordinates":[[[2.12939,42.273430000000005],[2.0969,42.24421],[2.0948600000000006,42.22200999999999],[2.1372500000000003,42.20724],[2.15109,42.21925999999999],[2.1766200000000007,42.22155999999999],[2.19426,42.24359],[2.1872700000000003,42.25038],[2.1641399999999997,42.24776000000001],[2.1392599999999997,42.25437],[2.12939,42.273430000000005]]]},"properties":{"CODIMUNI":"170366","NOMMUNI":"Campdevànol","CODICOMAR":"31","NOMCOMAR":"Ripollès"}},{"type":"Feature","geometry":{"type":"Polygon","coordinates":[[[2.12773,42.31218],[2.10368,42.295869999999994],[2.09759,42.28164999999999],[2.12939,42.273430000000005],[2.13821,42.25974999999998],[2.1638700000000006,42.25741],[2.1618899999999996,42.290270000000014],[2.1397,42.31054],[2.12773,42.31218]]]},"properties":{"CODIMUNI":"170372","NOMMUNI":"Campelles","CODICOMAR":"31","NOMCOMAR":"Ripollès"}},{"type":"Feature","geometry":{"type":"Polygon","coordinates":[[[2.83704,41.91493999999999],[2.8165500000000003,41.911669999999994],[2.81639,41.88963],[2.83156,41.87738000000001],[2.85121,41.89668999999999],[2.83704,41.91493999999999]]]},"properties":{"CODIMUNI":"170388","NOMMUNI":"Campllong","CODICOMAR":"20","NOMCOMAR":"Gironès"}},{"type":"Feature","geometry":{"type":"Polygon","coordinates":[[[2.37298,42.37113999999999],[2.36252,42.33019],[2.36714,42.31561],[2.3553,42.3189],[2.3514400000000006,42.30534],[2.3153399999999995,42.29563999999999],[2.32139,42.27535],[2.34147,42.274219999999985],[2.3657099999999995,42.28765],[2.37566,42.26505000000001],[2.40616,42.27432],[2.41609,42.286509999999986],[2.46335,42.279529999999994],[2.4853399999999994,42.28834],[2.4797299999999995,42.30291999999999],[2.4965,42.29888],[2.5038799999999997,42.30413],[2.5087700000000006,42.28134],[2.5344700000000002,42.27955999999999],[2.5578599999999994,42.28712],[2.5240600000000004,42.291799999999995],[2.51992,42.32686999999999],[2.52652,42.33341999999999],[2.50075,42.34288],[2.4809200000000002,42.341029999999996],[2.45735,42.36331],[2.4440999999999997,42.358450000000005],[2.4291000000000005,42.337470000000025],[2.4366700000000003,42.32623999999999],[2.4223500000000002,42.32375999999999],[2.4175700000000004,42.33519999999999],[2.38062,42.34706],[2.37298,42.37113999999999]]]},"properties":{"CODIMUNI":"170391","NOMMUNI":"Camprodon","CODICOMAR":"31","NOMCOMAR":"Ripollès"}},{"type":"Feature","geometry":{"type":"Polygon","coordinates":[[[2.70606,42.09279],[2.67774,42.0845],[2.6771000000000003,42.05690999999999],[2.69253,42.03858999999999],[2.72989,42.0189],[2.7662099999999996,42.02850999999999],[2.76743,42.04153],[2.7806,42.043679999999995],[2.77894,42.05745999999999],[2.7667000000000006,42.05695],[2.75811,42.071619999999996],[2.70606,42.09279]]]},"properties":{"CODIMUNI":"170405","NOMMUNI":"Canet d'Adri","CODICOMAR":"20","NOMCOMAR":"Gironès"}},{"type":"Feature","geometry":{"type":"Polygon","coordinates":[[[2.9197700000000006,42.45058],[2.9028700000000005,42.44075],[2.9039100000000007,42.42176],[2.9175000000000004,42.398860000000006],[2.9415700000000005,42.38731],[2.9570799999999995,42.4045],[2.9523300000000003,42.42107],[2.9197700000000006,42.45058]]]},"properties":{"CODIMUNI":"170412","NOMMUNI":"Cantallops","CODICOMAR":"02","NOMCOMAR":"Alt Empordà"}},{"type":"Feature","geometry":{"type":"Polygon","coordinates":[[[2.92091,42.39723],[2.895,42.3844],[2.8554800000000005,42.383679999999984],[2.84963,42.375949999999996],[2.86547,42.36088],[2.89586,42.36313],[2.93292,42.338819999999984],[2.93747,42.35277000000001],[2.95197,42.356489999999994],[2.94941,42.37149],[2.9415700000000005,42.38731],[2.92091,42.39723]]]},"properties":{"CODIMUNI":"170427","NOMMUNI":"Capmany","CODICOMAR":"02","NOMCOMAR":"Alt Empordà"}},{"type":"Feature","geometry":{"type":"Polygon","coordinates":[[[2.23345,42.42612],[2.20145,42.41643999999999],[2.16931,42.423539999999996],[2.1316800000000002,42.41397999999999],[2.11488,42.39457999999998],[2.1165,42.38324],[2.0903700000000005,42.374],[2.0872999999999995,42.36218],[2.1321,42.33464000000001],[2.1690300000000002,42.33289],[2.19294,42.34251],[2.2136600000000004,42.33508],[2.2224300000000006,42.34732],[2.2196600000000006,42.36978999999999],[2.23588,42.37723],[2.2477399999999994,42.39634],[2.2390500000000007,42.40855999999999],[2.2449100000000004,42.41569999999999],[2.23345,42.42612]]]},"properties":{"CODIMUNI":"170433","NOMMUNI":"Queralbs","CODICOMAR":"31","NOMCOMAR":"Ripollès"}},{"type":"Feature","geometry":{"type":"Polygon","coordinates":[[[2.8860600000000005,41.90869],[2.84594,41.90698],[2.8492900000000003,41.89202],[2.83156,41.87738000000001],[2.83933,41.85731],[2.85367,41.84774],[2.87486,41.84903999999999],[2.88554,41.85936],[2.9110900000000006,41.86493999999999],[2.9170000000000003,41.859669999999994],[2.94304,41.86509],[2.95647,41.88472999999999],[2.93631,41.89794],[2.8956,41.90142000000001],[2.8860600000000005,41.90869]]]},"properties":{"CODIMUNI":"170448","NOMMUNI":"Cassà de la Selva","CODICOMAR":"20","NOMCOMAR":"Gironès"}},{"type":"Feature","geometry":{"type":"Polygon","coordinates":[[[2.5549600000000003,42.21772],[2.53856,42.21911999999999],[2.53106,42.217960000000005],[2.5549600000000003,42.21772]]]},"properties":{"CODIMUNI":"170464","NOMMUNI":"Castellfollit de la Roca","CODICOMAR":"19","NOMCOMAR":"Garrotxa"}},{"type":"Feature","geometry":{"type":"Polygon","coordinates":[[[3.1054200000000005,42.28835000000001],[3.0496500000000006,42.261689999999994],[3.0644499999999995,42.24166999999999],[3.06716,42.21176],[3.0744300000000004,42.21822],[3.11131,42.20372],[3.1216300000000006,42.23089999999999],[3.1506,42.25872999999999],[3.1054200000000005,42.28835000000001]]]},"properties":{"CODIMUNI":"170470","NOMMUNI":"Castelló d'Empúries","CODICOMAR":"02","NOMCOMAR":"Alt Empordà"}},{"type":"Feature","geometry":{"type":"MultiPolygon","coordinates":[[[[3.05664,41.78676999999998],[3.0569100000000002,41.7869],[3.0563499999999997,41.78697],[3.05664,41.78676999999998]]],[[[3.05656,41.78711],[3.0561700000000003,41.78737999999999],[3.0556899999999994,41.78708],[3.05656,41.78711]]],[[[3.05926,41.79195],[3.0595,41.79174999999999],[3.05968,41.79201],[3.05926,41.79195]]],[[[3.05823,41.80412999999999],[3.0587700000000004,41.804309999999994],[3.05747,41.804539999999996],[3.05823,41.80412999999999]]],[[[3.08075,41.82405000000001],[3.08147,41.82399999999999],[3.08089,41.82419999999999],[3.08075,41.82405000000001]]],[[[3.04002,41.84770999999999],[3.01518,41.83279],[3.0188400000000004,41.81511999999999],[3.02936,41.79806],[3.05184,41.794799999999995],[3.05544,41.78699000000001],[3.06538,41.800920000000005],[3.06313,41.800550000000015],[3.05522,41.80501000000001],[3.0619500000000004,41.8043],[3.06662,41.8007],[3.08085,41.82518],[3.0665900000000006,41.84049000000001],[3.04002,41.84770999999999]]]]},"properties":{"CODIMUNI":"170486","NOMMUNI":"Castell d'Aro, Platja d'Aro i s'Agaró","CODICOMAR":"10","NOMCOMAR":"Baix Empordà"}},{"type":"Feature","geometry":{"type":"Polygon","coordinates":[[[2.88694,42.04802],[2.86492,42.04245000000001],[2.86504,42.03130999999999],[2.8458300000000003,42.010270000000006],[2.8598,42.00562000000001],[2.8689400000000003,41.991269999999986],[2.89589,41.987719999999996],[2.9003,42.03164999999999],[2.88694,42.04802]]]},"properties":{"CODIMUNI":"170499","NOMMUNI":"Celrà","CODICOMAR":"20","NOMCOMAR":"Gironès"}},{"type":"Feature","geometry":{"type":"Polygon","coordinates":[[[2.8989900000000004,42.084620000000015],[2.8834200000000005,42.053650000000005],[2.9025100000000004,42.04953],[2.9050999999999996,42.061960000000006],[2.92824,42.06159],[2.92444,42.052009999999996],[2.93854,42.05854999999999],[2.9330599999999993,42.07470999999999],[2.8989900000000004,42.084620000000015]]]},"properties":{"CODIMUNI":"170502","NOMMUNI":"Cervià de Ter","CODICOMAR":"20","NOMCOMAR":"Gironès"}},{"type":"Feature","geometry":{"type":"Polygon","coordinates":[[[2.8130199999999994,42.30484],[2.78008,42.298749999999984],[2.85116,42.24258999999999],[2.86624,42.29013],[2.8130199999999994,42.30484]]]},"properties":{"CODIMUNI":"170519","NOMMUNI":"Cistella","CODICOMAR":"02","NOMCOMAR":"Alt Empordà"}},{"type":"Feature","geometry":{"type":"Polygon","coordinates":[[[3.0344299999999995,42.209649999999996],[3.01442,42.23093999999999],[2.9903799999999996,42.22252],[2.9829000000000003,42.213280000000005],[2.98965,42.19451],[3.0201900000000004,42.19863],[3.0344299999999995,42.209649999999996]]]},"properties":{"CODIMUNI":"170524","NOMMUNI":"Siurana","CODICOMAR":"02","NOMCOMAR":"Alt Empordà"}},{"type":"Feature","geometry":{"type":"MultiPolygon","coordinates":[[[[3.1648199999999997,42.40012999999999],[3.16521,42.399969999999996],[3.16525,42.40006],[3.1648199999999997,42.40012999999999]]],[[[3.1651799999999994,42.40160999999999],[3.1664099999999995,42.40136],[3.16585,42.40187],[3.1651799999999994,42.40160999999999]]],[[[3.16472,42.41087],[3.16549,42.41103],[3.1655800000000003,42.411300000000004],[3.16472,42.41087]]],[[[3.10757,42.42593],[3.0857200000000002,42.42559999999999],[3.08495,42.416689999999996],[3.1105500000000004,42.374880000000005],[3.1667000000000005,42.38953],[3.15267,42.393449999999994],[3.1648000000000005,42.401],[3.1558,42.406850000000006],[3.16876,42.42053],[3.1415299999999995,42.415499999999994],[3.1132900000000006,42.41928],[3.10757,42.42593]]]]},"properties":{"CODIMUNI":"170545","NOMMUNI":"Colera","CODICOMAR":"02","NOMCOMAR":"Alt Empordà"}},{"type":"Feature","geometry":{"type":"Polygon","coordinates":[[[2.98037,42.0953],[2.97119,42.0746],[2.9781,42.07299],[2.97799,42.08503000000001],[2.9992700000000005,42.071850000000005],[3.00195,42.092459999999996],[2.98037,42.0953]]]},"properties":{"CODIMUNI":"170558","NOMMUNI":"Colomers","CODICOMAR":"10","NOMCOMAR":"Baix Empordà"}},{"type":"Feature","geometry":{"type":"Polygon","coordinates":[[[2.83754,42.12275],[2.79815,42.11456999999999],[2.7812000000000006,42.09882000000001],[2.7884199999999995,42.08209],[2.82326,42.07839000000001],[2.81462,42.065979999999996],[2.82725,42.06451],[2.83538,42.053900000000006],[2.8472399999999998,42.05562],[2.8570300000000004,42.068509999999996],[2.855,42.092380000000006],[2.84269,42.09713],[2.83754,42.12275]]]},"properties":{"CODIMUNI":"170561","NOMMUNI":"Cornellà del Terri","CODICOMAR":"28","NOMCOMAR":"Pla de l'Estany"}},{"type":"Feature","geometry":{"type":"Polygon","coordinates":[[[2.995,42.016469999999984],[2.9804000000000004,41.997400000000006],[3.01469,41.971019999999996],[3.02862,41.971039999999995],[3.0517000000000003,42.01113],[3.0326,42.014070000000004],[3.0075499999999997,42.00185999999999],[2.995,42.016469999999984]]]},"properties":{"CODIMUNI":"170577","NOMMUNI":"Corçà","CODICOMAR":"10","NOMCOMAR":"Baix Empordà"}},{"type":"Feature","geometry":{"type":"Polygon","coordinates":[[[2.7794500000000006,42.21211],[2.76646,42.20322999999999],[2.7707800000000002,42.18967],[2.80063,42.17696999999999],[2.82788,42.18301999999999],[2.8349299999999995,42.201969999999996],[2.7862200000000006,42.19877999999999],[2.7794500000000006,42.21211]]]},"properties":{"CODIMUNI":"170583","NOMMUNI":"Crespià","CODICOMAR":"28","NOMCOMAR":"Pla de l'Estany"}},{"type":"Feature","geometry":{"type":"Polygon","coordinates":[[[2.82112,42.39463000000001],[2.7904899999999997,42.39912999999999],[2.7956899999999996,42.3711],[2.77671,42.36271999999999],[2.7951600000000005,42.345299999999995],[2.83727,42.339560000000006],[2.8528099999999994,42.347530000000006],[2.86944,42.339569999999995],[2.90132,42.35500999999999],[2.89586,42.36313],[2.86547,42.36088],[2.84936,42.37879000000001],[2.83157,42.378229999999995],[2.82112,42.39463000000001]]]},"properties":{"CODIMUNI":"170600","NOMMUNI":"Darnius","CODICOMAR":"02","NOMCOMAR":"Alt Empordà"}},{"type":"Feature","geometry":{"type":"Polygon","coordinates":[[[1.8625000000000003,42.39282],[1.8331199999999999,42.38110999999999],[1.85553,42.369299999999996],[1.8460599999999998,42.3587],[1.8871199999999997,42.336279999999995],[1.8927200000000008,42.32057],[1.90218,42.33797],[1.8705000000000005,42.3666],[1.8736299999999995,42.38027000000001],[1.8625000000000003,42.39282]]]},"properties":{"CODIMUNI":"170617","NOMMUNI":"Das","CODICOMAR":"15","NOMCOMAR":"Cerdanya"}},{"type":"Feature","geometry":{"type":"MultiPolygon","coordinates":[[[[3.16615,42.11372],[3.16652,42.11386999999999],[3.16629,42.11406999999999],[3.16615,42.11372]]],[[[3.1315899999999997,42.12859999999999],[3.1317800000000005,42.12882999999999],[3.13133,42.12894999999999],[3.1315899999999997,42.12859999999999]]],[[[3.12319,42.13591999999999],[3.12383,42.13573],[3.12374,42.136149999999994],[3.12319,42.13591999999999]]],[[[3.1082299999999994,42.142109999999995],[3.1044599999999996,42.15583999999999],[3.0905199999999997,42.14015],[3.10838,42.10295000000001],[3.12805,42.108430000000006],[3.13207,42.0983],[3.1746000000000003,42.1073],[3.14975,42.121129999999994],[3.13775,42.11585],[3.13654,42.12614],[3.12455,42.12756999999999],[3.11649,42.145970000000005],[3.1082299999999994,42.142109999999995]]]]},"properties":{"CODIMUNI":"170622","NOMMUNI":"l'Escala","CODICOMAR":"02","NOMCOMAR":"Alt Empordà"}},{"type":"Feature","geometry":{"type":"Polygon","coordinates":[[[2.4268500000000004,41.89612000000001],[2.4071100000000003,41.89542],[2.3896499999999996,41.87857000000002],[2.4162399999999997,41.849509999999995],[2.43826,41.85494],[2.45375,41.86966],[2.4517900000000004,41.881039999999985],[2.4268500000000004,41.89612000000001]]]},"properties":{"CODIMUNI":"170638","NOMMUNI":"Espinelves","CODICOMAR":"24","NOMCOMAR":"Osona"}},{"type":"Feature","geometry":{"type":"Polygon","coordinates":[[[3.03259,42.474979999999995],[3.0123299999999995,42.46685000000001],[2.98244,42.471799999999995],[2.98774,42.44962],[2.9703199999999996,42.43446],[2.96994,42.4158],[2.9819100000000005,42.40739999999999],[2.98856,42.381149999999984],[3.00721,42.368990000000004],[3.0199400000000005,42.38822],[3.02286,42.41665999999999],[3.03771,42.42522999999999],[3.03339,42.441329999999994],[3.0455400000000004,42.46156],[3.03259,42.474979999999995]]]},"properties":{"CODIMUNI":"170643","NOMMUNI":"Espolla","CODICOMAR":"02","NOMCOMAR":"Alt Empordà"}},{"type":"Feature","geometry":{"type":"Polygon","coordinates":[[[2.77265,42.18984],[2.7689200000000005,42.15847],[2.7978900000000007,42.14959999999999],[2.80706,42.16853],[2.84906,42.16535999999999],[2.8477899999999994,42.18024],[2.82148,42.183870000000006],[2.80063,42.17696999999999],[2.77265,42.18984]]]},"properties":{"CODIMUNI":"170656","NOMMUNI":"Esponellà","CODICOMAR":"28","NOMCOMAR":"Pla de l'Estany"}},{"type":"Feature","geometry":{"type":"Polygon","coordinates":[[[2.96148,42.28916999999999],[2.9333699999999996,42.287380000000006],[2.92931,42.27826],[2.9692599999999993,42.24557999999999],[2.9690699999999994,42.2379],[2.98199,42.2446],[2.98207,42.26131000000001],[3.0297800000000006,42.27409999999998],[3.00537,42.28458],[2.97484,42.27524999999999],[2.96148,42.28916999999999]]]},"properties":{"CODIMUNI":"170669","NOMMUNI":"Figueres","CODICOMAR":"02","NOMCOMAR":"Alt Empordà"}},{"type":"Feature","geometry":{"type":"Polygon","coordinates":[[[2.9739000000000004,42.05979000000001],[2.94683,42.05427000000001],[2.9450199999999995,42.03222],[2.9793799999999995,42.03596999999999],[2.9739000000000004,42.05979000000001]]]},"properties":{"CODIMUNI":"170675","NOMMUNI":"Flaçà","CODICOMAR":"20","NOMCOMAR":"Gironès"}},{"type":"Feature","geometry":{"type":"Polygon","coordinates":[[[2.97899,42.084880000000005],[2.9726800000000004,42.06098],[2.9793799999999995,42.03596999999999],[2.9929,42.02389999999999],[3.0254800000000004,42.027819999999984],[3.02659,42.04184],[3.04213,42.05421],[2.99958,42.056],[3.0047499999999996,42.06824000000001],[2.97899,42.084880000000005]]]},"properties":{"CODIMUNI":"170681","NOMMUNI":"Foixà","CODICOMAR":"10","NOMCOMAR":"Baix Empordà"}},{"type":"Feature","geometry":{"type":"Polygon","coordinates":[[[1.94008,42.41382],[1.9191700000000003,42.41166],[1.90104,42.39759999999999],[1.8689600000000008,42.40157],[1.8625000000000003,42.39282],[1.8736299999999995,42.38027000000001],[1.8937999999999997,42.38107],[1.9452500000000004,42.354510000000005],[1.9602499999999998,42.36875],[1.9684799999999996,42.36756],[1.9455099999999999,42.39318999999999],[1.94008,42.41382]]]},"properties":{"CODIMUNI":"170694","NOMMUNI":"Fontanals de Cerdanya","CODICOMAR":"15","NOMCOMAR":"Cerdanya"}},{"type":"Feature","geometry":{"type":"Polygon","coordinates":[[[3.0931,42.03989],[3.0767700000000002,42.04106],[3.0855,42.03365],[3.08012,42.022969999999994],[3.09819,41.99974],[3.1136,42.004429999999985],[3.14715,42.00034000000001],[3.1652499999999995,42.00411000000001],[3.1424099999999995,42.005720000000004],[3.12173,42.018209999999996],[3.1002200000000006,42.015089999999994],[3.0931,42.03989]]]},"properties":{"CODIMUNI":"170708","NOMMUNI":"Fontanilles","CODICOMAR":"10","NOMCOMAR":"Baix Empordà"}},{"type":"Feature","geometry":{"type":"Polygon","coordinates":[[[2.80324,42.14138999999999],[2.7689200000000005,42.15847],[2.7651600000000003,42.14300000000001],[2.78705,42.125299999999996],[2.8016100000000006,42.12507],[2.80604,42.11315],[2.8178900000000002,42.12124000000001],[2.8427799999999994,42.12038],[2.84282,42.135629999999985],[2.8238500000000006,42.151309999999995],[2.80324,42.14138999999999]]]},"properties":{"CODIMUNI":"170715","NOMMUNI":"Fontcoberta","CODICOMAR":"28","NOMCOMAR":"Pla de l'Estany"}},{"type":"Feature","geometry":{"type":"Polygon","coordinates":[[[2.81493,41.94872999999999],[2.79393,41.941859999999984],[2.7922600000000006,41.91074],[2.83615,41.91659999999999],[2.83983,41.932829999999996],[2.8227100000000003,41.934689999999996],[2.81493,41.94872999999999]]]},"properties":{"CODIMUNI":"170736","NOMMUNI":"Fornells de la Selva","CODICOMAR":"20","NOMCOMAR":"Gironès"}},{"type":"Feature","geometry":{"type":"Polygon","coordinates":[[[3.05206,42.25842999999999],[3.00859,42.25006],[3.0082799999999996,42.236819999999994],[3.0211800000000006,42.22432],[3.0633199999999996,42.2398],[3.05206,42.25842999999999]]]},"properties":{"CODIMUNI":"170741","NOMMUNI":"Fortià","CODICOMAR":"02","NOMCOMAR":"Alt Empordà"}},{"type":"Feature","geometry":{"type":"Polygon","coordinates":[[[2.9829000000000003,42.213280000000005],[2.95569,42.20568999999999],[2.94647,42.21183000000001],[2.9356600000000004,42.1982],[2.9228,42.16899000000001],[2.93346,42.165609999999994],[2.94021,42.14723999999999],[2.9705599999999994,42.15357000000001],[2.9550899999999998,42.190920000000006],[2.98966,42.19461999999999],[2.9829000000000003,42.213280000000005]]]},"properties":{"CODIMUNI":"170754","NOMMUNI":"Garrigàs","CODICOMAR":"02","NOMCOMAR":"Alt Empordà"}},{"type":"Feature","geometry":{"type":"Polygon","coordinates":[[[3.0200599999999995,42.12715999999999],[3.01577,42.11056],[3.00526,42.10986],[3.0033,42.09233],[3.03176,42.087909999999994],[3.0450600000000003,42.11108999999999],[3.0200599999999995,42.12715999999999]]]},"properties":{"CODIMUNI":"170767","NOMMUNI":"Garrigoles","CODICOMAR":"10","NOMCOMAR":"Baix Empordà"}},{"type":"Feature","geometry":{"type":"Polygon","coordinates":[[[3.08685,42.372350000000004],[3.04778,42.36719999999999],[3.04646,42.34879],[3.03415,42.34436],[3.02672,42.32936],[3.0468699999999997,42.31448999999999],[3.07826,42.32548],[3.09622,42.35311],[3.08685,42.372350000000004]]]},"properties":{"CODIMUNI":"170773","NOMMUNI":"Garriguella","CODICOMAR":"02","NOMCOMAR":"Alt Empordà"}},{"type":"Feature","geometry":{"type":"Polygon","coordinates":[[[1.8146900000000004,42.48301000000001],[1.7626700000000004,42.48677],[1.79275,42.47549999999999],[1.8129200000000003,42.43220000000001],[1.8135,42.40923999999999],[1.86448,42.3948],[1.86858,42.41846999999999],[1.85058,42.432480000000005],[1.8424999999999998,42.45516],[1.8146900000000004,42.48301000000001]]]},"properties":{"CODIMUNI":"170789","NOMMUNI":"Ger","CODICOMAR":"15","NOMCOMAR":"Cerdanya"}},{"type":"Feature","geometry":{"type":"Polygon","coordinates":[[[2.8456,42.02949000000001],[2.83,42.02674000000001],[2.8167700000000004,41.999559999999995],[2.80634,42.00316],[2.78273,41.984159999999996],[2.8002599999999997,41.98328],[2.8028100000000005,41.949189999999994],[2.81493,41.94872999999999],[2.8196000000000003,41.93923999999999],[2.8337500000000007,41.94908999999999],[2.8347900000000004,41.96562999999999],[2.86594,41.96755000000002],[2.8978200000000003,41.984539999999996],[2.8689400000000003,41.991269999999986],[2.8598,42.00562000000001],[2.8471400000000004,42.0078],[2.8456,42.02949000000001]]]},"properties":{"CODIMUNI":"170792","NOMMUNI":"Girona","CODICOMAR":"20","NOMCOMAR":"Gironès"}},{"type":"Feature","geometry":{"type":"Polygon","coordinates":[[[2.0706400000000005,42.29111999999999],[2.0426599999999997,42.26952000000001],[2.024799999999999,42.23261999999999],[2.0175299999999994,42.23225999999999],[2.0300600000000006,42.215630000000004],[2.0473000000000003,42.22120999999999],[2.07616,42.21449],[2.0920100000000006,42.22023],[2.0969,42.24421],[2.1177,42.26006000000001],[2.12459,42.27452],[2.0706400000000005,42.29111999999999]]]},"properties":{"CODIMUNI":"170806","NOMMUNI":"Gombrèn","CODICOMAR":"31","NOMCOMAR":"Ripollès"}},{"type":"Feature","geometry":{"type":"Polygon","coordinates":[[[3.11459,42.03976],[3.0931,42.03989],[3.09494,42.01774],[3.12173,42.018209999999996],[3.14705,42.005939999999995],[3.13933,42.02493],[3.11459,42.03976]]]},"properties":{"CODIMUNI":"170813","NOMMUNI":"Gualta","CODICOMAR":"10","NOMCOMAR":"Baix Empordà"}},{"type":"Feature","geometry":{"type":"Polygon","coordinates":[[[1.80802,42.48691000000001],[1.7626700000000004,42.48677],[1.8098699999999999,42.485539999999986],[1.8626300000000002,42.43538999999999],[1.899610000000001,42.425489999999996],[1.8992899999999997,42.42],[1.9165800000000002,42.42309],[1.9089500000000001,42.44724999999999],[1.884900000000001,42.44955999999999],[1.8808300000000002,42.45999999999999],[1.8555499999999998,42.46369],[1.835,42.481649999999995],[1.80802,42.48691000000001]]]},"properties":{"CODIMUNI":"170828","NOMMUNI":"Guils de Cerdanya","CODICOMAR":"15","NOMCOMAR":"Cerdanya"}},{"type":"Feature","geometry":{"type":"Polygon","coordinates":[[[2.63663,41.75142000000001],[2.61532,41.73951],[2.62122,41.73116000000001],[2.64726,41.744040000000005],[2.63663,41.75142000000001]]]},"properties":{"CODIMUNI":"170834","NOMMUNI":"Hostalric","CODICOMAR":"34","NOMCOMAR":"Selva"}},{"type":"Feature","geometry":{"type":"Polygon","coordinates":[[[1.8252900000000003,42.40124],[1.80723,42.418079999999996],[1.80048,42.37753],[1.8098800000000006,42.370169999999995],[1.8587100000000005,42.39343000000001],[1.8335800000000002,42.40431999999999],[1.8252900000000003,42.40124]]]},"properties":{"CODIMUNI":"170849","NOMMUNI":"Isòvol","CODICOMAR":"15","NOMCOMAR":"Cerdanya"}},{"type":"Feature","geometry":{"type":"Polygon","coordinates":[[[3.0135999999999994,42.09266],[3.0024700000000006,42.09177],[2.99958,42.056],[3.0272500000000004,42.05897999999999],[3.0135999999999994,42.09266]]]},"properties":{"CODIMUNI":"170852","NOMMUNI":"Jafre","CODICOMAR":"10","NOMCOMAR":"Baix Empordà"}},{"type":"Feature","geometry":{"type":"Polygon","coordinates":[[[2.96729,42.46551999999999],[2.94652,42.48100000000001],[2.9321100000000007,42.47431999999999],[2.91752,42.45628],[2.87048,42.46743000000001],[2.86161,42.455009999999994],[2.8390900000000006,42.45940999999999],[2.82771,42.43956],[2.81728,42.439739999999986],[2.8407399999999994,42.42144],[2.86586,42.42342999999999],[2.86272,42.41459],[2.89712,42.38615],[2.9175000000000004,42.398860000000006],[2.9039100000000007,42.42176],[2.90461,42.442829999999994],[2.9198800000000005,42.45054999999999],[2.94701,42.428619999999995],[2.9703199999999996,42.43446],[2.98774,42.44962],[2.9822,42.46634999999999],[2.96729,42.46551999999999]]]},"properties":{"CODIMUNI":"170865","NOMMUNI":"la Jonquera","CODICOMAR":"02","NOMCOMAR":"Alt Empordà"}},{"type":"Feature","geometry":{"type":"Polygon","coordinates":[[[2.91697,42.037139999999994],[2.8981899999999996,42.03374],[2.89589,41.987719999999996],[2.9036200000000005,41.98166],[2.92367,42.02351999999999],[2.91697,42.037139999999994]]]},"properties":{"CODIMUNI":"170871","NOMMUNI":"Juià","CODICOMAR":"20","NOMCOMAR":"Gironès"}},{"type":"Feature","geometry":{"type":"Polygon","coordinates":[[[2.80521,42.27566],[2.7778,42.26998],[2.7948800000000005,42.24285],[2.8058900000000007,42.23319999999999],[2.83401,42.23722],[2.83841,42.24766999999999],[2.80521,42.27566]]]},"properties":{"CODIMUNI":"170887","NOMMUNI":"Lladó","CODICOMAR":"02","NOMCOMAR":"Alt Empordà"}},{"type":"Feature","geometry":{"type":"Polygon","coordinates":[[[2.9487599999999996,41.86344],[2.91678,41.85967],[2.9110900000000006,41.86493999999999],[2.86204,41.848819999999996],[2.8481000000000005,41.81417999999999],[2.8659700000000004,41.81019],[2.8725600000000004,41.81505000000001],[2.85367,41.79403],[2.8712000000000004,41.77277],[2.90238,41.772420000000004],[2.92819,41.75752],[2.96009,41.77414000000001],[2.95577,41.786519999999996],[2.94348,41.7895],[2.9301900000000005,41.824749999999995],[2.97083,41.82824999999999],[2.9487599999999996,41.86344]]]},"properties":{"CODIMUNI":"170890","NOMMUNI":"Llagostera","CODICOMAR":"20","NOMCOMAR":"Gironès"}},{"type":"Feature","geometry":{"type":"Polygon","coordinates":[[[2.8944400000000003,41.93639000000001],[2.85969,41.93864000000001],[2.8386000000000005,41.928749999999994],[2.83704,41.91493999999999],[2.84594,41.90698],[2.8808,41.90764000000001],[2.9022800000000006,41.91897000000001],[2.8944400000000003,41.93639000000001]]]},"properties":{"CODIMUNI":"170904","NOMMUNI":"Llambilles","CODICOMAR":"20","NOMCOMAR":"Gironès"}},{"type":"Feature","geometry":{"type":"Polygon","coordinates":[[[2.34844,42.378870000000006],[2.31877,42.36370999999999],[2.33832,42.34362],[2.31833,42.29628999999999],[2.3514400000000006,42.30534],[2.3553,42.3189],[2.36714,42.31561],[2.3704500000000004,42.37197999999999],[2.34844,42.378870000000006]]]},"properties":{"CODIMUNI":"170911","NOMMUNI":"Llanars","CODICOMAR":"31","NOMCOMAR":"Ripollès"}},{"type":"Feature","geometry":{"type":"MultiPolygon","coordinates":[[[[3.1653399999999996,42.361819999999994],[3.1648600000000005,42.362419999999986],[3.16471,42.36247999999999],[3.1653399999999996,42.361819999999994]]],[[[3.16722,42.36737],[3.1675099999999996,42.36751],[3.16714,42.36749999999999],[3.16722,42.36737]]],[[[3.1652000000000005,42.37253],[3.1656100000000005,42.37267],[3.1655500000000005,42.37284],[3.1652000000000005,42.37253]]],[[[3.15923,42.38331999999999],[3.15935,42.38367999999999],[3.15916,42.38374],[3.15923,42.38331999999999]]],[[[3.1629699999999996,42.38475999999999],[3.16329,42.384789999999995],[3.16306,42.38508999999999],[3.1629699999999996,42.38475999999999]]],[[[3.0953800000000005,42.39520999999999],[3.0766800000000005,42.39133000000001],[3.09622,42.35311],[3.10971,42.344399999999986],[3.16588,42.34405],[3.17384,42.35523],[3.16297,42.36036],[3.16508,42.37428],[3.15502,42.37874999999999],[3.15963,42.385090000000005],[3.16697,42.38963999999999],[3.11172,42.37444000000001],[3.0953800000000005,42.39520999999999]]]]},"properties":{"CODIMUNI":"170926","NOMMUNI":"Llançà","CODICOMAR":"02","NOMCOMAR":"Alt Empordà"}},{"type":"Feature","geometry":{"type":"Polygon","coordinates":[[[2.89779,42.319840000000006],[2.88112,42.308499999999995],[2.88343,42.294749999999986],[2.8732699999999998,42.28208999999999],[2.9265,42.2701],[2.9333,42.28735],[2.96148,42.28916999999999],[2.9533899999999997,42.30255999999999],[2.89779,42.319840000000006]]]},"properties":{"CODIMUNI":"170932","NOMMUNI":"Llers","CODICOMAR":"02","NOMCOMAR":"Alt Empordà"}},{"type":"Feature","geometry":{"type":"Polygon","coordinates":[[[1.98198,42.494949999999996],[1.9630800000000006,42.47871],[1.9565600000000007,42.457939999999994],[1.9839200000000001,42.44674],[2.01278,42.448359999999994],[1.9873600000000007,42.469759999999994],[1.9984200000000005,42.48532],[1.98198,42.494949999999996]]]},"properties":{"CODIMUNI":"170947","NOMMUNI":"Llívia","CODICOMAR":"15","NOMCOMAR":"Cerdanya"}},{"type":"Feature","geometry":{"type":"MultiPolygon","coordinates":[[[[2.81867,41.68683],[2.81874,41.68657999999999],[2.8191199999999994,41.68688],[2.81867,41.68683]]],[[[2.8268799999999996,41.69002],[2.8273199999999994,41.69018],[2.8267200000000003,41.69022999999999],[2.8268799999999996,41.69002]]],[[[2.8290700000000006,41.69097],[2.8295300000000005,41.69107999999999],[2.82916,41.69127999999999],[2.8290700000000006,41.69097]]],[[[2.87187,41.700190000000006],[2.87235,41.70020999999999],[2.8721999999999994,41.700410000000005],[2.87187,41.700190000000006]]],[[[2.8863100000000004,41.70146],[2.88677,41.7014],[2.8869000000000002,41.70150000000001],[2.8863100000000004,41.70146]]],[[[2.8786300000000002,41.70154],[2.87937,41.701510000000006],[2.8793,41.701649999999994],[2.8786300000000002,41.70154]]],[[[2.89262,41.703689999999995],[2.89296,41.70357],[2.8929899999999997,41.70381],[2.89262,41.703689999999995]]],[[[2.8958200000000005,41.70376],[2.8962800000000004,41.70374],[2.8963399999999995,41.70385999999999],[2.8958200000000005,41.70376]]],[[[2.8742800000000006,41.73781],[2.8487299999999998,41.762269999999994],[2.7760199999999995,41.73494999999999],[2.78982,41.70456000000001],[2.81658,41.68630999999999],[2.83298,41.69400999999999],[2.8422900000000006,41.693580000000004],[2.85109,41.69911999999999],[2.89679,41.70444],[2.88841,41.71961000000001],[2.87896,41.72026],[2.8830500000000003,41.73819],[2.8742800000000006,41.73781]]]]},"properties":{"CODIMUNI":"170950","NOMMUNI":"Lloret de Mar","CODICOMAR":"34","NOMCOMAR":"Selva"}},{"type":"Feature","geometry":{"type":"MultiPolygon","coordinates":[[[[2.0295,42.12776],[2.0023799999999996,42.125339999999994],[2.0076200000000006,42.10648],[2.02948,42.121080000000006],[2.0295,42.12776]]],[[[2.1372500000000003,42.20724],[2.0948600000000006,42.22200999999999],[2.07616,42.21449],[2.0531100000000007,42.219449999999995],[2.0615200000000002,42.17959],[2.03149,42.17636],[2.0234,42.16481],[2.0046600000000003,42.162459999999996],[1.9959000000000002,42.17201],[2.00533,42.18270999999999],[1.99767,42.19133999999999],[2.00773,42.19364],[1.9646499999999998,42.198829999999994],[1.9653499999999997,42.17953999999999],[1.9881600000000004,42.18148000000001],[2.00417,42.14971],[2.0276500000000004,42.15281999999999],[2.06115,42.13516],[2.07058,42.14173000000001],[2.0993900000000005,42.13983],[2.099920000000001,42.12505999999999],[2.12585,42.11240999999999],[2.14357,42.130919999999996],[2.1634,42.13497999999999],[2.18648,42.13398],[2.18873,42.124289999999995],[2.20413,42.12525000000001],[2.2040400000000004,42.13155],[2.2112300000000005,42.12739],[2.2005100000000004,42.154379999999996],[2.1771300000000005,42.16071],[2.1828700000000003,42.16959],[2.1687300000000005,42.170529999999985],[2.15409,42.19992],[2.1417899999999994,42.197089999999996],[2.1372500000000003,42.20724]]]]},"properties":{"CODIMUNI":"170963","NOMMUNI":"les Llosses","CODICOMAR":"31","NOMCOMAR":"Ripollès"}},{"type":"Feature","geometry":{"type":"Polygon","coordinates":[[[2.97842,42.00017],[2.94056,42.00327999999999],[2.9267,41.98121000000001],[2.9318500000000003,41.97330999999999],[2.91754,41.96783],[2.94507,41.96607999999999],[2.9871600000000003,41.989169999999994],[2.97842,42.00017]]]},"properties":{"CODIMUNI":"170979","NOMMUNI":"Madremanya","CODICOMAR":"20","NOMCOMAR":"Gironès"}},{"type":"Feature","geometry":{"type":"Polygon","coordinates":[[[2.7311600000000005,42.234739999999995],[2.71826,42.21357999999999],[2.7236500000000006,42.19773],[2.7545699999999997,42.18716],[2.7707800000000002,42.18967],[2.76576,42.201339999999995],[2.77918,42.212309999999995],[2.77821,42.2272],[2.7489300000000005,42.22603999999999],[2.7311600000000005,42.234739999999995]]]},"properties":{"CODIMUNI":"170985","NOMMUNI":"Maià de Montcal","CODICOMAR":"19","NOMCOMAR":"Garrotxa"}},{"type":"Feature","geometry":{"type":"Polygon","coordinates":[[[1.74978,42.49397],[1.7243400000000007,42.48724],[1.7330200000000002,42.47363],[1.7263900000000003,42.46131],[1.731700000000001,42.44024],[1.7690700000000006,42.42840999999999],[1.7946999999999997,42.43050999999999],[1.80723,42.418079999999996],[1.8129200000000003,42.43220000000001],[1.79275,42.47549999999999],[1.74978,42.49397]]]},"properties":{"CODIMUNI":"170998","NOMMUNI":"Meranges","CODICOMAR":"15","NOMCOMAR":"Cerdanya"}},{"type":"Feature","geometry":{"type":"Polygon","coordinates":[[[2.98443,42.356300000000005],[2.94826,42.3567],[2.93747,42.35277000000001],[2.93292,42.338819999999984],[2.97801,42.32172],[2.97394,42.33558],[2.98661,42.33515],[2.9937700000000005,42.34872],[2.98443,42.356300000000005]]]},"properties":{"CODIMUNI":"171002","NOMMUNI":"Masarac i Vilarnadal","CODICOMAR":"02","NOMCOMAR":"Alt Empordà"}},{"type":"Feature","geometry":{"type":"Polygon","coordinates":[[[2.67293,41.79894],[2.6252499999999994,41.80116000000001],[2.61605,41.78680000000002],[2.6263600000000005,41.75932999999999],[2.6565500000000006,41.742940000000004],[2.6751500000000004,41.75029],[2.6805199999999996,41.78403],[2.67293,41.79894]]]},"properties":{"CODIMUNI":"171019","NOMMUNI":"Massanes","CODICOMAR":"34","NOMCOMAR":"Selva"}},{"type":"Feature","geometry":{"type":"Polygon","coordinates":[[[2.75805,42.42294],[2.7167199999999996,42.421399999999984],[2.672,42.403380000000006],[2.66896,42.386559999999996],[2.65144,42.38556],[2.6861,42.36327],[2.7232599999999993,42.352349999999994],[2.7268399999999997,42.34284999999999],[2.7522,42.34112],[2.77924,42.353489999999994],[2.77768,42.364839999999994],[2.7956899999999996,42.3711],[2.7904899999999997,42.39912999999999],[2.75805,42.42294]]]},"properties":{"CODIMUNI":"171024","NOMMUNI":"Maçanet de Cabrenys","CODICOMAR":"02","NOMCOMAR":"Alt Empordà"}},{"type":"Feature","geometry":{"type":"Polygon","coordinates":[[[2.7545900000000003,41.7913],[2.6911900000000006,41.79330000000001],[2.6742900000000005,41.77552],[2.6692700000000005,41.74537000000001],[2.68043,41.739819999999995],[2.6818600000000004,41.74850000000001],[2.6928000000000005,41.741429999999994],[2.72405,41.7444],[2.7442099999999994,41.734880000000004],[2.7893399999999997,41.738859999999995],[2.7760100000000003,41.760220000000004],[2.76099,41.767599999999995],[2.7545900000000003,41.7913]]]},"properties":{"CODIMUNI":"171030","NOMMUNI":"Maçanet de la Selva","CODICOMAR":"34","NOMCOMAR":"Selva"}},{"type":"Feature","geometry":{"type":"Polygon","coordinates":[[[2.66053,42.14185],[2.63081,42.152289999999994],[2.61763,42.14696],[2.60857,42.130419999999994],[2.59353,42.13361999999999],[2.5939400000000004,42.11675],[2.63634,42.087569999999985],[2.6659,42.1236],[2.6542199999999996,42.13611000000001],[2.66053,42.14185]]]},"properties":{"CODIMUNI":"171058","NOMMUNI":"Mieres","CODICOMAR":"19","NOMCOMAR":"Garrotxa"}},{"type":"Feature","geometry":{"type":"MultiPolygon","coordinates":[[[[3.02484,42.32764],[3.03415,42.34436],[3.01377,42.34456],[3.01076,42.32968000000001],[3.02484,42.32764]]],[[[3.0082300000000006,42.36691999999999],[2.9965300000000004,42.37052],[2.9897800000000005,42.36354],[2.99266,42.3455],[3.0078999999999994,42.35626999999999],[3.0139000000000005,42.35322000000001],[3.0082300000000006,42.36691999999999]]]]},"properties":{"CODIMUNI":"171061","NOMMUNI":"Mollet de Peralada","CODICOMAR":"02","NOMCOMAR":"Alt Empordà"}},{"type":"Feature","geometry":{"type":"Polygon","coordinates":[[[2.3458000000000006,42.40951999999999],[2.3425600000000006,42.37982999999999],[2.3752000000000004,42.36988],[2.3764200000000004,42.35110999999999],[2.39489,42.338249999999995],[2.4175700000000004,42.33519999999999],[2.4223500000000002,42.32375999999999],[2.4365000000000006,42.32612000000001],[2.4291000000000005,42.337470000000025],[2.4440999999999997,42.358450000000005],[2.45735,42.36331],[2.43285,42.377919999999996],[2.43331,42.39416],[2.40705,42.39285],[2.3458000000000006,42.40951999999999]]]},"properties":{"CODIMUNI":"171077","NOMMUNI":"Molló","CODICOMAR":"31","NOMCOMAR":"Ripollès"}},{"type":"Feature","geometry":{"type":"Polygon","coordinates":[[[2.54231,42.33397],[2.51992,42.32686999999999],[2.5240600000000004,42.291799999999995],[2.5564699999999996,42.28567000000001],[2.5087700000000006,42.28134],[2.5061100000000005,42.30405],[2.4965,42.29888],[2.4797299999999995,42.30291999999999],[2.4853399999999994,42.28834],[2.46335,42.279529999999994],[2.47555,42.263369999999995],[2.54988,42.22823999999999],[2.54651,42.22216],[2.57033,42.199639999999995],[2.5881099999999995,42.20473],[2.5788099999999994,42.22077],[2.5870700000000006,42.229249999999986],[2.60603,42.221810000000005],[2.6097400000000004,42.228950000000005],[2.59961,42.24797],[2.58131,42.25932999999999],[2.59033,42.28484],[2.62789,42.29596999999999],[2.6311799999999996,42.31175000000001],[2.61837,42.30814],[2.61404,42.31856],[2.59177,42.32784999999999],[2.56234,42.31835],[2.54231,42.33397]]]},"properties":{"CODIMUNI":"171096","NOMMUNI":"Montagut i Oix","CODICOMAR":"19","NOMCOMAR":"Garrotxa"}},{"type":"Feature","geometry":{"type":"MultiPolygon","coordinates":[[[[3.1784899999999996,41.86721],[3.17939,41.86729],[3.1791,41.86751999999999],[3.1784899999999996,41.86721]]],[[[3.17848,41.86779],[3.1791099999999997,41.86771000000001],[3.17902,41.86826],[3.17848,41.86779]]],[[[3.1779600000000006,41.87083],[3.17839,41.87084999999999],[3.1783700000000006,41.87106999999999],[3.1779600000000006,41.87083]]],[[[3.1778899999999997,41.86779],[3.14838,41.918020000000006],[3.1259,41.91211999999999],[3.12403,41.89875],[3.14235,41.88648],[3.14162,41.87904],[3.1778899999999997,41.86779]]]]},"properties":{"CODIMUNI":"171100","NOMMUNI":"Mont-ras","CODICOMAR":"10","NOMCOMAR":"Baix Empordà"}},{"type":"Feature","geometry":{"type":"Polygon","coordinates":[[[2.8483,42.24652999999999],[2.83401,42.23722],[2.84418,42.21713],[2.83475,42.20084000000001],[2.86546,42.20078000000001],[2.87901,42.19442],[2.87611,42.18349999999999],[2.88901,42.17927000000001],[2.8932700000000002,42.19993999999999],[2.8759800000000006,42.205369999999995],[2.87798,42.23257],[2.8483,42.24652999999999]]]},"properties":{"CODIMUNI":"171117","NOMMUNI":"Navata","CODICOMAR":"02","NOMCOMAR":"Alt Empordà"}},{"type":"Feature","geometry":{"type":"Polygon","coordinates":[[[2.3126700000000002,42.28455],[2.3153399999999995,42.29563999999999],[2.28359,42.29508999999999],[2.25865,42.28518],[2.20991,42.28074999999999],[2.20715,42.26535],[2.172460000000001,42.250209999999996],[2.189180000000001,42.24967],[2.2083700000000004,42.23334],[2.2436800000000003,42.236089999999976],[2.27457,42.25102],[2.2725099999999996,42.25782],[2.29637,42.25675999999999],[2.3324200000000004,42.27299],[2.3126700000000002,42.28455]]]},"properties":{"CODIMUNI":"171122","NOMMUNI":"Ogassa","CODICOMAR":"31","NOMCOMAR":"Ripollès"}},{"type":"Feature","geometry":{"type":"Polygon","coordinates":[[[2.51602,42.18459],[2.49435,42.205479999999994],[2.4822799999999994,42.19546],[2.4623100000000004,42.20148999999999],[2.4467999999999996,42.197779999999995],[2.45463,42.16358999999999],[2.4665600000000003,42.16799999999999],[2.49602,42.15001],[2.5111400000000006,42.16163],[2.51743,42.15445],[2.54316,42.15562],[2.5489600000000006,42.17260999999999],[2.51602,42.18459]]]},"properties":{"CODIMUNI":"171143","NOMMUNI":"Olot","CODICOMAR":"19","NOMCOMAR":"Garrotxa"}},{"type":"Feature","geometry":{"type":"Polygon","coordinates":[[[2.91538,42.21741],[2.87798,42.23257],[2.8759800000000006,42.205369999999995],[2.8939000000000004,42.19984],[2.9150099999999997,42.20714999999999],[2.91538,42.21741]]]},"properties":{"CODIMUNI":"171156","NOMMUNI":"Ordis","CODICOMAR":"02","NOMCOMAR":"Alt Empordà"}},{"type":"Feature","geometry":{"type":"Polygon","coordinates":[[[2.54333,42.000569999999996],[2.5243000000000007,41.98371],[2.5383299999999998,41.95779999999999],[2.52352,41.95751],[2.52978,41.93834],[2.5049,41.94235],[2.49349,41.92916999999999],[2.52844,41.92952999999999],[2.5466300000000004,41.90635],[2.57756,41.89981],[2.58795,41.91001],[2.6131100000000003,41.91308999999999],[2.61745,41.93086],[2.5999300000000005,41.94752999999999],[2.60492,41.95756999999999],[2.57322,41.96211999999999],[2.54333,42.000569999999996]]]},"properties":{"CODIMUNI":"171169","NOMMUNI":"Osor","CODICOMAR":"34","NOMCOMAR":"Selva"}},{"type":"Feature","geometry":{"type":"MultiPolygon","coordinates":[[[[3.1871,41.862660000000005],[3.18739,41.862959999999994],[3.18708,41.86283999999999],[3.1871,41.862660000000005]]],[[[3.2178599999999995,41.92211],[3.21948,41.92163999999999],[3.2200299999999995,41.92222999999999],[3.2178599999999995,41.92211]]],[[[3.2172699999999996,41.92414999999998],[3.2176999999999993,41.92407999999999],[3.2181800000000003,41.92426999999999],[3.2172699999999996,41.92414999999998]]],[[[3.2176700000000005,41.92495999999999],[3.2180299999999997,41.92475999999999],[3.2183,41.92489],[3.2176700000000005,41.92495999999999]]],[[[3.17292,41.92376999999999],[3.1483800000000004,41.94426],[3.11943,41.93687999999999],[3.11918,41.92041],[3.1259,41.91211999999999],[3.14838,41.918020000000006],[3.1789300000000003,41.87505999999999],[3.18388,41.88815999999999],[3.20301,41.89175],[3.20734,41.917269999999995],[3.2190500000000006,41.92645],[3.17292,41.92376999999999]]]]},"properties":{"CODIMUNI":"171175","NOMMUNI":"Palafrugell","CODICOMAR":"10","NOMCOMAR":"Baix Empordà"}},{"type":"Feature","geometry":{"type":"Polygon","coordinates":[[[3.1307800000000006,41.87075000000001],[3.0960999999999994,41.88866999999998],[3.0962200000000006,41.87971000000001],[3.11756,41.84853],[3.1276999999999995,41.84556],[3.1208,41.84125000000001],[3.1447499999999997,41.84956],[3.1516899999999994,41.86203],[3.1778899999999997,41.86779],[3.1472300000000004,41.87737],[3.1307800000000006,41.87075000000001]]]},"properties":{"CODIMUNI":"171181","NOMMUNI":"Palamós","CODICOMAR":"10","NOMCOMAR":"Baix Empordà"}},{"type":"Feature","geometry":{"type":"Polygon","coordinates":[[[2.99771,42.19769],[2.9550899999999998,42.190920000000006],[2.97393,42.15618],[2.9849800000000006,42.15997],[2.97387,42.16675999999999],[2.9883500000000005,42.16644],[2.98517,42.188089999999995],[2.99871,42.18633],[2.99771,42.19769]]]},"properties":{"CODIMUNI":"171194","NOMMUNI":"Palau de Santa Eulàlia","CODICOMAR":"02","NOMCOMAR":"Alt Empordà"}},{"type":"Feature","geometry":{"type":"Polygon","coordinates":[[[3.15741,42.32666],[3.1393699999999995,42.32281],[3.10904,42.286010000000005],[3.1309500000000003,42.26987],[3.17445,42.30727],[3.15741,42.32666]]]},"properties":{"CODIMUNI":"171208","NOMMUNI":"Palau-saverdera","CODICOMAR":"02","NOMCOMAR":"Alt Empordà"}},{"type":"Feature","geometry":{"type":"Polygon","coordinates":[[[3.14011,42.00051],[3.09819,41.99974],[3.1116099999999998,41.96934999999999],[3.1024399999999996,41.96056000000001],[3.11155,41.959079999999986],[3.13991,41.96632000000001],[3.14011,42.00051]]]},"properties":{"CODIMUNI":"171215","NOMMUNI":"Palau-sator","CODICOMAR":"10","NOMCOMAR":"Baix Empordà"}},{"type":"Feature","geometry":{"type":"Polygon","coordinates":[[[2.80168,42.078869999999995],[2.7667,42.05731],[2.77894,42.05745999999999],[2.77982,42.04433],[2.79936,42.03167000000001],[2.80399,42.039799999999985],[2.83653,42.04101],[2.82725,42.06451],[2.81462,42.065979999999996],[2.82497,42.076779999999985],[2.80168,42.078869999999995]]]},"properties":{"CODIMUNI":"171236","NOMMUNI":"Palol de Revardit","CODICOMAR":"28","NOMCOMAR":"Pla de l'Estany"}},{"type":"Feature","geometry":{"type":"Polygon","coordinates":[[[3.1782900000000005,42.01015],[3.1348400000000005,41.99605],[3.1482400000000004,41.94994],[3.2073399999999994,41.98147999999999],[3.1968399999999995,42.00759999999999],[3.1782900000000005,42.01015]]]},"properties":{"CODIMUNI":"171241","NOMMUNI":"Pals","CODICOMAR":"10","NOMCOMAR":"Baix Empordà"}},{"type":"Feature","geometry":{"type":"Polygon","coordinates":[[[2.2228600000000003,42.33764999999999],[2.1932900000000006,42.31886],[2.1938000000000004,42.295049999999996],[2.2205099999999995,42.27888999999999],[2.26778,42.28762999999999],[2.2765900000000006,42.30174],[2.266,42.304449999999996],[2.2539800000000003,42.32655999999999],[2.2228600000000003,42.33764999999999]]]},"properties":{"CODIMUNI":"171254","NOMMUNI":"Pardines","CODICOMAR":"31","NOMCOMAR":"Ripollès"}},{"type":"Feature","geometry":{"type":"Polygon","coordinates":[[[3.0654699999999995,42.02514],[3.0203099999999994,42.027449999999995],[3.0243399999999996,42.012449999999994],[3.05957,42.010439999999996],[3.0654699999999995,42.02514]]]},"properties":{"CODIMUNI":"171267","NOMMUNI":"Parlavà","CODICOMAR":"10","NOMCOMAR":"Baix Empordà"}},{"type":"Feature","geometry":{"type":"Polygon","coordinates":[[[3.1388500000000006,42.32981],[3.1084399999999994,42.325469999999996],[3.09195,42.3082],[3.09979,42.28582],[3.1115,42.28801000000001],[3.14415,42.32406],[3.1388500000000006,42.32981]]]},"properties":{"CODIMUNI":"171289","NOMMUNI":"Pau","CODICOMAR":"02","NOMCOMAR":"Alt Empordà"}},{"type":"Feature","geometry":{"type":"Polygon","coordinates":[[[3.0764300000000007,42.32035],[3.0468699999999997,42.31448999999999],[3.0597599999999994,42.29283],[3.0961800000000004,42.299769999999995],[3.0764300000000007,42.32035]]]},"properties":{"CODIMUNI":"171292","NOMMUNI":"Pedret i Marzà","CODICOMAR":"02","NOMCOMAR":"Alt Empordà"}},{"type":"Feature","geometry":{"type":"Polygon","coordinates":[[[2.98,42.036],[2.9529800000000006,42.03307999999999],[2.9517299999999995,42.00573],[2.9804000000000004,41.997400000000006],[2.9929,42.02389999999999],[2.98,42.036]]]},"properties":{"CODIMUNI":"171306","NOMMUNI":"la Pera","CODICOMAR":"10","NOMCOMAR":"Baix Empordà"}},{"type":"Feature","geometry":{"type":"Polygon","coordinates":[[[3.0121000000000007,42.35428],[2.98661,42.33515],[2.97394,42.33558],[2.9958799999999997,42.307379999999995],[2.99141,42.28298999999999],[3.0259000000000005,42.279959999999996],[3.04659,42.25968],[3.09979,42.28582],[3.08589,42.297670000000004],[3.05386,42.29531999999999],[3.03474,42.327980000000004],[3.01076,42.32968000000001],[3.0121000000000007,42.35428]]]},"properties":{"CODIMUNI":"171328","NOMMUNI":"Peralada","CODICOMAR":"02","NOMCOMAR":"Alt Empordà"}},{"type":"Feature","geometry":{"type":"Polygon","coordinates":[[[2.54548,42.11639],[2.5283799999999994,42.10936999999999],[2.5334200000000004,42.09275],[2.5293000000000005,42.07968999999999],[2.5180600000000006,42.07525999999999],[2.53151,42.07416],[2.5292,42.06333999999999],[2.51831,42.05626000000001],[2.5059299999999998,42.06512],[2.4949100000000004,42.061510000000006],[2.53304,42.028040000000004],[2.54485,42.02949000000001],[2.5567400000000005,42.04480999999999],[2.5872900000000003,42.03674999999999],[2.60096,42.060019999999994],[2.57541,42.071239999999996],[2.54548,42.11639]]]},"properties":{"CODIMUNI":"171334","NOMMUNI":"les Planes d'Hostoles","CODICOMAR":"19","NOMCOMAR":"Garrotxa"}},{"type":"Feature","geometry":{"type":"Polygon","coordinates":[[[2.086930000000001,42.36386],[2.0850100000000005,42.325089999999996],[2.0945800000000006,42.31567],[2.0781599999999996,42.28625],[2.09759,42.28164999999999],[2.10368,42.295869999999994],[2.1249,42.308020000000006],[2.1268600000000006,42.31291],[2.1180600000000003,42.312839999999994],[2.1291700000000002,42.33522],[2.086930000000001,42.36386]]]},"properties":{"CODIMUNI":"171349","NOMMUNI":"Planoles","CODICOMAR":"31","NOMCOMAR":"Ripollès"}},{"type":"Feature","geometry":{"type":"Polygon","coordinates":[[[2.92657,42.33612],[2.90091,42.32753999999999],[2.8990600000000004,42.31941],[2.9533899999999997,42.30255999999999],[2.9419099999999996,42.31634999999999],[2.94356,42.331689999999995],[2.92657,42.33612]]]},"properties":{"CODIMUNI":"171352","NOMMUNI":"Pont de Molins","CODICOMAR":"02","NOMCOMAR":"Alt Empordà"}},{"type":"Feature","geometry":{"type":"Polygon","coordinates":[[[2.9150099999999997,42.20714999999999],[2.8932700000000002,42.19993999999999],[2.88901,42.17927000000001],[2.9018500000000005,42.16118999999998],[2.9235,42.16563],[2.9389299999999996,42.20129],[2.9169000000000005,42.20126999999999],[2.9150099999999997,42.20714999999999]]]},"properties":{"CODIMUNI":"171365","NOMMUNI":"Pontós","CODICOMAR":"02","NOMCOMAR":"Alt Empordà"}},{"type":"Feature","geometry":{"type":"Polygon","coordinates":[[[2.7237099999999996,42.15610999999999],[2.70205,42.15428999999999],[2.70783,42.13019],[2.6972800000000006,42.12488],[2.6916100000000003,42.09288],[2.7321299999999997,42.08602],[2.74008,42.101220000000005],[2.7901600000000006,42.10131999999999],[2.79815,42.11456999999999],[2.77148,42.10553],[2.74872,42.11124999999999],[2.7515400000000003,42.13643],[2.7651600000000003,42.14300000000001],[2.7689200000000005,42.15847],[2.7484099999999994,42.15391],[2.74234,42.145199999999996],[2.7259399999999996,42.147310000000004],[2.7237099999999996,42.15610999999999]]]},"properties":{"CODIMUNI":"171371","NOMMUNI":"Porqueres","CODICOMAR":"28","NOMCOMAR":"Pla de l'Estany"}},{"type":"Feature","geometry":{"type":"Polygon","coordinates":[[[3.1749699999999996,42.434979999999996],[3.1112700000000006,42.43535000000001],[3.1026699999999994,42.42659],[3.14606,42.41565],[3.16876,42.42053],[3.16057,42.428200000000004],[3.1749699999999996,42.434979999999996]]]},"properties":{"CODIMUNI":"171387","NOMMUNI":"Portbou","CODICOMAR":"02","NOMCOMAR":"Alt Empordà"}},{"type":"Feature","geometry":{"type":"Polygon","coordinates":[[[2.4709000000000003,42.1656],[2.45818,42.16532999999999],[2.4539799999999996,42.13611000000001],[2.4691,42.12914],[2.4981599999999995,42.13652],[2.49602,42.15001],[2.4709000000000003,42.1656]]]},"properties":{"CODIMUNI":"171390","NOMMUNI":"les Preses","CODICOMAR":"19","NOMCOMAR":"Garrotxa"}},{"type":"Feature","geometry":{"type":"MultiPolygon","coordinates":[[[[3.2603999999999997,42.33651999999999],[3.26083,42.33663999999999],[3.2603399999999993,42.33668],[3.2603999999999997,42.33651999999999]]],[[[3.2775200000000004,42.33731],[3.27765,42.33751999999999],[3.27722,42.337479999999985],[3.2775200000000004,42.33731]]],[[[3.24042,42.33738],[3.2413199999999995,42.337419999999995],[3.2405700000000004,42.337720000000004],[3.24042,42.33738]]],[[[3.2706799999999996,42.33870999999999],[3.27117,42.338559999999994],[3.27125,42.33862],[3.2706799999999996,42.33870999999999]]],[[[3.24007,42.33904999999999],[3.24071,42.33926],[3.24048,42.33938],[3.24007,42.33904999999999]]],[[[3.24335,42.33932],[3.24233,42.34013],[3.24179,42.33979],[3.24335,42.33932]]],[[[3.21824,42.35007],[3.2179,42.35027999999999],[3.21772,42.35016999999999],[3.21824,42.35007]]],[[[3.1782299999999997,42.35312999999999],[3.17865,42.35320999999999],[3.1785,42.35335],[3.1782299999999997,42.35312999999999]]],[[[3.18243,42.35294],[3.1833400000000003,42.35340999999999],[3.18291,42.35369],[3.18243,42.35294]]],[[[3.1756399999999996,42.35472],[3.1762899999999994,42.354659999999996],[3.17624,42.354800000000004],[3.1756399999999996,42.35472]]],[[[3.17805,42.352889999999995],[3.15633,42.34083],[3.13554,42.343929999999986],[3.1302000000000003,42.33082999999999],[3.1684700000000006,42.31943999999999],[3.18395,42.331540000000004],[3.2022300000000006,42.32666],[3.20586,42.318490000000004],[3.1931199999999995,42.301590000000004],[3.21161,42.289249999999996],[3.28641,42.31828999999999],[3.27932,42.33677],[3.27585,42.33668],[3.2705300000000004,42.33836999999999],[3.26765,42.340419999999995],[3.26227,42.34059],[3.26249,42.33429],[3.2505599999999997,42.33581000000001],[3.24972,42.32971],[3.2408900000000003,42.335710000000006],[3.2368100000000006,42.34345999999999],[3.23823,42.34887],[3.22868,42.351519999999994],[3.2034299999999996,42.347060000000006],[3.1965,42.33496000000001],[3.1855100000000003,42.34365],[3.1878700000000006,42.35180999999999],[3.1842699999999997,42.35038],[3.1807300000000005,42.3533],[3.17805,42.352889999999995]]]]},"properties":{"CODIMUNI":"171404","NOMMUNI":"el Port de la Selva","CODICOMAR":"02","NOMCOMAR":"Alt Empordà"}},{"type":"Feature","geometry":{"type":"Polygon","coordinates":[[[1.9369900000000002,42.453689999999995],[1.9089500000000001,42.44724999999999],[1.91688,42.42402],[1.8992899999999997,42.42],[1.9017899999999996,42.411820000000006],[1.9122500000000007,42.40751],[1.94246,42.41356],[1.9590000000000003,42.376529999999995],[1.9864100000000002,42.36193],[1.964539999999999,42.38239000000001],[1.9585699999999997,42.42414],[1.940960000000001,42.430029999999995],[1.9369900000000002,42.453689999999995]]]},"properties":{"CODIMUNI":"171411","NOMMUNI":"Puigcerdà","CODICOMAR":"15","NOMCOMAR":"Cerdanya"}},{"type":"Feature","geometry":{"type":"Polygon","coordinates":[[[2.9052299999999995,41.97119000000001],[2.8978200000000003,41.984539999999996],[2.86594,41.96755000000002],[2.8347900000000004,41.96562999999999],[2.8337500000000007,41.94908999999999],[2.82082,41.93645],[2.8386000000000005,41.928749999999994],[2.85969,41.93864000000001],[2.8889600000000004,41.93977000000001],[2.91384,41.929949999999984],[2.94565,41.93933],[2.94507,41.96607999999999],[2.9052299999999995,41.97119000000001]]]},"properties":{"CODIMUNI":"171426","NOMMUNI":"Quart","CODICOMAR":"20","NOMCOMAR":"Gironès"}},{"type":"Feature","geometry":{"type":"Polygon","coordinates":[[[3.04711,42.45892],[3.0395800000000004,42.45704999999999],[3.03771,42.42522999999999],[3.02286,42.41665999999999],[3.0199400000000005,42.38822],[3.00764,42.37316],[3.01377,42.34456],[3.0449499999999996,42.34756999999998],[3.04373,42.3732],[3.0775800000000006,42.39571000000001],[3.0928,42.397690000000004],[3.0866699999999994,42.42444],[3.04711,42.45892]]]},"properties":{"CODIMUNI":"171432","NOMMUNI":"Rabós","CODICOMAR":"02","NOMCOMAR":"Alt Empordà"}},{"type":"Feature","geometry":{"type":"Polygon","coordinates":[[[3.1818,41.96252],[3.1482400000000004,41.94994],[3.15524,41.937159999999984],[3.1956499999999997,41.94563999999999],[3.1818,41.96252]]]},"properties":{"CODIMUNI":"171447","NOMMUNI":"Regencós","CODICOMAR":"10","NOMCOMAR":"Baix Empordà"}},{"type":"Feature","geometry":{"type":"Polygon","coordinates":[[[2.19444,42.34246],[2.1690300000000002,42.33289],[2.1282900000000002,42.33607],[2.1180600000000003,42.312839999999994],[2.1397,42.31054],[2.1618899999999996,42.290270000000014],[2.164740000000001,42.25851],[2.1368800000000006,42.25684999999999],[2.1641399999999997,42.24776000000001],[2.20715,42.26535],[2.20991,42.28074999999999],[2.1938000000000004,42.295049999999996],[2.1932900000000006,42.31886],[2.2136600000000004,42.33508],[2.19444,42.34246]]]},"properties":{"CODIMUNI":"171450","NOMMUNI":"Ribes de Freser","CODICOMAR":"31","NOMCOMAR":"Ripollès"}},{"type":"Feature","geometry":{"type":"Polygon","coordinates":[[[2.51555,41.792919999999995],[2.4776700000000003,41.79381999999999],[2.46924,41.77792999999999],[2.4905500000000003,41.765429999999995],[2.51593,41.76153000000001],[2.51504,41.74862999999999],[2.5305300000000006,41.73923],[2.53837,41.72148],[2.57173,41.72621999999999],[2.5383200000000006,41.76099],[2.54749,41.76782000000001],[2.5347,41.783259999999984],[2.5224299999999995,41.78266],[2.51555,41.792919999999995]]]},"properties":{"CODIMUNI":"171463","NOMMUNI":"Riells i Viabrea","CODICOMAR":"34","NOMCOMAR":"Selva"}},{"type":"Feature","geometry":{"type":"Polygon","coordinates":[[[2.2271100000000006,42.23353999999999],[2.1932500000000004,42.24154999999999],[2.1673100000000005,42.21732],[2.1483900000000005,42.217439999999996],[2.1372500000000003,42.20724],[2.1417899999999994,42.197089999999996],[2.15409,42.19992],[2.1687300000000005,42.170529999999985],[2.1828700000000003,42.16959],[2.1771300000000005,42.16071],[2.2005100000000004,42.154379999999996],[2.2098800000000005,42.13958999999999],[2.25861,42.13911999999999],[2.26987,42.145009999999985],[2.28592,42.14007999999999],[2.2947500000000005,42.14928999999999],[2.27755,42.14990999999999],[2.2910800000000004,42.156729999999996],[2.2672599999999994,42.16236000000001],[2.25174,42.18130000000001],[2.25988,42.203649999999996],[2.23607,42.21093],[2.2271100000000006,42.23353999999999]]]},"properties":{"CODIMUNI":"171479","NOMMUNI":"Ripoll","CODICOMAR":"31","NOMCOMAR":"Ripollès"}},{"type":"Feature","geometry":{"type":"Polygon","coordinates":[[[2.67548,41.84078],[2.62775,41.850539999999995],[2.6240899999999994,41.83592],[2.6083700000000003,41.82918999999999],[2.6252499999999994,41.80116000000001],[2.67293,41.79894],[2.6805199999999996,41.78403],[2.72977,41.813419999999994],[2.73143,41.832800000000006],[2.70561,41.84880999999999],[2.67548,41.84078]]]},"properties":{"CODIMUNI":"171485","NOMMUNI":"Riudarenes","CODICOMAR":"34","NOMCOMAR":"Selva"}},{"type":"Feature","geometry":{"type":"Polygon","coordinates":[[[2.3658500000000005,42.21527],[2.3326900000000004,42.21065999999998],[2.3602599999999994,42.18833],[2.3612,42.17151],[2.3711700000000007,42.1761],[2.37574,42.16950999999999],[2.39611,42.16757],[2.44708,42.18859999999999],[2.44262,42.19898],[2.3656899999999994,42.20371999999999],[2.3658500000000005,42.21527]]]},"properties":{"CODIMUNI":"171498","NOMMUNI":"Riudaura","CODICOMAR":"19","NOMCOMAR":"Garrotxa"}},{"type":"Feature","geometry":{"type":"Polygon","coordinates":[[[2.81172,41.91319999999999],[2.7800700000000003,41.90336],[2.7714499999999997,41.90699999999999],[2.77213,41.88226],[2.78484,41.88250000000001],[2.8071600000000005,41.86860999999999],[2.8171200000000005,41.893259999999984],[2.81172,41.91319999999999]]]},"properties":{"CODIMUNI":"171501","NOMMUNI":"Riudellots de la Selva","CODICOMAR":"34","NOMCOMAR":"Selva"}},{"type":"Feature","geometry":{"type":"Polygon","coordinates":[[[3.06179,42.23815],[3.0211800000000006,42.22432],[3.0344299999999995,42.209649999999996],[3.03723,42.216590000000004],[3.06716,42.21176],[3.06179,42.23815]]]},"properties":{"CODIMUNI":"171518","NOMMUNI":"Riumors","CODICOMAR":"02","NOMCOMAR":"Alt Empordà"}},{"type":"Feature","geometry":{"type":"MultiPolygon","coordinates":[[[[3.26336,42.23732],[3.2643200000000006,42.23727],[3.2643499999999994,42.23729999999998],[3.26336,42.23732]]],[[[3.20299,42.23993],[3.2032899999999995,42.24017],[3.2027000000000005,42.24016000000001],[3.20299,42.23993]]],[[[3.20331,42.240809999999996],[3.2034499999999997,42.24026],[3.2036,42.24086],[3.20331,42.240809999999996]]],[[[3.1977400000000005,42.24269999999999],[3.1985900000000003,42.242889999999996],[3.1981499999999996,42.24304999999999],[3.1977400000000005,42.24269999999999]]],[[[3.1782,42.30451000000001],[3.1505500000000004,42.29074],[3.1309500000000003,42.26987],[3.15068,42.25722999999999],[3.17255,42.26394],[3.1822500000000002,42.24551999999999],[3.1965699999999995,42.24709000000001],[3.21815,42.23234],[3.22947,42.25158],[3.26373,42.23771],[3.2662300000000006,42.24336999999999],[3.25261,42.246379999999995],[3.23814,42.298849999999995],[3.21161,42.289249999999996],[3.1782,42.30451000000001]]]]},"properties":{"CODIMUNI":"171523","NOMMUNI":"Roses","CODICOMAR":"02","NOMCOMAR":"Alt Empordà"}},{"type":"Feature","geometry":{"type":"Polygon","coordinates":[[[3.0172700000000003,42.029109999999996],[2.9929,42.02389999999999],[3.0075499999999997,42.00185999999999],[3.0281600000000006,42.010659999999994],[3.0172700000000003,42.029109999999996]]]},"properties":{"CODIMUNI":"171539","NOMMUNI":"Rupià","CODICOMAR":"10","NOMCOMAR":"Baix Empordà"}},{"type":"Feature","geometry":{"type":"Polygon","coordinates":[[[2.65306,42.29702],[2.5962299999999994,42.29075999999999],[2.5807000000000007,42.26294999999999],[2.59497,42.25174],[2.62998,42.26523999999999],[2.6381499999999996,42.26136000000001],[2.63213,42.24713],[2.64209,42.22521999999999],[2.66203,42.21350999999999],[2.6612900000000006,42.22935999999999],[2.67929,42.250350000000005],[2.66166,42.265429999999995],[2.66561,42.282590000000006],[2.65306,42.29702]]]},"properties":{"CODIMUNI":"171544","NOMMUNI":"Sales de Llierca","CODICOMAR":"19","NOMCOMAR":"Garrotxa"}},{"type":"Feature","geometry":{"type":"Polygon","coordinates":[[[2.79592,41.98553],[2.7697599999999998,41.981989999999996],[2.7533400000000006,41.97068],[2.79774,41.95841],[2.79592,41.98553]]]},"properties":{"CODIMUNI":"171557","NOMMUNI":"Salt","CODICOMAR":"20","NOMCOMAR":"Gironès"}},{"type":"Feature","geometry":{"type":"Polygon","coordinates":[[[2.8181299999999996,41.88857999999998],[2.80981,41.87771],[2.8192199999999996,41.85126999999999],[2.83921,41.861100000000015],[2.8181299999999996,41.88857999999998]]]},"properties":{"CODIMUNI":"171576","NOMMUNI":"Sant Andreu Salou","CODICOMAR":"20","NOMCOMAR":"Gironès"}},{"type":"Feature","geometry":{"type":"Polygon","coordinates":[[[2.9703199999999996,42.43446],[2.94701,42.428619999999995],[2.9570799999999995,42.4045],[2.9400999999999997,42.380829999999996],[2.95197,42.356489999999994],[2.9640600000000004,42.352809999999984],[2.99108,42.35538],[2.9985000000000004,42.370670000000004],[2.96994,42.4158],[2.9703199999999996,42.43446]]]},"properties":{"CODIMUNI":"171582","NOMMUNI":"Sant Climent Sescebes","CODICOMAR":"02","NOMCOMAR":"Alt Empordà"}},{"type":"Feature","geometry":{"type":"Polygon","coordinates":[[[2.6083700000000003,41.82918999999999],[2.5567900000000003,41.83437],[2.55629,41.80474000000001],[2.53434,41.78126999999999],[2.54749,41.76782000000001],[2.5634200000000003,41.765609999999995],[2.5770800000000005,41.72447],[2.62122,41.73116000000001],[2.61532,41.73951],[2.63376,41.75318],[2.6183500000000004,41.769],[2.61605,41.78680000000002],[2.6252499999999994,41.80116000000001],[2.6083700000000003,41.82918999999999]]]},"properties":{"CODIMUNI":"171595","NOMMUNI":"Sant Feliu de Buixalleu","CODICOMAR":"34","NOMCOMAR":"Selva"}},{"type":"Feature","geometry":{"type":"MultiPolygon","coordinates":[[[[3.03204,41.77176],[3.0325700000000007,41.77219000000001],[3.03246,41.77254999999999],[3.03204,41.77176]]],[[[3.04674,41.783339999999995],[3.04723,41.78327],[3.04726,41.78337],[3.04674,41.783339999999995]]],[[[3.03747,41.80037],[2.9818199999999995,41.79175999999999],[2.97579,41.780120000000004],[2.9827,41.76004999999999],[3.01526,41.773109999999996],[3.03023,41.77087],[3.03031,41.77980999999999],[3.04371,41.77856],[3.0455099999999997,41.78833],[3.0539300000000003,41.79046],[3.03747,41.80037]]]]},"properties":{"CODIMUNI":"171609","NOMMUNI":"Sant Feliu de Guíxols","CODICOMAR":"10","NOMCOMAR":"Baix Empordà"}},{"type":"Feature","geometry":{"type":"Polygon","coordinates":[[[2.5480500000000004,42.12466999999999],[2.48438,42.13625],[2.49266,42.12252000000001],[2.4734700000000003,42.10651],[2.4813,42.08581000000001],[2.4668800000000006,42.07394000000001],[2.4764600000000003,42.076209999999996],[2.4949100000000004,42.061510000000006],[2.5059299999999998,42.06512],[2.51831,42.05626000000001],[2.53096,42.070139999999995],[2.5180600000000006,42.07525999999999],[2.5293000000000005,42.07968999999999],[2.5334200000000004,42.09275],[2.5283799999999994,42.10936999999999],[2.5480500000000004,42.12466999999999]]]},"properties":{"CODIMUNI":"171616","NOMMUNI":"Sant Feliu de Pallerols","CODICOMAR":"19","NOMCOMAR":"Garrotxa"}},{"type":"Feature","geometry":{"type":"Polygon","coordinates":[[[2.6824099999999995,42.22626000000001],[2.6612900000000006,42.22935999999999],[2.66203,42.21350999999999],[2.64717,42.189559999999986],[2.61297,42.20052],[2.6023000000000005,42.19109999999999],[2.5919899999999996,42.19445999999999],[2.6079600000000003,42.17593999999999],[2.62927,42.16946999999999],[2.6296699999999995,42.1518],[2.65706,42.14336000000001],[2.6579100000000007,42.15388999999999],[2.6686,42.15885000000001],[2.66675,42.17636000000001],[2.6841700000000004,42.17083000000001],[2.71065,42.17493],[2.7216999999999993,42.184439999999995],[2.7408800000000006,42.18092999999999],[2.76004,42.1865],[2.7236500000000006,42.19773],[2.69173,42.19284999999999],[2.6747799999999997,42.20243],[2.68858,42.2099],[2.6824099999999995,42.22626000000001]]]},"properties":{"CODIMUNI":"171621","NOMMUNI":"Sant Ferriol","CODICOMAR":"19","NOMCOMAR":"Garrotxa"}},{"type":"Feature","geometry":{"type":"Polygon","coordinates":[[[2.79936,42.03167000000001],[2.76743,42.04153],[2.7662099999999996,42.02850999999999],[2.74346,42.020489999999995],[2.7178399999999994,42.02436000000001],[2.71488,42.00696],[2.682,41.98957999999999],[2.6650399999999994,41.98919999999999],[2.66896,41.97521],[2.7095800000000003,41.98226],[2.72371,41.96946],[2.74823,41.96934],[2.78273,41.984159999999996],[2.80629,42.002990000000004],[2.79936,42.03167000000001]]]},"properties":{"CODIMUNI":"171637","NOMMUNI":"Sant Gregori","CODICOMAR":"20","NOMCOMAR":"Gironès"}},{"type":"Feature","geometry":{"type":"Polygon","coordinates":[[[2.48174,41.97583999999999],[2.45828,41.96644],[2.43917,41.97339000000001],[2.42728,41.968949999999985],[2.4414400000000005,41.959909999999994],[2.4423800000000004,41.94143],[2.4571000000000005,41.94344999999999],[2.47996,41.92924],[2.46814,41.90423],[2.4457500000000003,41.89402],[2.45375,41.86966],[2.44615,41.85981],[2.4646600000000003,41.86050999999999],[2.47911,41.85005],[2.5120100000000005,41.84430999999999],[2.5156000000000005,41.870580000000004],[2.5497400000000003,41.86095],[2.5611300000000004,41.87982000000001],[2.5873900000000005,41.87994],[2.5922300000000003,41.88936],[2.5797100000000004,41.89285999999999],[2.5778799999999995,41.90369],[2.5466300000000004,41.90635],[2.52844,41.92952999999999],[2.49349,41.92916999999999],[2.5049,41.94235],[2.49334,41.94762],[2.48174,41.97583999999999]]]},"properties":{"CODIMUNI":"171642","NOMMUNI":"Sant Hilari Sacalm","CODICOMAR":"34","NOMCOMAR":"Selva"}},{"type":"Feature","geometry":{"type":"Polygon","coordinates":[[[2.59261,42.230579999999996],[2.5788099999999994,42.22077],[2.5881099999999995,42.20473],[2.58091,42.19205999999999],[2.59425,42.189620000000005],[2.60452,42.19393],[2.60152,42.20505],[2.61068,42.21462],[2.59261,42.230579999999996]]]},"properties":{"CODIMUNI":"171655","NOMMUNI":"Sant Jaume de Llierca","CODICOMAR":"19","NOMCOMAR":"Garrotxa"}},{"type":"Feature","geometry":{"type":"Polygon","coordinates":[[[2.9540500000000005,42.0969],[2.9323400000000004,42.07182],[2.9502999999999995,42.05211],[2.97052,42.05881999999998],[2.9781,42.07299],[2.9540500000000005,42.0969]]]},"properties":{"CODIMUNI":"171668","NOMMUNI":"Sant Jordi Desvalls","CODICOMAR":"20","NOMCOMAR":"Gironès"}},{"type":"Feature","geometry":{"type":"Polygon","coordinates":[[[2.34147,42.274219999999985],[2.31612,42.269839999999995],[2.29637,42.25675999999999],[2.2725099999999996,42.25782],[2.27457,42.25102],[2.25657,42.24125],[2.2309800000000006,42.2359],[2.23607,42.21093],[2.25988,42.203649999999996],[2.3692599999999997,42.21536999999999],[2.3747799999999994,42.22961],[2.35807,42.22627],[2.3447600000000004,42.23176999999999],[2.3556700000000004,42.24922999999999],[2.34147,42.274219999999985]]]},"properties":{"CODIMUNI":"171674","NOMMUNI":"Sant Joan de les Abadesses","CODICOMAR":"31","NOMCOMAR":"Ripollès"}},{"type":"Feature","geometry":{"type":"Polygon","coordinates":[[[2.94683,42.05427000000001],[2.92866,42.05712],[2.92617,42.04092],[2.9450199999999995,42.03222],[2.94683,42.05427000000001]]]},"properties":{"CODIMUNI":"171680","NOMMUNI":"Sant Joan de Mollet","CODICOMAR":"20","NOMCOMAR":"Gironès"}},{"type":"Feature","geometry":{"type":"Polygon","coordinates":[[[2.8611700000000004,42.07536],[2.8472399999999998,42.05562],[2.8301199999999995,42.05489000000001],[2.8363600000000004,42.040659999999995],[2.80355,42.03961000000001],[2.8024100000000005,42.02525],[2.8263399999999996,42.02032],[2.8405400000000003,42.029790000000006],[2.8597000000000006,42.02524999999999],[2.86492,42.04245000000001],[2.89333,42.05391999999999],[2.8822,42.05551],[2.88411,42.07065000000001],[2.8754700000000004,42.06648],[2.8611700000000004,42.07536]]]},"properties":{"CODIMUNI":"171693","NOMMUNI":"Sant Julià de Ramis","CODICOMAR":"20","NOMCOMAR":"Gironès"}},{"type":"Feature","geometry":{"type":"Polygon","coordinates":[[[2.33353,42.20821999999999],[2.2653100000000004,42.20794],[2.25174,42.18130000000001],[2.26489,42.16418000000001],[2.2958,42.16569],[2.3039000000000005,42.15908],[2.3612,42.17151],[2.3602599999999994,42.18833],[2.33353,42.20821999999999]]]},"properties":{"CODIMUNI":"171707","NOMMUNI":"Vallfogona de Ripollès","CODICOMAR":"31","NOMCOMAR":"Ripollès"}},{"type":"Feature","geometry":{"type":"Polygon","coordinates":[[[2.78276,42.354420000000005],[2.7105400000000004,42.32891],[2.70943,42.31923999999999],[2.73497,42.31783999999999],[2.73702,42.29975],[2.8048200000000003,42.3125],[2.8272400000000006,42.341029999999996],[2.79539,42.34522999999999],[2.78276,42.354420000000005]]]},"properties":{"CODIMUNI":"171714","NOMMUNI":"Sant Llorenç de la Muga","CODICOMAR":"02","NOMCOMAR":"Alt Empordà"}},{"type":"Feature","geometry":{"type":"Polygon","coordinates":[[[2.63634,42.087569999999985],[2.6336400000000006,42.039249999999996],[2.6620399999999997,42.01754999999999],[2.6608,41.992279999999994],[2.682,41.98957999999999],[2.71488,42.00696],[2.7178399999999994,42.02436000000001],[2.6786100000000004,42.05457],[2.67774,42.0845],[2.63634,42.087569999999985]]]},"properties":{"CODIMUNI":"171729","NOMMUNI":"Sant Martí de Llémena","CODICOMAR":"20","NOMCOMAR":"Gironès"}},{"type":"Feature","geometry":{"type":"Polygon","coordinates":[[[2.92617,42.04092],[2.91699,42.03746000000001],[2.92367,42.02351999999999],[2.90196,41.977450000000005],[2.9145,41.96779],[2.9318500000000003,41.97330999999999],[2.9264600000000005,41.980250000000005],[2.9379,41.99988999999999],[2.9517299999999995,42.00573],[2.95357,42.03023999999999],[2.92617,42.04092]]]},"properties":{"CODIMUNI":"171735","NOMMUNI":"Sant Martí Vell","CODICOMAR":"20","NOMCOMAR":"Gironès"}},{"type":"Feature","geometry":{"type":"Polygon","coordinates":[[[2.66729,42.17639],[2.6686,42.15885000000001],[2.6579100000000007,42.15388999999999],[2.6542199999999996,42.13611000000001],[2.6659,42.1236],[2.63634,42.087569999999985],[2.68091,42.082640000000005],[2.6930799999999997,42.09530999999999],[2.6972800000000006,42.12488],[2.70783,42.13019],[2.69908,42.14611],[2.7044900000000003,42.17409],[2.6826600000000003,42.17074],[2.67553,42.17153999999999],[2.68224,42.176309999999994],[2.66729,42.17639]]]},"properties":{"CODIMUNI":"171740","NOMMUNI":"Sant Miquel de Campmajor","CODICOMAR":"28","NOMCOMAR":"Pla de l'Estany"}},{"type":"Feature","geometry":{"type":"Polygon","coordinates":[[[2.9866200000000003,42.18852],[2.9849499999999995,42.16958999999999],[3.0061200000000006,42.16823],[3.01288,42.174240000000005],[2.9866200000000003,42.18852]]]},"properties":{"CODIMUNI":"171753","NOMMUNI":"Sant Miquel de Fluvià","CODICOMAR":"02","NOMCOMAR":"Alt Empordà"}},{"type":"Feature","geometry":{"type":"Polygon","coordinates":[[[2.99709,42.16797],[2.9751700000000003,42.16793],[2.9852500000000006,42.16055],[2.9705599999999994,42.15357000000001],[2.99292,42.13306],[3.0049100000000006,42.13967999999999],[2.99709,42.16797]]]},"properties":{"CODIMUNI":"171766","NOMMUNI":"Sant Mori","CODICOMAR":"02","NOMCOMAR":"Alt Empordà"}},{"type":"Feature","geometry":{"type":"Polygon","coordinates":[[[2.3657200000000005,42.287639999999996],[2.34147,42.274219999999985],[2.35121,42.24474],[2.3844,42.25561999999999],[2.3701700000000003,42.26752],[2.3657200000000005,42.287639999999996]]]},"properties":{"CODIMUNI":"171772","NOMMUNI":"Sant Pau de Segúries","CODICOMAR":"31","NOMCOMAR":"Ripollès"}},{"type":"Feature","geometry":{"type":"Polygon","coordinates":[[[3.0744300000000004,42.21822],[3.06306,42.17905999999999],[3.0912499999999996,42.18211],[3.0873200000000005,42.16063],[3.1100300000000005,42.15926999999999],[3.1030600000000006,42.15104999999999],[3.1119,42.14137],[3.11131,42.20372],[3.0744300000000004,42.21822]]]},"properties":{"CODIMUNI":"171788","NOMMUNI":"Sant Pere Pescador","CODICOMAR":"02","NOMCOMAR":"Alt Empordà"}},{"type":"Feature","geometry":{"type":"Polygon","coordinates":[[[2.61314,41.91276],[2.58795,41.91001],[2.57587,41.89800999999999],[2.5922300000000003,41.88936],[2.5905900000000006,41.881719999999994],[2.5611300000000004,41.87982000000001],[2.5497400000000003,41.86095],[2.5641600000000007,41.844519999999996],[2.6083700000000003,41.82918999999999],[2.6240899999999994,41.83592],[2.62775,41.850539999999995],[2.67548,41.84078],[2.7025200000000003,41.84996],[2.7019800000000003,41.88015],[2.6537400000000004,41.89179],[2.61314,41.91276]]]},"properties":{"CODIMUNI":"171805","NOMMUNI":"Santa Coloma de Farners","CODICOMAR":"34","NOMCOMAR":"Selva"}},{"type":"Feature","geometry":{"type":"MultiPolygon","coordinates":[[[[2.98148,41.75737999999999],[2.98199,41.75738],[2.98199,41.75755],[2.98148,41.75737999999999]]],[[[2.98071,41.75784],[2.98128,41.757850000000005],[2.98089,41.75811],[2.98071,41.75784]]],[[[3.0278799999999997,41.80019],[3.01518,41.83279],[3.02909,41.837939999999996],[3.03352,41.84872],[3.0219600000000004,41.86871],[2.98633,41.88484999999999],[2.95647,41.88472999999999],[2.9419,41.86623000000001],[2.96194,41.85138],[2.97083,41.82824999999999],[2.9301900000000005,41.824749999999995],[2.94348,41.7895],[2.95577,41.786519999999996],[2.96009,41.77414000000001],[2.9501100000000005,41.76834],[2.9662500000000005,41.75412],[2.98331,41.75930999999999],[2.97579,41.780120000000004],[2.9818199999999995,41.79175999999999],[3.0278799999999997,41.80019]]]]},"properties":{"CODIMUNI":"171812","NOMMUNI":"Santa Cristina d'Aro","CODICOMAR":"10","NOMCOMAR":"Baix Empordà"}},{"type":"Feature","geometry":{"type":"Polygon","coordinates":[[[2.9670900000000002,42.23808999999999],[2.94393,42.23705],[2.9398999999999997,42.23330000000001],[2.9528400000000006,42.22529999999999],[2.9670900000000002,42.23808999999999]]]},"properties":{"CODIMUNI":"171827","NOMMUNI":"Santa Llogaia d'Àlguema","CODICOMAR":"02","NOMCOMAR":"Alt Empordà"}},{"type":"Feature","geometry":{"type":"Polygon","coordinates":[[[2.5667900000000006,42.12514999999999],[2.5477999999999996,42.12485999999999],[2.5538599999999994,42.09574],[2.5755300000000005,42.07113999999999],[2.6008800000000005,42.062949999999994],[2.59662,42.049989999999994],[2.6089600000000006,42.02814],[2.62617,42.02336],[2.62914,42.011939999999996],[2.66163,42.01657000000001],[2.6336400000000006,42.039249999999996],[2.63913,42.05479],[2.63182,42.08898],[2.61195,42.099819999999994],[2.6156,42.106249999999996],[2.5667900000000006,42.12514999999999]]]},"properties":{"CODIMUNI":"171833","NOMMUNI":"Sant Aniol de Finestres","CODICOMAR":"19","NOMCOMAR":"Garrotxa"}},{"type":"Feature","geometry":{"type":"Polygon","coordinates":[[[2.5919899999999996,42.19445999999999],[2.5820600000000002,42.189840000000004],[2.57885,42.17428000000001],[2.54495,42.169959999999996],[2.54316,42.15562],[2.50493,42.158609999999996],[2.4941999999999998,42.14439000000001],[2.4984600000000006,42.13625],[2.5939400000000004,42.11675],[2.59353,42.13361999999999],[2.60857,42.130419999999994],[2.6296699999999995,42.1518],[2.62927,42.16946999999999],[2.6079600000000003,42.17593999999999],[2.5919899999999996,42.19445999999999]]]},"properties":{"CODIMUNI":"171848","NOMMUNI":"Santa Pau","CODICOMAR":"19","NOMCOMAR":"Garrotxa"}},{"type":"Feature","geometry":{"type":"Polygon","coordinates":[[[2.54988,42.22823999999999],[2.49727,42.23160000000001],[2.4815700000000005,42.21754],[2.4850900000000005,42.20863],[2.50493,42.20818],[2.50294,42.19586],[2.52344,42.181549999999994],[2.5489600000000006,42.17260999999999],[2.57885,42.17428000000001],[2.5874300000000003,42.20394],[2.57033,42.199639999999995],[2.5549600000000003,42.21772],[2.5369099999999998,42.21441999999998],[2.53106,42.217960000000005],[2.54988,42.22823999999999]]]},"properties":{"CODIMUNI":"171851","NOMMUNI":"Sant Joan les Fonts","CODICOMAR":"19","NOMCOMAR":"Garrotxa"}},{"type":"Feature","geometry":{"type":"Polygon","coordinates":[[[2.82796,42.02035999999999],[2.8024100000000005,42.02525],[2.7989099999999993,42.01346000000001],[2.81549,41.9992],[2.82796,42.02035999999999]]]},"properties":{"CODIMUNI":"171864","NOMMUNI":"Sarrià de Ter","CODICOMAR":"20","NOMCOMAR":"Gironès"}},{"type":"Feature","geometry":{"type":"Polygon","coordinates":[[[2.97435,42.14364],[2.96154,42.12425],[2.9468299999999994,42.12447999999999],[2.94631,42.138799999999996],[2.94449,42.13144],[2.92344,42.1312],[2.92628,42.116809999999994],[2.95427,42.11213],[2.99504,42.12330999999999],[2.9969,42.13325999999999],[2.97435,42.14364]]]},"properties":{"CODIMUNI":"171870","NOMMUNI":"Saus, Camallera i Llampaies","CODICOMAR":"02","NOMCOMAR":"Alt Empordà"}},{"type":"Feature","geometry":{"type":"Polygon","coordinates":[[[3.20586,42.318490000000004],[3.18395,42.331540000000004],[3.16845,42.318659999999994],[3.1782,42.30451000000001],[3.1931199999999995,42.301590000000004],[3.20586,42.318490000000004]]]},"properties":{"CODIMUNI":"171886","NOMMUNI":"la Selva de Mar","CODICOMAR":"02","NOMCOMAR":"Alt Empordà"}},{"type":"Feature","geometry":{"type":"Polygon","coordinates":[[[2.6177499999999996,41.98832999999999],[2.60139,41.9849],[2.60058,41.975849999999994],[2.5724999999999993,41.98537999999999],[2.5632100000000007,41.970169999999996],[2.57322,41.96211999999999],[2.6006700000000005,41.96025],[2.6049,41.949470000000005],[2.61583,41.95112999999999],[2.6346900000000004,41.96283999999999],[2.6177499999999996,41.98832999999999]]]},"properties":{"CODIMUNI":"171899","NOMMUNI":"la Cellera de Ter","CODICOMAR":"34","NOMCOMAR":"Selva"}},{"type":"Feature","geometry":{"type":"Polygon","coordinates":[[[2.76944,42.18915],[2.7408800000000006,42.18092999999999],[2.7216999999999993,42.184439999999995],[2.7044900000000003,42.17409],[2.70205,42.15428999999999],[2.7198000000000007,42.1584],[2.7259399999999996,42.147310000000004],[2.7457299999999996,42.146240000000006],[2.7484099999999994,42.15391],[2.7689200000000005,42.15847],[2.76944,42.18915]]]},"properties":{"CODIMUNI":"171903","NOMMUNI":"Serinyà","CODICOMAR":"28","NOMCOMAR":"Pla de l'Estany"}},{"type":"Feature","geometry":{"type":"Polygon","coordinates":[[[3.0855,42.03365],[3.04939,42.050869999999996],[3.04647,42.03149],[3.0654699999999995,42.02514],[3.06983,42.00815],[3.0855,42.03365]]]},"properties":{"CODIMUNI":"171910","NOMMUNI":"Serra de Daró","CODICOMAR":"10","NOMCOMAR":"Baix Empordà"}},{"type":"Feature","geometry":{"type":"Polygon","coordinates":[[[2.25995,42.43775],[2.23343,42.426089999999995],[2.2449100000000004,42.41569999999999],[2.2390000000000003,42.40934],[2.2459500000000006,42.39687],[2.29697,42.36276000000001],[2.33705,42.372049999999994],[2.34542,42.416049999999984],[2.32502,42.417399999999994],[2.31165,42.42851],[2.2915900000000002,42.42312],[2.25995,42.43775]]]},"properties":{"CODIMUNI":"171925","NOMMUNI":"Setcases","CODICOMAR":"31","NOMCOMAR":"Ripollès"}},{"type":"Feature","geometry":{"type":"Polygon","coordinates":[[[2.73501,41.868500000000004],[2.7021600000000006,41.85797000000001],[2.7005400000000006,41.85141999999999],[2.7330199999999993,41.82776999999999],[2.72913,41.812719999999985],[2.7029800000000006,41.794959999999996],[2.74207,41.78917],[2.7461900000000004,41.79607],[2.75525,41.78867999999999],[2.78469,41.80714],[2.76071,41.81703],[2.76384,41.84949999999999],[2.7515,41.85135999999999],[2.73501,41.868500000000004]]]},"properties":{"CODIMUNI":"171931","NOMMUNI":"Sils","CODICOMAR":"34","NOMCOMAR":"Selva"}},{"type":"Feature","geometry":{"type":"Polygon","coordinates":[[[2.49656,42.05825],[2.48128,42.05073999999998],[2.5060899999999995,42.032299999999985],[2.4946700000000006,42.01743999999999],[2.4990500000000004,42.0015],[2.4688100000000004,41.99374],[2.4880200000000006,41.98485],[2.48021,41.97872999999999],[2.49334,41.94762],[2.5215,41.93671],[2.5310899999999994,41.94181999999999],[2.52352,41.95751],[2.5383399999999994,41.956100000000006],[2.5243000000000007,41.98371],[2.5293999999999994,41.99089000000001],[2.54333,42.000569999999996],[2.5599,41.976],[2.5725,41.9853],[2.5754600000000005,42.00406],[2.49656,42.05825]]]},"properties":{"CODIMUNI":"171946","NOMMUNI":"Susqueda","CODICOMAR":"34","NOMCOMAR":"Selva"}},{"type":"Feature","geometry":{"type":"Polygon","coordinates":[[[3.05765,42.098620000000004],[3.04269,42.11026999999999],[3.03426,42.08932],[3.04842,42.07095999999999],[3.07023,42.06701],[3.0591099999999996,42.04701],[3.0836299999999994,42.04005999999999],[3.08235,42.05205999999999],[3.09512,42.06201],[3.07396,42.07837],[3.07113,42.098459999999996],[3.05765,42.098620000000004]]]},"properties":{"CODIMUNI":"171959","NOMMUNI":"la Tallada d'Empordà","CODICOMAR":"10","NOMCOMAR":"Baix Empordà"}},{"type":"Feature","geometry":{"type":"Polygon","coordinates":[[[2.83727,42.339560000000006],[2.8272400000000006,42.341029999999996],[2.8048200000000003,42.3125],[2.78461,42.30324000000001],[2.8460900000000002,42.29929],[2.87231,42.28321999999999],[2.88343,42.294749999999986],[2.8832100000000005,42.31047],[2.8377099999999995,42.32963],[2.83727,42.339560000000006]]]},"properties":{"CODIMUNI":"171962","NOMMUNI":"Terrades","CODICOMAR":"02","NOMCOMAR":"Alt Empordà"}},{"type":"Feature","geometry":{"type":"Polygon","coordinates":[[[3.14063,41.963620000000006],[3.1142600000000003,41.96381000000001],[3.11472,41.9374],[3.1483800000000004,41.94426],[3.14063,41.963620000000006]]]},"properties":{"CODIMUNI":"171978","NOMMUNI":"Torrent","CODICOMAR":"10","NOMCOMAR":"Baix Empordà"}},{"type":"Feature","geometry":{"type":"Polygon","coordinates":[[[3.0373899999999994,42.21657999999999],[2.99871,42.18633],[3.01344,42.16487999999999],[3.0221599999999995,42.169230000000006],[3.0446900000000006,42.16338999999999],[3.0443999999999996,42.170210000000004],[3.0546200000000003,42.16785999999998],[3.06306,42.17905999999999],[3.0393299999999996,42.200309999999995],[3.0523900000000004,42.21351000000001],[3.0373899999999994,42.21657999999999]]]},"properties":{"CODIMUNI":"171984","NOMMUNI":"Torroella de Fluvià","CODICOMAR":"02","NOMCOMAR":"Alt Empordà"}},{"type":"Feature","geometry":{"type":"MultiPolygon","coordinates":[[[[3.22788,42.04175999999999],[3.22878,42.0418],[3.22828,42.04204],[3.22788,42.04175999999999]]],[[[3.22693,42.04189],[3.22768,42.04207],[3.2272700000000003,42.04231],[3.22693,42.04189]]],[[[3.2252400000000003,42.04259],[3.22424,42.0444],[3.2238599999999997,42.0436],[3.2252400000000003,42.04259]]],[[[3.22295,42.04485],[3.22423,42.04993],[3.219,42.04807000000001],[3.22295,42.04485]]],[[[3.2101,42.06288],[3.21064,42.062889999999996],[3.21019,42.06298000000001],[3.2101,42.06288]]],[[[3.2049000000000003,42.07366],[3.2056799999999996,42.074149999999996],[3.20482,42.07439],[3.2049000000000003,42.07366]]],[[[3.1972899999999997,42.084759999999996],[3.19806,42.084499999999984],[3.19765,42.08499],[3.1972899999999997,42.084759999999996]]],[[[3.18347,42.10354999999999],[3.1615100000000003,42.10889999999999],[3.1319900000000005,42.098299999999995],[3.13046,42.082679999999996],[3.09989,42.076519999999995],[3.10113,42.06484],[3.1269000000000005,42.054829999999995],[3.1162099999999997,42.03934],[3.13933,42.02493],[3.1529799999999994,42.00288],[3.17758,42.01027],[3.1967300000000005,42.00757],[3.1970900000000007,42.04495000000001],[3.2144999999999997,42.06113],[3.21004,42.061440000000005],[3.18347,42.10354999999999]]]]},"properties":{"CODIMUNI":"171997","NOMMUNI":"Torroella de Montgrí","CODICOMAR":"10","NOMCOMAR":"Baix Empordà"}},{"type":"Feature","geometry":{"type":"Polygon","coordinates":[[[2.6381499999999996,42.26136000000001],[2.62998,42.26523999999999],[2.59497,42.25174],[2.6080100000000006,42.226949999999995],[2.64209,42.22521999999999],[2.63213,42.24713],[2.6381499999999996,42.26136000000001]]]},"properties":{"CODIMUNI":"172001","NOMMUNI":"Tortellà","CODICOMAR":"19","NOMCOMAR":"Garrotxa"}},{"type":"Feature","geometry":{"type":"Polygon","coordinates":[[[2.07574,42.36486],[2.0233600000000003,42.355599999999995],[2.0038799999999997,42.34217999999999],[1.9879100000000003,42.34353999999999],[1.9846900000000005,42.33121],[1.9614300000000005,42.33201999999999],[1.95535,42.3121],[1.9837500000000006,42.29901],[2.0187200000000005,42.31032999999999],[2.0781599999999996,42.28625],[2.0945800000000006,42.31567],[2.0850100000000005,42.325089999999996],[2.08831,42.35652999999999],[2.07574,42.36486]]]},"properties":{"CODIMUNI":"172018","NOMMUNI":"Toses","CODICOMAR":"31","NOMCOMAR":"Ripollès"}},{"type":"Feature","geometry":{"type":"MultiPolygon","coordinates":[[[[2.91155,41.70771],[2.91231,41.70756],[2.9115800000000003,41.70776000000001],[2.91155,41.70771]]],[[[2.9266100000000006,41.713570000000004],[2.92737,41.71353999999999],[2.9266699999999997,41.71371000000001],[2.9266100000000006,41.713570000000004]]],[[[2.9396000000000004,41.720189999999995],[2.9403400000000004,41.720139999999994],[2.9399800000000003,41.720659999999995],[2.9396000000000004,41.720189999999995]]],[[[2.9410900000000004,41.72464],[2.94131,41.7244],[2.9414100000000003,41.72451],[2.9410900000000004,41.72464]]],[[[2.94576,41.7258],[2.9461599999999994,41.72588],[2.94581,41.72596999999999],[2.94576,41.7258]]],[[[2.96503,41.74529],[2.96547,41.74518999999999],[2.9654600000000007,41.745360000000005],[2.96503,41.74529]]],[[[2.94049,41.760639999999995],[2.90238,41.772420000000004],[2.8712000000000004,41.77277],[2.8860200000000003,41.75647],[2.8661600000000003,41.74447],[2.8830500000000003,41.73819],[2.87896,41.72026],[2.88841,41.71961000000001],[2.89039,41.70635],[2.8980699999999997,41.705040000000004],[2.9034400000000002,41.71032000000001],[2.9350699999999996,41.71524999999999],[2.93481,41.72032999999999],[2.97115,41.75308],[2.9501100000000005,41.76834],[2.94049,41.760639999999995]]]]},"properties":{"CODIMUNI":"172023","NOMMUNI":"Tossa de Mar","CODICOMAR":"34","NOMCOMAR":"Selva"}},{"type":"Feature","geometry":{"type":"Polygon","coordinates":[[[3.04939,42.050869999999996],[3.0347999999999997,42.051489999999994],[3.0254800000000004,42.027819999999984],[3.04696,42.031749999999995],[3.04939,42.050869999999996]]]},"properties":{"CODIMUNI":"172039","NOMMUNI":"Ultramort","CODICOMAR":"10","NOMCOMAR":"Baix Empordà"}},{"type":"Feature","geometry":{"type":"Polygon","coordinates":[[[3.1095199999999994,42.06415],[3.08235,42.05205999999999],[3.0836299999999994,42.04005999999999],[3.1162099999999997,42.03934],[3.1270400000000005,42.05445999999999],[3.1095199999999994,42.06415]]]},"properties":{"CODIMUNI":"172044","NOMMUNI":"Ullà","CODICOMAR":"10","NOMCOMAR":"Baix Empordà"}},{"type":"Feature","geometry":{"type":"Polygon","coordinates":[[[3.08283,42.020520000000005],[3.0724199999999997,42.00883],[3.0634,42.014210000000006],[3.0475000000000003,42.00605],[3.04545,41.99105],[3.0668399999999996,41.98464],[3.0962599999999996,41.990750000000006],[3.08283,42.020520000000005]]]},"properties":{"CODIMUNI":"172057","NOMMUNI":"Ullastret","CODICOMAR":"10","NOMCOMAR":"Baix Empordà"}},{"type":"Feature","geometry":{"type":"Polygon","coordinates":[[[1.8470700000000007,42.358329999999995],[1.8347100000000007,42.355149999999995],[1.8424900000000002,42.306309999999996],[1.8930299999999995,42.318549999999995],[1.8871199999999997,42.336279999999995],[1.8470700000000007,42.358329999999995]]]},"properties":{"CODIMUNI":"172060","NOMMUNI":"Urús","CODICOMAR":"15","NOMCOMAR":"Cerdanya"}},{"type":"Feature","geometry":{"type":"Polygon","coordinates":[[[2.4479,42.18706000000001],[2.36372,42.1604],[2.3492400000000004,42.14768000000001],[2.35077,42.13766999999999],[2.3810600000000006,42.12368],[2.37658,42.10546000000001],[2.40017,42.102759999999996],[2.3945000000000003,42.08676],[2.4268700000000005,42.06127999999999],[2.45471,42.07802999999999],[2.4668800000000006,42.07394000000001],[2.47799,42.08044],[2.4734700000000003,42.10651],[2.49266,42.12252000000001],[2.48313,42.13675],[2.46936,42.12915],[2.4544300000000003,42.13374999999999],[2.46167,42.15557],[2.4479,42.18706000000001]]]},"properties":{"CODIMUNI":"172076","NOMMUNI":"la Vall d'en Bas","CODICOMAR":"19","NOMCOMAR":"Garrotxa"}},{"type":"Feature","geometry":{"type":"MultiPolygon","coordinates":[[[[2.5096900000000004,42.2002],[2.49435,42.205479999999994],[2.50294,42.19586],[2.5096900000000004,42.2002]]],[[[2.41609,42.286509999999986],[2.40616,42.27432],[2.37566,42.26505000000001],[2.3844,42.25561999999999],[2.3440600000000003,42.24081],[2.3482,42.228199999999994],[2.37552,42.22866],[2.36524,42.20421999999999],[2.4884399999999998,42.19755999999999],[2.49232,42.20563],[2.4815700000000005,42.21754],[2.49727,42.23160000000001],[2.51674,42.228],[2.53285,42.233039999999995],[2.47151,42.26606],[2.46335,42.279529999999994],[2.41609,42.286509999999986]]]]},"properties":{"CODIMUNI":"172082","NOMMUNI":"la Vall de Bianya","CODICOMAR":"19","NOMCOMAR":"Garrotxa"}},{"type":"Feature","geometry":{"type":"Polygon","coordinates":[[[3.1472300000000004,41.87737],[3.11195,41.899379999999994],[3.0984600000000007,41.88961],[3.1307800000000006,41.87075000000001],[3.1472300000000004,41.87737]]]},"properties":{"CODIMUNI":"172095","NOMMUNI":"Vall-llobrega","CODICOMAR":"10","NOMCOMAR":"Baix Empordà"}},{"type":"Feature","geometry":{"type":"Polygon","coordinates":[[[3.06306,42.17905999999999],[3.04407,42.163270000000004],[2.99682,42.16859],[3.0049100000000006,42.13967999999999],[3.0183,42.12726],[3.0347500000000003,42.12143],[3.04543,42.1451],[3.06086,42.13607999999999],[3.09082,42.14050999999998],[3.09408,42.150830000000006],[3.08335,42.15084],[3.06306,42.17905999999999]]]},"properties":{"CODIMUNI":"172109","NOMMUNI":"Ventalló","CODICOMAR":"02","NOMCOMAR":"Alt Empordà"}},{"type":"Feature","geometry":{"type":"Polygon","coordinates":[[[3.0376500000000006,42.08764999999999],[3.0210700000000004,42.086999999999996],[3.0272500000000004,42.05897999999999],[3.0591099999999996,42.04701],[3.07023,42.06701],[3.04842,42.07095999999999],[3.0376500000000006,42.08764999999999]]]},"properties":{"CODIMUNI":"172116","NOMMUNI":"Verges","CODICOMAR":"10","NOMCOMAR":"Baix Empordà"}},{"type":"Feature","geometry":{"type":"Polygon","coordinates":[[[2.3727,42.17229999999999],[2.3039000000000005,42.15908],[2.2958,42.16569],[2.26489,42.16418000000001],[2.2910800000000004,42.156729999999996],[2.27755,42.14990999999999],[2.2947500000000005,42.14928999999999],[2.27715,42.1379],[2.2926900000000003,42.13035000000001],[2.29997,42.13376],[2.3037400000000003,42.112339999999996],[2.29538,42.102639999999994],[2.3422200000000006,42.12095999999999],[2.3739200000000005,42.11655],[2.3810600000000006,42.12368],[2.34877,42.14417],[2.36372,42.1604],[2.3844700000000003,42.1635],[2.3727,42.17229999999999]]]},"properties":{"CODIMUNI":"172121","NOMMUNI":"Vidrà","CODICOMAR":"24","NOMCOMAR":"Osona"}},{"type":"Feature","geometry":{"type":"Polygon","coordinates":[[[2.79573,41.80792999999999],[2.76079,41.79732],[2.75309,41.78139],[2.7893399999999997,41.738859999999995],[2.8487299999999998,41.762269999999994],[2.8696099999999998,41.74607],[2.8860200000000003,41.75647],[2.83369,41.799409999999995],[2.79573,41.80792999999999]]]},"properties":{"CODIMUNI":"172137","NOMMUNI":"Vidreres","CODICOMAR":"34","NOMCOMAR":"Selva"}},{"type":"Feature","geometry":{"type":"Polygon","coordinates":[[[2.99001,42.28917],[2.97532,42.28999],[2.96916,42.27696],[2.9866,42.277660000000004],[2.99001,42.28917]]]},"properties":{"CODIMUNI":"172142","NOMMUNI":"Vilabertran","CODICOMAR":"02","NOMCOMAR":"Alt Empordà"}},{"type":"Feature","geometry":{"type":"Polygon","coordinates":[[[2.7853899999999996,41.96412000000001],[2.76979,41.96184],[2.75478,41.949589999999986],[2.79393,41.941859999999984],[2.80482,41.95390999999999],[2.7853899999999996,41.96412000000001]]]},"properties":{"CODIMUNI":"172155","NOMMUNI":"Vilablareix","CODICOMAR":"20","NOMCOMAR":"Gironès"}},{"type":"Feature","geometry":{"type":"Polygon","coordinates":[[[2.95427,42.11213],[2.90428,42.11062],[2.8936899999999994,42.09349],[2.90093,42.08056],[2.9330599999999993,42.07470999999999],[2.95427,42.11213]]]},"properties":{"CODIMUNI":"172168","NOMMUNI":"Viladasens","CODICOMAR":"20","NOMCOMAR":"Gironès"}},{"type":"Feature","geometry":{"type":"Polygon","coordinates":[[[3.04572,42.145100000000006],[3.03354,42.12656],[3.0450600000000003,42.11108999999999],[3.09477,42.126650000000005],[3.09082,42.14050999999998],[3.06086,42.13607999999999],[3.04572,42.145100000000006]]]},"properties":{"CODIMUNI":"172174","NOMMUNI":"Viladamat","CODICOMAR":"02","NOMCOMAR":"Alt Empordà"}},{"type":"Feature","geometry":{"type":"Polygon","coordinates":[[[2.86481,42.20100999999998],[2.8477899999999994,42.18024],[2.84647,42.16319000000001],[2.80706,42.16853],[2.7959300000000002,42.15507],[2.80324,42.14138999999999],[2.8238500000000006,42.151309999999995],[2.84071,42.138670000000005],[2.84269,42.09713],[2.855,42.092380000000006],[2.85692,42.07822],[2.88473,42.06616000000001],[2.8942199999999993,42.0724],[2.90428,42.11062],[2.9011800000000005,42.13876],[2.8884600000000002,42.14994999999999],[2.8984200000000007,42.16221999999999],[2.89211,42.178779999999996],[2.87611,42.18349999999999],[2.87901,42.19442],[2.86481,42.20100999999998]]]},"properties":{"CODIMUNI":"172180","NOMMUNI":"Vilademuls","CODICOMAR":"28","NOMCOMAR":"Pla de l'Estany"}},{"type":"Feature","geometry":{"type":"Polygon","coordinates":[[[2.3380900000000002,41.88875999999999],[2.32373,41.875260000000004],[2.33142,41.86172],[2.32532,41.85588],[2.3448400000000005,41.83668999999998],[2.3523400000000003,41.808569999999996],[2.41841,41.80449999999999],[2.40739,41.823069999999994],[2.42425,41.83973],[2.40133,41.86825],[2.3879300000000003,41.879819999999995],[2.3824900000000007,41.87173],[2.3380900000000002,41.88875999999999]]]},"properties":{"CODIMUNI":"172207","NOMMUNI":"Viladrau","CODICOMAR":"24","NOMCOMAR":"Osona"}},{"type":"Feature","geometry":{"type":"Polygon","coordinates":[[[2.933,42.27412],[2.93027,42.23577],[2.9690699999999994,42.2379],[2.9692599999999993,42.24557999999999],[2.933,42.27412]]]},"properties":{"CODIMUNI":"172214","NOMMUNI":"Vilafant","CODICOMAR":"02","NOMCOMAR":"Alt Empordà"}},{"type":"Feature","geometry":{"type":"Polygon","coordinates":[[[2.9705599999999994,42.15357000000001],[2.9427200000000004,42.14669],[2.9468299999999994,42.12447999999999],[2.96776,42.12724],[2.9705599999999994,42.15357000000001]]]},"properties":{"CODIMUNI":"172229","NOMMUNI":"Vilaür","CODICOMAR":"02","NOMCOMAR":"Alt Empordà"}},{"type":"Feature","geometry":{"type":"Polygon","coordinates":[[[3.09868,42.35275000000001],[3.07569,42.32377000000001],[3.09195,42.3082],[3.1084399999999994,42.325469999999996],[3.1303600000000005,42.32843],[3.1343300000000003,42.33800000000001],[3.12812,42.348049999999986],[3.10971,42.344399999999986],[3.09868,42.35275000000001]]]},"properties":{"CODIMUNI":"172235","NOMMUNI":"Vilajuïga","CODICOMAR":"02","NOMCOMAR":"Alt Empordà"}},{"type":"Feature","geometry":{"type":"Polygon","coordinates":[[[2.2539300000000004,42.395469999999996],[2.2196600000000006,42.36978999999999],[2.22051,42.34039],[2.2539800000000003,42.32655999999999],[2.27836,42.294259999999994],[2.31833,42.29628999999999],[2.33461,42.32144999999999],[2.33737,42.34591],[2.3187400000000005,42.363369999999996],[2.2820499999999995,42.36868],[2.2539300000000004,42.395469999999996]]]},"properties":{"CODIMUNI":"172240","NOMMUNI":"Vilallonga de Ter","CODICOMAR":"31","NOMCOMAR":"Ripollès"}},{"type":"Feature","geometry":{"type":"Polygon","coordinates":[[[3.05802,42.21328],[3.0388800000000002,42.20225],[3.05822,42.18557],[3.0711599999999994,42.20228000000001],[3.06955,42.211360000000006],[3.05802,42.21328]]]},"properties":{"CODIMUNI":"172253","NOMMUNI":"Vilamacolum","CODICOMAR":"02","NOMCOMAR":"Alt Empordà"}},{"type":"Feature","geometry":{"type":"Polygon","coordinates":[[[2.96824,42.23528000000001],[2.94647,42.21183000000001],[2.9555999999999996,42.20569],[3.01442,42.23093999999999],[2.96824,42.23528000000001]]]},"properties":{"CODIMUNI":"172266","NOMMUNI":"Vilamalla","CODICOMAR":"02","NOMCOMAR":"Alt Empordà"}},{"type":"Feature","geometry":{"type":"Polygon","coordinates":[[[3.08655,42.372539999999994],[3.07231,42.390809999999995],[3.04373,42.3732],[3.04778,42.36719999999999],[3.08655,42.372539999999994]]]},"properties":{"CODIMUNI":"172272","NOMMUNI":"Vilamaniscle","CODICOMAR":"02","NOMCOMAR":"Alt Empordà"}},{"type":"Feature","geometry":{"type":"Polygon","coordinates":[[[2.8974300000000004,42.27882000000001],[2.8588600000000004,42.27987],[2.85468,42.24629999999999],[2.8974100000000003,42.22821],[2.8974300000000004,42.27882000000001]]]},"properties":{"CODIMUNI":"172288","NOMMUNI":"Vilanant","CODICOMAR":"02","NOMCOMAR":"Alt Empordà"}},{"type":"Feature","geometry":{"type":"Polygon","coordinates":[[[3.0257,42.27467],[2.9993199999999995,42.264419999999994],[3.0168100000000004,42.24952],[3.04659,42.25968],[3.0257,42.27467]]]},"properties":{"CODIMUNI":"172305","NOMMUNI":"Vila-sacra","CODICOMAR":"02","NOMCOMAR":"Alt Empordà"}},{"type":"Feature","geometry":{"type":"Polygon","coordinates":[[[3.0049100000000006,42.13967999999999],[2.99504,42.12330999999999],[2.95427,42.11213],[2.95191,42.09776],[2.9702,42.07917999999999],[2.9768899999999996,42.09579999999999],[3.0037199999999995,42.09197],[3.00526,42.10986],[3.01577,42.11056],[3.02041,42.12289],[3.0049100000000006,42.13967999999999]]]},"properties":{"CODIMUNI":"172327","NOMMUNI":"Vilopriu","CODICOMAR":"10","NOMCOMAR":"Baix Empordà"}},{"type":"Feature","geometry":{"type":"Polygon","coordinates":[[[2.7714499999999997,41.90699999999999],[2.7473699999999996,41.92599],[2.69934,41.923899999999996],[2.71737,41.918989999999994],[2.7019800000000003,41.88015],[2.7058400000000002,41.86294],[2.73501,41.868500000000004],[2.7523900000000006,41.85429],[2.7658700000000005,41.86410999999999],[2.7757399999999994,41.87830999999999],[2.7714499999999997,41.90699999999999]]]},"properties":{"CODIMUNI":"172333","NOMMUNI":"Vilobí d'Onyar","CODICOMAR":"34","NOMCOMAR":"Selva"}},{"type":"Feature","geometry":{"type":"Polygon","coordinates":[[[2.90785,42.35556999999999],[2.8793700000000007,42.34649000000001],[2.87287,42.33489999999999],[2.8997900000000003,42.32560999999999],[2.9260000000000006,42.33613999999999],[2.9415599999999995,42.33121],[2.90785,42.35556999999999]]]},"properties":{"CODIMUNI":"172348","NOMMUNI":"Biure","CODICOMAR":"02","NOMCOMAR":"Alt Empordà"}},{"type":"Feature","geometry":{"type":"Polygon","coordinates":[[[2.99594,41.990129999999986],[2.94967,41.97297],[2.94565,41.93933],[2.91384,41.929949999999984],[2.89788,41.93290000000001],[2.9022800000000006,41.91897000000001],[2.88545,41.90941999999999],[2.8956,41.90142000000001],[2.93631,41.89794],[2.94642,41.88707999999999],[2.98633,41.88484999999999],[3.0219600000000004,41.86871],[3.0450600000000003,41.872209999999995],[3.06241,41.88422],[3.0533199999999994,41.90106000000001],[3.0330900000000005,41.9055],[3.02159,41.922180000000004],[3.02862,41.971039999999995],[3.01469,41.971019999999996],[2.99594,41.990129999999986]]]},"properties":{"CODIMUNI":"179011","NOMMUNI":"Cruïlles, Monells i Sant Sadurní de l'Heura","CODICOMAR":"10","NOMCOMAR":"Baix Empordà"}},{"type":"Feature","geometry":{"type":"Polygon","coordinates":[[[3.09837,41.99078],[3.07592,41.98989],[3.0636999999999994,41.97200000000001],[3.04385,41.96648],[3.04936,41.94022999999999],[3.0615999999999994,41.93105],[3.0544,41.89825],[3.07572,41.89977],[3.0960999999999994,41.88866999999998],[3.11195,41.899379999999994],[3.12715,41.894200000000005],[3.11155,41.959079999999986],[3.1024399999999996,41.96056000000001],[3.11157,41.9695],[3.09837,41.99078]]]},"properties":{"CODIMUNI":"179026","NOMMUNI":"Forallac","CODICOMAR":"10","NOMCOMAR":"Baix Empordà"}},{"type":"Feature","geometry":{"type":"Polygon","coordinates":[[[2.65289,41.99282000000001],[2.6400299999999994,41.98058],[2.6269799999999996,41.98257000000001],[2.63163,41.9635],[2.6566500000000004,41.96110999999999],[2.6726000000000005,41.96708000000001],[2.66587,41.98858],[2.65289,41.99282000000001]]]},"properties":{"CODIMUNI":"179032","NOMMUNI":"Sant Julià del Llor i Bonmatí","CODICOMAR":"34","NOMCOMAR":"Selva"}},{"type":"Feature","geometry":{"type":"Polygon","coordinates":[[[1.1424500000000009,42.228809999999996],[1.1253100000000005,42.2287],[1.0976699999999997,42.21398],[1.0909599999999997,42.20152000000001],[1.0980999999999994,42.19202],[1.0606100000000012,42.18608999999999],[1.0401300000000004,42.159289999999984],[1.0587299999999993,42.15077],[1.05538,42.127209999999984],[1.12298,42.14628],[1.13635,42.14669],[1.1486300000000003,42.13347999999999],[1.1603800000000006,42.13975],[1.1613300000000009,42.151599999999995],[1.1737,42.1536],[1.1865300000000005,42.17575],[1.1605100000000004,42.19004999999999],[1.1682200000000005,42.21540999999999],[1.1424500000000009,42.228809999999996]]]},"properties":{"CODIMUNI":"250019","NOMMUNI":"Abella de la Conca","CODICOMAR":"25","NOMCOMAR":"Pallars Jussà"}},{"type":"Feature","geometry":{"type":"Polygon","coordinates":[[[0.6808800000000006,42.07555],[0.668690000000001,42.042989999999996],[0.6568900000000002,42.040099999999995],[0.6524700000000007,42.0232],[0.6613399999999995,42.01041000000001],[0.6418600000000005,41.98201],[0.6658900000000002,41.972970000000004],[0.6661999999999998,41.961439999999996],[0.6559899999999999,41.955369999999995],[0.6712399999999998,41.939640000000004],[0.713050000000001,41.94519],[0.7426800000000008,41.930339999999994],[0.7693399999999998,41.955439999999996],[0.8116200000000003,41.96597],[0.8053900000000007,41.99815999999999],[0.8163199999999998,42.001000000000005],[0.8011800000000002,42.021640000000005],[0.8391900000000007,42.02644999999998],[0.8507199999999999,42.00383],[0.8761700000000006,42.009359999999994],[0.8890000000000006,42.043049999999994],[0.8640900000000001,42.03576],[0.7634099999999996,42.03998],[0.7429400000000007,42.05257999999999],[0.6940700000000007,42.05929],[0.6808800000000006,42.07555]]]},"properties":{"CODIMUNI":"250024","NOMMUNI":"Àger","CODICOMAR":"23","NOMCOMAR":"Noguera"}},{"type":"Feature","geometry":{"type":"MultiPolygon","coordinates":[[[[1.10448,41.85555],[1.0606800000000005,41.792950000000005],[1.0333600000000007,41.76882],[1.0151100000000002,41.776540000000004],[0.9960399999999995,41.75796999999999],[1.0042500000000003,41.76302],[1.0373899999999998,41.75414],[0.9843400000000003,41.7317],[1.0272799999999993,41.72531000000001],[1.0288400000000004,41.71732],[1.05324,41.72688],[1.0859999999999999,41.75406999999999],[1.0968100000000007,41.7548],[1.11721,41.791259999999994],[1.1385700000000003,41.795069999999996],[1.1511200000000013,41.82014999999999],[1.1335399999999993,41.80444000000001],[1.0986099999999999,41.8117],[1.1031199999999994,41.82774],[1.1142400000000003,41.82155999999999],[1.1245400000000005,41.83301],[1.1207400000000005,41.84893999999999],[1.10448,41.85555]]],[[[1.0666000000000013,41.83523],[1.0454100000000008,41.858329999999995],[1.02091,41.85031],[1.0269400000000004,41.82017999999999],[1.05443,41.83704],[1.0666000000000013,41.83523]]]]},"properties":{"CODIMUNI":"250030","NOMMUNI":"Agramunt","CODICOMAR":"38","NOMCOMAR":"Urgell"}},{"type":"Feature","geometry":{"type":"MultiPolygon","coordinates":[[[[0.7828100000000002,41.58231],[0.8038400000000001,41.590149999999994],[0.81675,41.61456],[0.7825800000000005,41.60926],[0.7670299999999999,41.58752],[0.7828100000000002,41.58231]]],[[[0.7323600000000012,41.631539999999994],[0.7198399999999996,41.62393],[0.7253200000000001,41.595019999999984],[0.7424700000000006,41.58503],[0.7613900000000005,41.58780999999999],[0.7487200000000009,41.62919],[0.7323600000000012,41.631539999999994]]]]},"properties":{"CODIMUNI":"250045","NOMMUNI":"els Alamús","CODICOMAR":"33","NOMCOMAR":"Segrià"}},{"type":"Feature","geometry":{"type":"Polygon","coordinates":[[[1.5304600000000002,42.36265000000001],[1.51987,42.35670999999999],[1.48854,42.358360000000005],[1.4875200000000002,42.34507],[1.4617000000000002,42.33530999999999],[1.4716100000000008,42.31512],[1.45685,42.30599000000001],[1.45744,42.29361],[1.47379,42.28849999999999],[1.5180800000000005,42.30394],[1.5510100000000002,42.289849999999994],[1.5538600000000005,42.28208999999999],[1.58047,42.28655],[1.5683400000000007,42.31203000000001],[1.56881,42.346399999999996],[1.5572700000000002,42.35869999999999],[1.5304600000000002,42.36265000000001]],[[1.4943999999999993,42.348470000000006],[1.5015499999999997,42.34210999999999],[1.5005200000000003,42.338029999999996],[1.49325,42.341699999999996],[1.4943999999999993,42.348470000000006]]]},"properties":{"CODIMUNI":"250058","NOMMUNI":"Alàs i Cerc","CODICOMAR":"04","NOMCOMAR":"Alt Urgell"}},{"type":"Feature","geometry":{"type":"Polygon","coordinates":[[[0.7270199999999998,41.46987],[0.7154000000000001,41.45730999999999],[0.7252399999999994,41.41648999999999],[0.7342600000000001,41.42298],[0.7620499999999997,41.41642000000001],[0.7567200000000004,41.43269999999999],[0.7631200000000004,41.44284999999999],[0.7858000000000006,41.429829999999995],[0.7885700000000002,41.44232],[0.7981199999999997,41.442840000000004],[0.7866499999999996,41.46728],[0.7270199999999998,41.46987]]]},"properties":{"CODIMUNI":"250061","NOMMUNI":"l'Albagés","CODICOMAR":"18","NOMCOMAR":"Garrigues"}},{"type":"Feature","geometry":{"type":"Polygon","coordinates":[[[0.6166900000000011,41.58030999999999],[0.5910400000000008,41.57377999999999],[0.6042100000000001,41.550449999999984],[0.62134,41.54466],[0.6437100000000006,41.572959999999995],[0.6166900000000011,41.58030999999999]]]},"properties":{"CODIMUNI":"250077","NOMMUNI":"Albatàrrec","CODICOMAR":"33","NOMCOMAR":"Segrià"}},{"type":"Feature","geometry":{"type":"Polygon","coordinates":[[[0.6735100000000007,41.79264999999999],[0.6152999999999997,41.7752],[0.6720600000000007,41.71875],[0.6891199999999992,41.72869000000001],[0.7017700000000003,41.72529999999999],[0.7124800000000002,41.767399999999995],[0.6735100000000007,41.79264999999999]]]},"properties":{"CODIMUNI":"250083","NOMMUNI":"Albesa","CODICOMAR":"23","NOMCOMAR":"Noguera"}},{"type":"Feature","geometry":{"type":"Polygon","coordinates":[[[0.9131200000000002,41.46809],[0.8931600000000002,41.465859999999985],[0.8884200000000004,41.45806999999999],[0.8959800000000006,41.44881],[0.8857400000000009,41.43981000000001],[0.8998400000000004,41.43342],[0.8915700000000009,41.416689999999996],[0.9200000000000004,41.40121],[0.9682500000000003,41.41052],[0.9583900000000006,41.41699],[0.9558800000000002,41.440389999999994],[0.9131200000000002,41.46809]]]},"properties":{"CODIMUNI":"250096","NOMMUNI":"l'Albi","CODICOMAR":"18","NOMCOMAR":"Garrigues"}},{"type":"Feature","geometry":{"type":"Polygon","coordinates":[[[0.6262000000000003,41.49244],[0.5953200000000006,41.48944999999999],[0.5988900000000003,41.45311],[0.6094000000000013,41.44769],[0.6635000000000011,41.45775],[0.664260000000001,41.47321999999999],[0.6262000000000003,41.49244]]]},"properties":{"CODIMUNI":"250100","NOMMUNI":"Alcanó","CODICOMAR":"33","NOMCOMAR":"Segrià"}},{"type":"Feature","geometry":{"type":"MultiPolygon","coordinates":[[[[0.5066799999999997,41.54332],[0.5018800000000004,41.55512999999999],[0.4908900000000003,41.5583],[0.5066799999999997,41.54332]]],[[[0.47843000000000024,41.65785],[0.4489100000000004,41.65515],[0.435980000000001,41.638080000000016],[0.42502000000000095,41.642599999999995],[0.36446000000000095,41.635439999999996],[0.3468000000000007,41.622389999999996],[0.3497900000000011,41.599549999999994],[0.40220999999999957,41.59262],[0.42881000000000064,41.602199999999996],[0.43371000000000015,41.59336999999999],[0.5247099999999999,41.554069999999996],[0.5495000000000005,41.55771000000001],[0.56492,41.568949999999994],[0.5367000000000006,41.620239999999995],[0.5167199999999998,41.63859],[0.5180100000000009,41.64831],[0.47843000000000024,41.65785]]]]},"properties":{"CODIMUNI":"250117","NOMMUNI":"Alcarràs","CODICOMAR":"33","NOMCOMAR":"Segrià"}},{"type":"Feature","geometry":{"type":"Polygon","coordinates":[[[0.6954000000000001,41.666329999999995],[0.6605900000000006,41.657849999999996],[0.6783800000000008,41.64506],[0.66841,41.634449999999994],[0.6738400000000007,41.63071999999998],[0.7008800000000002,41.629340000000006],[0.7286900000000001,41.63793999999999],[0.7363000000000004,41.64835],[0.7369000000000009,41.65832],[0.6954000000000001,41.666329999999995]]]},"properties":{"CODIMUNI":"250122","NOMMUNI":"Alcoletge","CODICOMAR":"33","NOMCOMAR":"Segrià"}},{"type":"Feature","geometry":{"type":"Polygon","coordinates":[[[0.5582800000000004,41.853429999999996],[0.54199,41.820119999999996],[0.5873900000000009,41.808589999999995],[0.5780200000000001,41.826919999999994],[0.5800300000000003,41.850809999999996],[0.5582800000000004,41.853429999999996]]]},"properties":{"CODIMUNI":"250138","NOMMUNI":"Alfarràs","CODICOMAR":"33","NOMCOMAR":"Segrià"}},{"type":"Feature","geometry":{"type":"Polygon","coordinates":[[[0.6573199999999992,41.55073000000001],[0.6317500000000004,41.553979999999996],[0.6150399999999998,41.533060000000006],[0.6092900000000009,41.535109999999996],[0.5953200000000006,41.48944999999999],[0.6262000000000003,41.49244],[0.6646100000000001,41.47319999999999],[0.6740400000000007,41.482459999999996],[0.6566100000000002,41.491049999999994],[0.6523200000000003,41.50283999999999],[0.6548600000000009,41.51487999999999],[0.6636000000000001,41.51565000000001],[0.6573199999999992,41.55073000000001]]]},"properties":{"CODIMUNI":"250143","NOMMUNI":"Alfés","CODICOMAR":"33","NOMCOMAR":"Segrià"}},{"type":"Feature","geometry":{"type":"Polygon","coordinates":[[[0.6539899999999994,41.88286],[0.6234000000000002,41.870129999999996],[0.6203100000000008,41.83864],[0.5789300000000003,41.82496],[0.6152999999999997,41.7752],[0.6721499999999999,41.7942],[0.6709300000000009,41.82458999999999],[0.6809499999999999,41.84243000000001],[0.6591700000000008,41.853190000000005],[0.6631600000000001,41.86831999999999],[0.6539899999999994,41.88286]]]},"properties":{"CODIMUNI":"250156","NOMMUNI":"Algerri","CODICOMAR":"23","NOMCOMAR":"Noguera"}},{"type":"Feature","geometry":{"type":"Polygon","coordinates":[[[0.62911,41.76082],[0.6213000000000001,41.76635],[0.5874800000000009,41.75726],[0.5176299999999996,41.76283000000001],[0.4912199999999995,41.74791999999999],[0.5179500000000006,41.71784000000001],[0.5920000000000002,41.71082],[0.60858,41.72256],[0.6256499999999999,41.723479999999995],[0.62059,41.74048],[0.62911,41.76082]]]},"properties":{"CODIMUNI":"250169","NOMMUNI":"Alguaire","CODICOMAR":"33","NOMCOMAR":"Segrià"}},{"type":"Feature","geometry":{"type":"Polygon","coordinates":[[[1.3932,42.66897999999999],[1.37079,42.66640000000001],[1.35047,42.64594],[1.3147300000000004,42.64585],[1.2945599999999997,42.603320000000004],[1.2986200000000008,42.572669999999995],[1.26794,42.564949999999996],[1.2456200000000002,42.54290999999999],[1.2427000000000006,42.53066],[1.26081,42.516100000000016],[1.3303999999999998,42.50612],[1.3554100000000002,42.51864],[1.3836200000000003,42.51462],[1.3944200000000004,42.52642000000001],[1.40754,42.52745],[1.4240900000000005,42.55693999999999],[1.4422400000000002,42.5654],[1.4264800000000006,42.58279999999999],[1.4430200000000004,42.60276],[1.4206300000000003,42.62479],[1.4137600000000001,42.65523999999999],[1.3932,42.66897999999999]]]},"properties":{"CODIMUNI":"250175","NOMMUNI":"Alins","CODICOMAR":"26","NOMCOMAR":"Pallars Sobirà"}},{"type":"Feature","geometry":{"type":"Polygon","coordinates":[[[0.46447999999999945,41.763310000000004],[0.3990600000000011,41.755839999999985],[0.39524000000000126,41.73181999999999],[0.4586300000000003,41.70322999999999],[0.5029000000000002,41.69440000000001],[0.5166799999999991,41.72616000000001],[0.5042300000000008,41.72683999999999],[0.4932599999999998,41.74583],[0.46447999999999945,41.763310000000004]]]},"properties":{"CODIMUNI":"250194","NOMMUNI":"Almacelles","CODICOMAR":"33","NOMCOMAR":"Segrià"}},{"type":"Feature","geometry":{"type":"Polygon","coordinates":[[[0.43818000000000057,41.36016],[0.4077800000000008,41.36025000000001],[0.3987499999999998,41.35239],[0.3738199999999987,41.349830000000004],[0.3495000000000002,41.33085],[0.36820000000000014,41.31887999999999],[0.3654700000000005,41.30371999999999],[0.3856900000000004,41.27855],[0.4327299999999999,41.2762],[0.4346199999999999,41.3203],[0.4655000000000012,41.34131999999999],[0.43818000000000057,41.36016]]]},"properties":{"CODIMUNI":"250208","NOMMUNI":"Almatret","CODICOMAR":"33","NOMCOMAR":"Segrià"}},{"type":"Feature","geometry":{"type":"Polygon","coordinates":[[[0.5156800000000001,41.82202],[0.4745400000000003,41.788619999999995],[0.46447999999999945,41.763310000000004],[0.48192000000000085,41.74819],[0.4932599999999998,41.74583],[0.5001200000000005,41.757070000000006],[0.5176299999999996,41.76283000000001],[0.5874800000000009,41.75726],[0.6213000000000001,41.76635],[0.5876200000000003,41.808269999999986],[0.5156800000000001,41.82202]]]},"properties":{"CODIMUNI":"250215","NOMMUNI":"Almenar","CODICOMAR":"33","NOMCOMAR":"Segrià"}},{"type":"Feature","geometry":{"type":"Polygon","coordinates":[[[0.9413500000000005,41.977669999999996],[0.9072500000000002,41.96189999999999],[0.8902400000000007,41.90573],[0.9305099999999998,41.88542999999999],[0.9372200000000003,41.87266999999999],[0.9586500000000006,41.86809999999999],[0.985700000000001,41.87366999999998],[0.9768700000000006,41.88522],[0.9803200000000005,41.90163],[0.9892899999999996,41.909589999999994],[0.9996999999999999,41.90676],[0.9876900000000008,41.91951999999999],[0.9910400000000006,41.94716999999999],[0.9413500000000005,41.977669999999996]]]},"properties":{"CODIMUNI":"250220","NOMMUNI":"Alòs de Balaguer","CODICOMAR":"23","NOMCOMAR":"Noguera"}},{"type":"Feature","geometry":{"type":"Polygon","coordinates":[[[0.5609600000000003,41.69349999999999],[0.5286700000000011,41.67716999999998],[0.5247999999999999,41.66554000000001],[0.5679700000000006,41.64559],[0.58646,41.67116999999999],[0.5609600000000003,41.69349999999999]]]},"properties":{"CODIMUNI":"250236","NOMMUNI":"Alpicat","CODICOMAR":"33","NOMCOMAR":"Segrià"}},{"type":"Feature","geometry":{"type":"Polygon","coordinates":[[[1.0784400000000005,42.788329999999995],[1.0474699999999995,42.78102],[1.03723,42.78695],[1.0272800000000002,42.766310000000004],[1.0285400000000002,42.70999],[1.0060400000000005,42.712849999999996],[0.9761600000000005,42.69338],[0.9862200000000001,42.68391999999999],[0.9608900000000009,42.630799999999994],[0.96938,42.617990000000006],[0.9639700000000001,42.60365],[0.9893600000000008,42.609449999999995],[1.0075499999999995,42.60305999999999],[1.0132800000000004,42.592639999999996],[1.0391600000000005,42.5991],[1.0739600000000014,42.59340999999999],[1.09318,42.60936],[1.1192300000000004,42.61352000000001],[1.1120900000000005,42.62570999999999],[1.1213500000000007,42.63132],[1.1112400000000002,42.64175],[1.13479,42.64445],[1.1228100000000005,42.67259],[1.17067,42.70721999999999],[1.1333900000000006,42.72808],[1.1288200000000006,42.75468999999999],[1.0784400000000005,42.788329999999995]]]},"properties":{"CODIMUNI":"250241","NOMMUNI":"Alt Àneu","CODICOMAR":"26","NOMCOMAR":"Pallars Sobirà"}},{"type":"Feature","geometry":{"type":"Polygon","coordinates":[[[0.8802000000000005,42.81493999999999],[0.8738400000000002,42.80573],[0.8891800000000002,42.7961],[0.9032599999999997,42.77027],[0.8692400000000006,42.736439999999995],[0.8287399999999996,42.71329],[0.8430900000000005,42.6962],[0.8388600000000007,42.67313],[0.8524099999999994,42.67236999999999],[0.8421900000000009,42.64965999999999],[0.7900000000000009,42.63851],[0.8263100000000005,42.60527999999999],[0.8815200000000005,42.631080000000004],[0.8955299999999996,42.6259],[0.8953600000000005,42.612239999999986],[0.9120200000000002,42.60679],[0.9186800000000004,42.59278],[0.9418300000000004,42.58939999999999],[0.9688100000000005,42.60886],[0.9608900000000009,42.630799999999994],[0.9862200000000001,42.68391999999999],[0.9761600000000005,42.69338],[1.0060400000000005,42.712849999999996],[1.0285400000000002,42.70999],[1.0272800000000002,42.766310000000004],[1.03723,42.78695],[0.9829500000000003,42.78691],[0.9602300000000005,42.805899999999994],[0.9260199999999998,42.789449999999995],[0.8802000000000005,42.81493999999999]]]},"properties":{"CODIMUNI":"250254","NOMMUNI":"Naut Aran","CODICOMAR":"39","NOMCOMAR":"Val d'Aran"}},{"type":"Feature","geometry":{"type":"Polygon","coordinates":[[[1.0417199999999998,41.69489],[1.0341399999999996,41.69015],[1.0416200000000004,41.687549999999995],[1.0371,41.678929999999994],[1.02499,41.67489],[1.0402800000000008,41.634269999999994],[1.0927100000000003,41.65329],[1.0932400000000002,41.67366],[1.1096000000000008,41.68729],[1.0864199999999995,41.67649],[1.069030000000001,41.67813000000001],[1.0417199999999998,41.69489]]]},"properties":{"CODIMUNI":"250273","NOMMUNI":"Anglesola","CODICOMAR":"38","NOMCOMAR":"Urgell"}},{"type":"Feature","geometry":{"type":"Polygon","coordinates":[[[0.9203699999999996,41.58843],[0.8879800000000004,41.573309999999985],[0.8909300000000008,41.5268],[0.9128399999999999,41.514030000000005],[0.9126799999999997,41.52568999999999],[0.9340200000000005,41.5068],[0.9269600000000013,41.48434],[0.93773,41.47794],[0.9487899999999994,41.510839999999995],[0.9755700000000009,41.510999999999996],[0.98767,41.54678],[0.9617200000000011,41.56864999999999],[0.9686400000000006,41.57784],[0.9203699999999996,41.58843]]]},"properties":{"CODIMUNI":"250292","NOMMUNI":"Arbeca","CODICOMAR":"18","NOMCOMAR":"Garrigues"}},{"type":"Feature","geometry":{"type":"Polygon","coordinates":[[[1.6044600000000002,42.42221],[1.5644900000000004,42.389480000000006],[1.5597300000000007,42.366969999999995],[1.5978200000000005,42.36793000000001],[1.6236999999999995,42.332690000000014],[1.65314,42.35027],[1.65676,42.37846],[1.64603,42.39886],[1.6044600000000002,42.42221]]]},"properties":{"CODIMUNI":"250306","NOMMUNI":"el Pont de Bar","CODICOMAR":"04","NOMCOMAR":"Alt Urgell"}},{"type":"Feature","geometry":{"type":"Polygon","coordinates":[[[0.7157300000000009,42.77805],[0.6946599999999995,42.770120000000006],[0.6943699999999998,42.75376],[0.6613799999999997,42.750599999999984],[0.6674600000000007,42.73848999999999],[0.6980300000000008,42.7537],[0.7111500000000005,42.74735],[0.7298599999999997,42.76503999999999],[0.7518600000000013,42.77177999999999],[0.7157300000000009,42.77805]]]},"properties":{"CODIMUNI":"250313","NOMMUNI":"Arres","CODICOMAR":"39","NOMCOMAR":"Val d'Aran"}},{"type":"Feature","geometry":{"type":"Polygon","coordinates":[[[1.59255,42.36797],[1.5572700000000002,42.35869999999999],[1.56881,42.346399999999996],[1.5654999999999997,42.33233],[1.6116300000000001,42.34946999999998],[1.59255,42.36797]]]},"properties":{"CODIMUNI":"250328","NOMMUNI":"Arsèguel","CODICOMAR":"04","NOMCOMAR":"Alt Urgell"}},{"type":"Feature","geometry":{"type":"Polygon","coordinates":[[[0.6748200000000009,41.57563],[0.6669200000000005,41.5648],[0.6894300000000009,41.52459],[0.67649,41.511239999999994],[0.6959300000000006,41.49981999999999],[0.73245,41.57071],[0.6933199999999999,41.56826],[0.6748200000000009,41.57563]]]},"properties":{"CODIMUNI":"250334","NOMMUNI":"Artesa de Lleida","CODICOMAR":"33","NOMCOMAR":"Segrià"}},{"type":"Feature","geometry":{"type":"Polygon","coordinates":[[[1.0985000000000007,42.06099],[1.0770300000000013,42.04561999999999],[1.0921100000000006,42.0282],[1.0829300000000002,42.00792],[1.1000500000000004,41.99806000000001],[1.1004900000000009,41.985020000000006],[1.0751599999999992,41.96407],[1.0624300000000002,41.93813],[1.04563,41.930699999999995],[1.0368300000000006,41.93814999999999],[1.0247600000000008,41.93498999999999],[1.03254,41.94896],[0.9878800000000008,41.97844],[0.9978000000000002,41.98735],[0.9703300000000001,41.98875],[0.9547800000000006,41.97102999999999],[0.9914999999999997,41.94654999999999],[0.9890200000000002,41.91503],[1.01183,41.90682999999999],[1.0145599999999997,41.8929],[1.0375799999999997,41.89679],[1.0403900000000004,41.857200000000006],[1.055360000000001,41.857549999999996],[1.06158,41.84899],[1.0690800000000003,41.81292],[1.0994999999999993,41.85668999999999],[1.1207400000000005,41.84893999999999],[1.13711,41.85880999999999],[1.13138,41.87592999999999],[1.14001,41.89432000000001],[1.1213300000000004,41.89399],[1.1199700000000006,41.89958],[1.1265900000000004,41.92706],[1.141250000000001,41.94722],[1.15096,41.94104],[1.1660900000000005,41.95295],[1.1706400000000008,41.965039999999995],[1.1684300000000007,41.979089999999985],[1.1440600000000012,42.00386000000001],[1.1564500000000009,42.01315999999999],[1.1098500000000007,42.03918],[1.0985000000000007,42.06099]]]},"properties":{"CODIMUNI":"250349","NOMMUNI":"Artesa de Segre","CODICOMAR":"23","NOMCOMAR":"Noguera"}},{"type":"Feature","geometry":{"type":"Polygon","coordinates":[[[0.9028499999999995,41.8313],[0.8827900000000001,41.8179],[0.8316400000000007,41.81938],[0.8267000000000001,41.80310999999998],[0.8455900000000003,41.80296],[0.8307300000000005,41.79651999999999],[0.8609100000000003,41.79023999999999],[0.8533599999999999,41.77781999999999],[0.8808800000000006,41.768539999999994],[0.8878000000000003,41.78866999999999],[0.910500000000001,41.784769999999995],[0.9088400000000008,41.80187000000001],[0.9273600000000002,41.83119],[0.9028499999999995,41.8313]]]},"properties":{"CODIMUNI":"250352","NOMMUNI":"la Sentiu de Sió","CODICOMAR":"23","NOMCOMAR":"Noguera"}},{"type":"Feature","geometry":{"type":"Polygon","coordinates":[[[0.6644500000000004,41.515299999999996],[0.6524300000000007,41.507409999999986],[0.6566100000000002,41.491049999999994],[0.6694600000000003,41.48987999999999],[0.6777999999999998,41.47722999999999],[0.6924100000000002,41.47683],[0.6959300000000006,41.49981999999999],[0.6644500000000004,41.515299999999996]]]},"properties":{"CODIMUNI":"250365","NOMMUNI":"Aspa","CODICOMAR":"33","NOMCOMAR":"Segrià"}},{"type":"Feature","geometry":{"type":"Polygon","coordinates":[[[0.8398800000000001,41.97963],[0.7962999999999999,41.95935999999999],[0.7693399999999998,41.955439999999996],[0.7426800000000008,41.930339999999994],[0.7065799999999994,41.94524],[0.6851300000000007,41.9392],[0.6730299999999999,41.92211999999999],[0.7113800000000007,41.89832],[0.7377600000000002,41.89926],[0.7656900000000003,41.88724],[0.7609699999999997,41.866109999999985],[0.7689100000000004,41.851669999999984],[0.7826300000000006,41.854690000000005],[0.7954500000000008,41.87552],[0.8200000000000007,41.88161999999999],[0.8257899999999999,41.89385],[0.8655600000000009,41.89481999999999],[0.8786500000000004,41.90299999999999],[0.8804200000000002,41.90953],[0.8529000000000003,41.9092],[0.8632600000000002,41.91949999999999],[0.8398800000000001,41.97963]]]},"properties":{"CODIMUNI":"250371","NOMMUNI":"les Avellanes i Santa Linya","CODICOMAR":"23","NOMCOMAR":"Noguera"}},{"type":"Feature","geometry":{"type":"Polygon","coordinates":[[[0.43408000000000124,41.53112999999999],[0.39452000000000176,41.48970999999999],[0.4547900000000005,41.45341],[0.46234000000000053,41.431799999999996],[0.48142000000000135,41.43101999999999],[0.4929700000000013,41.44653999999999],[0.50773,41.43435000000001],[0.5289600000000003,41.431909999999995],[0.5414700000000006,41.446799999999996],[0.5350899999999997,41.46975],[0.5055199999999994,41.49452],[0.47446000000000044,41.50192],[0.43408000000000124,41.53112999999999]]]},"properties":{"CODIMUNI":"250387","NOMMUNI":"Aitona","CODICOMAR":"33","NOMCOMAR":"Segrià"}},{"type":"Feature","geometry":{"type":"Polygon","coordinates":[[[1.0250200000000007,42.36866000000001],[1.0436699999999992,42.41763000000001],[1.0272400000000006,42.41182],[1.0053400000000008,42.3891],[0.9918599999999994,42.347710000000006],[0.9762499999999997,42.33851],[0.9576099999999996,42.33892999999999],[0.9523299999999997,42.32784],[0.9672800000000003,42.3116],[0.973550000000001,42.313669999999995],[0.9772799999999996,42.29708],[1.0648899999999994,42.275929999999995],[1.116300000000001,42.27301],[1.1513299999999995,42.25905],[1.15733,42.278459999999995],[1.1225300000000002,42.29560000000001],[1.1343999999999992,42.307370000000006],[1.1653800000000003,42.309279999999994],[1.17476,42.327639999999995],[1.1512400000000005,42.34152],[1.06585,42.33415],[1.0677800000000002,42.34903999999999],[1.0250200000000007,42.36866000000001]]]},"properties":{"CODIMUNI":"250390","NOMMUNI":"Baix Pallars","CODICOMAR":"26","NOMCOMAR":"Pallars Sobirà"}},{"type":"Feature","geometry":{"type":"MultiPolygon","coordinates":[[[[0.8067900000000013,41.803990000000006],[0.7640700000000005,41.826789999999995],[0.7602100000000003,41.80533],[0.7336800000000004,41.77882999999999],[0.7391900000000006,41.75182],[0.764920000000001,41.73017],[0.7732999999999994,41.73174],[0.7769500000000006,41.75008999999999],[0.8084500000000003,41.76641],[0.82276,41.76171],[0.8390100000000006,41.77174],[0.81869,41.78203],[0.8218999999999989,41.797370000000015],[0.845540000000001,41.802629999999986],[0.8267000000000001,41.80310999999998],[0.83242,41.82005],[0.80995,41.81673],[0.8067900000000013,41.803990000000006]]],[[[0.9151900000000006,41.78413],[0.9274300000000003,41.80532000000001],[0.9273600000000002,41.83119],[0.9076000000000006,41.79793],[0.9151900000000006,41.78413]]]]},"properties":{"CODIMUNI":"250404","NOMMUNI":"Balaguer","CODICOMAR":"23","NOMCOMAR":"Noguera"}},{"type":"Feature","geometry":{"type":"MultiPolygon","coordinates":[[[[1.0416300000000005,41.68747],[1.0197600000000002,41.69593],[1.0062500000000005,41.67805],[1.0257299999999996,41.67039],[1.0416300000000005,41.68747]]],[[[1.1001400000000006,41.702729999999995],[1.07866,41.7021],[1.0552200000000003,41.68279],[1.0773600000000008,41.686789999999995],[1.1001400000000006,41.702729999999995]]]]},"properties":{"CODIMUNI":"250411","NOMMUNI":"Barbens","CODICOMAR":"27","NOMCOMAR":"Pla d'Urgell"}},{"type":"Feature","geometry":{"type":"Polygon","coordinates":[[[1.1660599999999999,42.12305],[1.1366900000000004,42.11556999999999],[1.097600000000001,42.062],[1.1098500000000007,42.03918],[1.1564500000000009,42.01315999999999],[1.1440600000000012,42.00386000000001],[1.1684300000000007,41.979089999999985],[1.1684399999999997,41.95678],[1.1599700000000008,41.95116000000001],[1.1712900000000002,41.93466],[1.16457,41.92568],[1.1834300000000002,41.92293999999999],[1.20211,41.93237],[1.19194,41.94222],[1.2283700000000004,41.96134],[1.2636800000000001,41.99761],[1.23653,42.02035999999999],[1.242,42.0529],[1.22097,42.079600000000006],[1.2108199999999996,42.07656000000001],[1.2000400000000004,42.089999999999996],[1.1667399999999999,42.082339999999995],[1.1660599999999999,42.12305]]]},"properties":{"CODIMUNI":"250426","NOMMUNI":"la Baronia de Rialb","CODICOMAR":"23","NOMCOMAR":"Noguera"}},{"type":"Feature","geometry":{"type":"Polygon","coordinates":[[[0.87854,42.63191],[0.8263100000000005,42.60527999999999],[0.8238200000000001,42.59423],[0.80231,42.59060000000001],[0.7930000000000007,42.577189999999995],[0.7940500000000006,42.548429999999996],[0.7742599999999996,42.541329999999995],[0.7576099999999998,42.50651],[0.73986,42.50047],[0.7664300000000002,42.460260000000005],[0.77998,42.46599],[0.8544000000000004,42.45443999999999],[0.8804700000000003,42.46013000000001],[0.8931500000000003,42.47911],[0.921550000000001,42.48508999999999],[0.9225699999999996,42.5083],[0.9570400000000001,42.529630000000004],[0.9546200000000005,42.538790000000006],[0.9727299999999993,42.551749999999984],[0.9692700000000012,42.57409999999999],[0.9186800000000004,42.59278],[0.9120200000000002,42.60679],[0.8953600000000005,42.612239999999986],[0.8955299999999996,42.6259],[0.87854,42.63191]]]},"properties":{"CODIMUNI":"250432","NOMMUNI":"la Vall de Boí","CODICOMAR":"05","NOMCOMAR":"Alta Ribagorça"}},{"type":"Feature","geometry":{"type":"MultiPolygon","coordinates":[[[[1.3131000000000008,41.98715999999999],[1.32235,41.98617],[1.3194100000000004,41.99157],[1.3131000000000008,41.98715999999999]]],[[[1.3640600000000003,42.04292],[1.3577700000000006,42.07749],[1.3182500000000004,42.04234999999999],[1.2403599999999992,42.03463],[1.2367200000000003,42.02003],[1.2636800000000001,41.99761],[1.2486499999999998,41.93944],[1.2908600000000001,41.95793],[1.3069600000000001,41.99406],[1.3328100000000005,41.99088999999999],[1.3626300000000002,42.00001999999999],[1.35563,42.022639999999996],[1.3640600000000003,42.04292]]]]},"properties":{"CODIMUNI":"250447","NOMMUNI":"Bassella","CODICOMAR":"04","NOMCOMAR":"Alt Urgell"}},{"type":"Feature","geometry":{"type":"Polygon","coordinates":[[[0.7216300000000002,42.859279999999984],[0.6782399999999998,42.85478999999999],[0.6781200000000005,42.84767999999999],[0.6592100000000003,42.83856],[0.6627200000000001,42.82831999999999],[0.724780000000001,42.82495000000001],[0.73632,42.848949999999995],[0.7216300000000002,42.859279999999984]]]},"properties":{"CODIMUNI":"250450","NOMMUNI":"Bausen","CODICOMAR":"39","NOMCOMAR":"Val d'Aran"}},{"type":"Feature","geometry":{"type":"Polygon","coordinates":[[[1.0039900000000004,41.59849],[0.9643999999999999,41.57936],[0.9617200000000011,41.56864999999999],[0.9866900000000003,41.550059999999995],[1.025760000000001,41.558179999999986],[0.9984500000000001,41.58925],[1.0039900000000004,41.59849]]]},"properties":{"CODIMUNI":"250463","NOMMUNI":"Belianes","CODICOMAR":"38","NOMCOMAR":"Urgell"}},{"type":"Feature","geometry":{"type":"Polygon","coordinates":[[[0.89265,41.78842000000001],[0.8808800000000006,41.768539999999994],[0.8533599999999999,41.77781999999999],[0.8397500000000001,41.752669999999995],[0.8591500000000003,41.74174],[0.9245199999999998,41.73793],[0.9374999999999989,41.77085000000002],[0.89265,41.78842000000001]]]},"properties":{"CODIMUNI":"250479","NOMMUNI":"Bellcaire d'Urgell","CODICOMAR":"23","NOMCOMAR":"Noguera"}},{"type":"Feature","geometry":{"type":"Polygon","coordinates":[[[0.8254500000000009,41.64265999999999],[0.7642400000000004,41.66522],[0.7374500000000009,41.66165999999998],[0.7290600000000004,41.641189999999995],[0.7317000000000008,41.6317],[0.7487200000000009,41.62919],[0.7613900000000005,41.58780999999999],[0.7825800000000005,41.60926],[0.822880000000001,41.61484999999999],[0.82346,41.62157],[0.8072800000000002,41.62266],[0.8254500000000009,41.64265999999999]]]},"properties":{"CODIMUNI":"250485","NOMMUNI":"Bell-lloc d'Urgell","CODICOMAR":"27","NOMCOMAR":"Pla d'Urgell"}},{"type":"Feature","geometry":{"type":"Polygon","coordinates":[[[0.9565000000000011,41.777609999999996],[0.9374999999999989,41.77085000000002],[0.9260200000000003,41.74819999999999],[0.9328700000000004,41.74741],[0.9428699999999993,41.765449999999994],[0.93868,41.74786],[0.9461699999999997,41.759080000000004],[0.9442600000000002,41.747789999999995],[0.9518900000000001,41.74654],[0.9565000000000011,41.777609999999996]]]},"properties":{"CODIMUNI":"250498","NOMMUNI":"Bellmunt d'Urgell","CODICOMAR":"23","NOMCOMAR":"Noguera"}},{"type":"Feature","geometry":{"type":"Polygon","coordinates":[[[1.0089000000000004,41.67784999999999],[0.99997,41.67095],[1.0066000000000002,41.66869],[1.0010000000000003,41.651089999999996],[0.9907300000000001,41.650670000000005],[0.9849100000000007,41.637039999999985],[0.9692300000000005,41.62952],[0.9763299999999996,41.585089999999994],[0.9956099999999997,41.59040000000001],[1.0001300000000006,41.59925],[1.00287,41.58746],[1.0165400000000004,41.61368],[1.0416099999999997,41.61822999999999],[1.0572200000000007,41.62964999999999],[1.0435400000000001,41.62838],[1.029200000000001,41.66817999999999],[1.0089000000000004,41.67784999999999]]]},"properties":{"CODIMUNI":"250501","NOMMUNI":"Bellpuig","CODICOMAR":"38","NOMCOMAR":"Urgell"}},{"type":"Feature","geometry":{"type":"Polygon","coordinates":[[[1.7308399999999997,42.47619000000001],[1.7088000000000008,42.45572],[1.7173200000000006,42.43399000000001],[1.7301500000000007,42.429429999999996],[1.7294400000000005,42.414759999999994],[1.7597699999999998,42.38098000000001],[1.7467199999999998,42.36539999999999],[1.71012,42.36426],[1.7360100000000003,42.33953999999999],[1.72305,42.283249999999995],[1.7408700000000001,42.29091],[1.7972000000000004,42.29462999999999],[1.8039400000000005,42.316189999999985],[1.8141299999999998,42.32113],[1.81515,42.34685000000001],[1.8242600000000004,42.35124999999999],[1.8147200000000006,42.37285999999999],[1.8064299999999998,42.37037],[1.80048,42.37753],[1.80723,42.418079999999996],[1.7946999999999997,42.43050999999999],[1.7690700000000006,42.42840999999999],[1.7318100000000005,42.440149999999996],[1.7308399999999997,42.47619000000001]]]},"properties":{"CODIMUNI":"250518","NOMMUNI":"Bellver de Cerdanya","CODICOMAR":"15","NOMCOMAR":"Cerdanya"}},{"type":"Feature","geometry":{"type":"MultiPolygon","coordinates":[[[[0.8568699999999997,41.71118],[0.8119800000000001,41.71267],[0.8095499999999995,41.70007000000001],[0.7782099999999994,41.69928],[0.7764300000000003,41.68817],[0.7636599999999998,41.685619999999986],[0.7642400000000004,41.66522],[0.7878100000000003,41.65072000000001],[0.8254500000000009,41.64265999999999],[0.8606400000000006,41.66676999999999],[0.8380400000000002,41.6718],[0.8473399999999996,41.69033999999999],[0.8646200000000006,41.684659999999994],[0.8568699999999997,41.71118]]],[[[0.86969,41.724869999999996],[0.8789200000000009,41.73239999999999],[0.8639599999999994,41.74097],[0.8527300000000004,41.72575],[0.86969,41.724869999999996]]]]},"properties":{"CODIMUNI":"250523","NOMMUNI":"Bellvís","CODICOMAR":"27","NOMCOMAR":"Pla d'Urgell"}},{"type":"Feature","geometry":{"type":"Polygon","coordinates":[[[0.6513900000000006,41.70725999999999],[0.6246099999999994,41.69902],[0.6171000000000005,41.702639999999995],[0.6147900000000005,41.69352],[0.6263499999999991,41.697540000000004],[0.6305599999999999,41.68699999999999],[0.65382,41.67718000000001],[0.6629199999999997,41.69238],[0.6513900000000006,41.70725999999999]]]},"properties":{"CODIMUNI":"250539","NOMMUNI":"Benavent de Segrià","CODICOMAR":"33","NOMCOMAR":"Segrià"}},{"type":"Feature","geometry":{"type":"Polygon","coordinates":[[[1.38344,41.92748999999998],[1.3628700000000002,41.923089999999995],[1.3513500000000005,41.90476000000001],[1.3399600000000007,41.90710999999999],[1.33533,41.90083],[1.3432399999999995,41.85983000000001],[1.3202000000000007,41.83029999999999],[1.358729999999999,41.81441],[1.37682,41.81431],[1.39779,41.833220000000004],[1.4065099999999995,41.87792999999999],[1.43046,41.90140000000001],[1.38344,41.92748999999998]]]},"properties":{"CODIMUNI":"250557","NOMMUNI":"Biosca","CODICOMAR":"35","NOMCOMAR":"Solsonès"}},{"type":"Feature","geometry":{"type":"Polygon","coordinates":[[[0.6370100000000004,41.34271],[0.6164400000000004,41.34043],[0.6126500000000004,41.329449999999994],[0.5943000000000008,41.31932],[0.5864999999999999,41.30718],[0.5970600000000006,41.29344999999999],[0.6281899999999997,41.29086],[0.6889900000000001,41.31141999999999],[0.6997100000000002,41.32124],[0.6986300000000005,41.32742999999999],[0.6370100000000004,41.34271]]]},"properties":{"CODIMUNI":"250560","NOMMUNI":"Bovera","CODICOMAR":"18","NOMCOMAR":"Garrigues"}},{"type":"Feature","geometry":{"type":"MultiPolygon","coordinates":[[[[0.68584,42.732549999999996],[0.679160000000001,42.73890999999999],[0.6674600000000007,42.73848999999999],[0.6703700000000008,42.73131],[0.68584,42.732549999999996]]],[[[0.68584,42.732549999999996],[0.6912499999999999,42.72556999999999],[0.6737500000000002,42.7174],[0.6825300000000002,42.70902000000001],[0.6767500000000004,42.69082],[0.7100700000000001,42.68854999999999],[0.7130700000000002,42.703790000000005],[0.74657,42.74492999999999],[0.7111500000000005,42.74735],[0.68584,42.732549999999996]]]]},"properties":{"CODIMUNI":"250576","NOMMUNI":"Es Bòrdes","CODICOMAR":"39","NOMCOMAR":"Val d'Aran"}},{"type":"Feature","geometry":{"type":"MultiPolygon","coordinates":[[[[0.9139600000000007,41.51418],[0.874020000000001,41.53611],[0.8658700000000005,41.52553],[0.8378100000000008,41.53406999999999],[0.82848,41.52594],[0.8451000000000005,41.46379999999999],[0.8850300000000003,41.44264999999999],[0.8959800000000006,41.44881],[0.8931600000000002,41.465859999999985],[0.9127300000000003,41.46831000000001],[0.9282599999999998,41.46071000000001],[0.93162,41.46597],[0.9139600000000007,41.51418]]],[[[0.8141900000000003,41.52924999999999],[0.80429,41.54156],[0.77584,41.54495],[0.7695599999999998,41.5251],[0.7901600000000003,41.51613],[0.8107100000000003,41.51844999999999],[0.8141900000000003,41.52924999999999]]]]},"properties":{"CODIMUNI":"250582","NOMMUNI":"les Borges Blanques","CODICOMAR":"18","NOMCOMAR":"Garrigues"}},{"type":"Feature","geometry":{"type":"Polygon","coordinates":[[[0.7023500000000009,42.79928],[0.6604600000000003,42.79843999999999],[0.64506,42.78312],[0.6672200000000007,42.77511],[0.6392800000000001,42.754870000000004],[0.6769100000000009,42.74967],[0.6943699999999998,42.75376],[0.6946599999999995,42.770120000000006],[0.7141000000000008,42.778009999999995],[0.7595100000000007,42.775609999999986],[0.73694,42.793369999999996],[0.7102300000000006,42.79330999999999],[0.7023500000000009,42.79928]]]},"properties":{"CODIMUNI":"250595","NOMMUNI":"Bossòst","CODICOMAR":"39","NOMCOMAR":"Val d'Aran"}},{"type":"Feature","geometry":{"type":"Polygon","coordinates":[[[1.2354800000000004,41.87257999999999],[1.224050000000001,41.86119],[1.1884900000000005,41.850500000000004],[1.182580000000001,41.79632999999999],[1.2259500000000003,41.84446],[1.2354800000000004,41.87257999999999]]]},"properties":{"CODIMUNI":"250609","NOMMUNI":"Cabanabona","CODICOMAR":"23","NOMCOMAR":"Noguera"}},{"type":"Feature","geometry":{"type":"MultiPolygon","coordinates":[[[[1.3148200000000003,42.192539999999994],[1.3185300000000002,42.19914],[1.3026000000000002,42.19966],[1.3148200000000003,42.192539999999994]]],[[[1.3003500000000001,42.26396],[1.2816600000000011,42.280509999999985],[1.25987,42.27524],[1.2609000000000001,42.266189999999995],[1.2479499999999994,42.26153],[1.21408,42.26809],[1.2024700000000001,42.25986999999999],[1.1583700000000006,42.26413],[1.1509900000000004,42.25802],[1.1583699999999997,42.24649],[1.1392100000000007,42.23595],[1.15671,42.219089999999994],[1.2127999999999999,42.2073],[1.2599900000000004,42.21459],[1.3002200000000002,42.20951],[1.3175000000000008,42.21908],[1.3216700000000003,42.24173],[1.3024599999999995,42.24962],[1.3003500000000001,42.26396]]]]},"properties":{"CODIMUNI":"250616","NOMMUNI":"Cabó","CODICOMAR":"04","NOMCOMAR":"Alt Urgell"}},{"type":"Feature","geometry":{"type":"MultiPolygon","coordinates":[[[[0.852720000000001,42.003319999999995],[0.8391900000000007,42.02644999999998],[0.8011800000000002,42.021640000000005],[0.8163199999999998,42.001000000000005],[0.8053900000000007,41.99815999999999],[0.8116200000000003,41.96597],[0.8396800000000004,41.98084],[0.8632600000000002,41.91949999999999],[0.8529000000000003,41.9092],[0.8804200000000002,41.90953],[0.8786500000000004,41.90299999999999],[0.8655600000000009,41.89481999999999],[0.8257899999999999,41.89385],[0.8200000000000007,41.88161999999999],[0.7954500000000008,41.87552],[0.7820000000000004,41.858079999999994],[0.8283400000000011,41.83863999999999],[0.8245300000000002,41.82307],[0.8827900000000001,41.8179],[0.8962900000000003,41.83132],[0.9273600000000002,41.83119],[0.9319800000000006,41.840259999999994],[0.93349,41.882039999999996],[0.8902400000000007,41.90573],[0.9059000000000001,41.95985999999999],[0.9287099999999999,41.97095999999999],[0.9076600000000005,42.00008],[0.852720000000001,42.003319999999995]]],[[[0.9222,42.022],[0.887770000000001,42.040600000000005],[0.8777999999999997,42.02442],[0.9141900000000001,42.01218],[0.9222,42.022]]]]},"properties":{"CODIMUNI":"250621","NOMMUNI":"Camarasa","CODICOMAR":"23","NOMCOMAR":"Noguera"}},{"type":"Feature","geometry":{"type":"Polygon","coordinates":[[[0.7370900000000004,42.84887],[0.7281399999999997,42.82811000000001],[0.7392800000000014,42.82618],[0.7476500000000004,42.799859999999995],[0.7681900000000009,42.78812999999999],[0.7997800000000004,42.78861],[0.8765300000000007,42.80836],[0.8782200000000002,42.81463999999998],[0.8538700000000004,42.82683999999999],[0.8015100000000006,42.8406],[0.7772600000000006,42.83617999999999],[0.7370900000000004,42.84887]]]},"properties":{"CODIMUNI":"250637","NOMMUNI":"Canejan","CODICOMAR":"39","NOMCOMAR":"Val d'Aran"}},{"type":"Feature","geometry":{"type":"Polygon","coordinates":[[[1.3665099999999994,42.08016000000001],[1.35849,42.07412000000001],[1.3641000000000008,42.04295],[1.35563,42.022639999999996],[1.3626300000000002,42.00001999999999],[1.3507300000000009,41.99415],[1.3652599999999997,41.97688999999999],[1.4050600000000009,41.989709999999995],[1.4347600000000003,41.96455999999999],[1.4699500000000005,41.99368],[1.4640200000000005,42.01653],[1.4053200000000008,42.03475],[1.3978300000000001,42.05143999999999],[1.3806299999999998,42.045159999999996],[1.3901199999999998,42.066179999999996],[1.37361,42.057610000000004],[1.3665099999999994,42.08016000000001]]]},"properties":{"CODIMUNI":"250642","NOMMUNI":"Castellar de la Ribera","CODICOMAR":"35","NOMCOMAR":"Solsonès"}},{"type":"Feature","geometry":{"type":"Polygon","coordinates":[[[0.7625000000000003,41.53573],[0.7266999999999996,41.51851],[0.7101500000000003,41.524980000000006],[0.6924100000000002,41.47683],[0.7540800000000009,41.46441999999999],[0.7866499999999996,41.46728],[0.7974700000000003,41.44592999999998],[0.8142400000000004,41.45086],[0.8228000000000008,41.46425],[0.8118100000000003,41.51693],[0.7647800000000001,41.521390000000004],[0.7625000000000003,41.53573]]]},"properties":{"CODIMUNI":"250674","NOMMUNI":"Castelldans","CODICOMAR":"18","NOMCOMAR":"Garrigues"}},{"type":"Feature","geometry":{"type":"Polygon","coordinates":[[[0.9534300000000009,41.673289999999994],[0.9438300000000008,41.63989999999999],[0.973810000000001,41.62959],[0.9907300000000001,41.650670000000005],[1.0010000000000003,41.651089999999996],[1.0066000000000002,41.66869],[0.9534300000000009,41.673289999999994]]]},"properties":{"CODIMUNI":"250680","NOMMUNI":"Castellnou de Seana","CODICOMAR":"27","NOMCOMAR":"Pla d'Urgell"}},{"type":"Feature","geometry":{"type":"Polygon","coordinates":[[[0.7676300000000004,41.85206999999998],[0.6780499999999996,41.84278],[0.6721499999999999,41.7942],[0.7114400000000002,41.76717],[0.7327799999999997,41.77210000000001],[0.73982,41.79050000000001],[0.7602100000000003,41.80533],[0.7676300000000004,41.85206999999998]]]},"properties":{"CODIMUNI":"250693","NOMMUNI":"Castelló de Farfanya","CODICOMAR":"23","NOMCOMAR":"Noguera"}},{"type":"Feature","geometry":{"type":"MultiPolygon","coordinates":[[[[0.9960399999999995,41.75796999999999],[1.0054300000000005,41.77088],[0.9875699999999998,41.774319999999996],[0.9710900000000007,41.75449999999999],[0.9572699999999995,41.74403999999999],[0.9604600000000003,41.732369999999996],[0.9843400000000003,41.7317],[1.037730000000001,41.756229999999995],[1.0042500000000003,41.76302],[0.9960399999999995,41.75796999999999]]],[[[0.95382,41.74523000000001],[0.9738800000000002,41.76071],[0.9791400000000007,41.77549],[0.95382,41.74523000000001]]]]},"properties":{"CODIMUNI":"250707","NOMMUNI":"Castellserà","CODICOMAR":"38","NOMCOMAR":"Urgell"}},{"type":"Feature","geometry":{"type":"Polygon","coordinates":[[[1.6141900000000005,42.34799],[1.5654999999999997,42.33233],[1.58047,42.28655],[1.6515300000000004,42.28643],[1.6589000000000005,42.33669999999999],[1.6495900000000003,42.34823],[1.6223900000000004,42.332629999999995],[1.6141900000000005,42.34799]]]},"properties":{"CODIMUNI":"250714","NOMMUNI":"Cava","CODICOMAR":"04","NOMCOMAR":"Alt Urgell"}},{"type":"Feature","geometry":{"type":"Polygon","coordinates":[[[1.3272999999999997,41.73776999999998],[1.2910000000000004,41.72388000000001],[1.2756199999999998,41.69811],[1.2488500000000007,41.70705],[1.2286400000000002,41.68537],[1.2449800000000002,41.67864],[1.2330399999999997,41.65743],[1.2404700000000002,41.63802],[1.25771,41.63826000000001],[1.2733100000000006,41.62403],[1.2804100000000007,41.622959999999985],[1.276720000000001,41.64242],[1.28702,41.654419999999995],[1.3012100000000002,41.659649999999985],[1.3179200000000006,41.64506999999999],[1.3363100000000008,41.670989999999996],[1.2950000000000006,41.69127999999999],[1.33057,41.71419999999999],[1.3228100000000005,41.72355999999999],[1.3272999999999997,41.73776999999998]]]},"properties":{"CODIMUNI":"250729","NOMMUNI":"Cervera","CODICOMAR":"32","NOMCOMAR":"Segarra"}},{"type":"Feature","geometry":{"type":"Polygon","coordinates":[[[0.8711500000000009,41.45466],[0.8228000000000008,41.46425],[0.8142400000000004,41.45086],[0.7885700000000002,41.44232],[0.8062800000000004,41.405],[0.831130000000001,41.40498],[0.8147,41.43517],[0.8406799999999998,41.422019999999996],[0.8932900000000009,41.417339999999996],[0.8998400000000004,41.43342],[0.8711500000000009,41.45466]]]},"properties":{"CODIMUNI":"250735","NOMMUNI":"Cervià de les Garrigues","CODICOMAR":"18","NOMCOMAR":"Garrigues"}},{"type":"Feature","geometry":{"type":"Polygon","coordinates":[[[1.1536300000000004,41.57247999999999],[1.124740000000001,41.56840999999999],[1.1268500000000008,41.530079999999984],[1.1422200000000007,41.515919999999994],[1.1606700000000003,41.51462999999999],[1.1689400000000008,41.51789],[1.1679900000000003,41.54029],[1.1536300000000004,41.57247999999999]]]},"properties":{"CODIMUNI":"250740","NOMMUNI":"Ciutadilla","CODICOMAR":"38","NOMCOMAR":"Urgell"}},{"type":"Feature","geometry":{"type":"Polygon","coordinates":[[[1.6008100000000003,41.990730000000006],[1.5690600000000001,41.98646],[1.5638600000000007,41.97057999999999],[1.5477399999999997,41.9644],[1.5591700000000002,41.94221999999999],[1.59074,41.9377],[1.59958,41.95882],[1.6119000000000006,41.94979],[1.5807400000000005,41.901619999999994],[1.5830400000000002,41.8882],[1.6372399999999998,41.92641999999999],[1.6526900000000009,41.92866999999998],[1.6424100000000001,41.94052999999999],[1.6485100000000004,41.94967],[1.6266600000000007,41.962349999999994],[1.6141400000000004,41.96075999999999],[1.6008100000000003,41.990730000000006]]]},"properties":{"CODIMUNI":"250753","NOMMUNI":"Clariana de Cardener","CODICOMAR":"35","NOMCOMAR":"Solsonès"}},{"type":"Feature","geometry":{"type":"Polygon","coordinates":[[[0.6777999999999998,41.47722999999999],[0.664260000000001,41.47321999999999],[0.6635000000000011,41.45775],[0.7006800000000002,41.42384999999999],[0.7087599999999998,41.44485],[0.7213100000000003,41.4417],[0.7154000000000001,41.45730999999999],[0.7237500000000003,41.47026999999999],[0.6777999999999998,41.47722999999999]]]},"properties":{"CODIMUNI":"250766","NOMMUNI":"el Cogul","CODICOMAR":"18","NOMCOMAR":"Garrigues"}},{"type":"Feature","geometry":{"type":"Polygon","coordinates":[[[1.1677400000000004,42.21950999999999],[1.1605100000000004,42.19004999999999],[1.1865300000000005,42.17575],[1.1557400000000004,42.13562],[1.1574199999999997,42.12292],[1.1676000000000004,42.11884],[1.1667399999999999,42.082339999999995],[1.2112600000000002,42.09098999999999],[1.2380300000000002,42.10483000000001],[1.24164,42.116400000000006],[1.31558,42.13024999999999],[1.3539,42.158179999999994],[1.3452899999999997,42.17245],[1.3489300000000006,42.18917],[1.3306399999999998,42.18438],[1.2965900000000004,42.192109999999985],[1.2913900000000005,42.21094000000001],[1.2599900000000004,42.21459],[1.213060000000001,42.20727],[1.1677400000000004,42.21950999999999]]]},"properties":{"CODIMUNI":"250772","NOMMUNI":"Coll de Nargó","CODICOMAR":"04","NOMCOMAR":"Alt Urgell"}},{"type":"Feature","geometry":{"type":"Polygon","coordinates":[[[0.6722,41.71842000000001],[0.6491499999999991,41.710179999999994],[0.6629199999999997,41.69238],[0.6554099999999997,41.66191],[0.6676099999999995,41.65684],[0.6968000000000009,41.666239999999995],[0.7165600000000004,41.682809999999996],[0.6722,41.71842000000001]]]},"properties":{"CODIMUNI":"250788","NOMMUNI":"Corbins","CODICOMAR":"33","NOMCOMAR":"Segrià"}},{"type":"Feature","geometry":{"type":"Polygon","coordinates":[[[0.9363500000000005,41.873430000000006],[0.9274300000000003,41.80532000000001],[0.9144600000000005,41.7823],[0.9225100000000008,41.78003999999999],[0.9329600000000005,41.802049999999994],[0.9432099999999999,41.79721],[0.9606800000000003,41.80145999999999],[0.9764100000000014,41.829919999999994],[0.99312,41.82243999999999],[1.0066099999999991,41.83474],[0.9978200000000006,41.86529],[0.985700000000001,41.87366999999998],[0.9586500000000006,41.86809999999999],[0.9363500000000005,41.873430000000006]]]},"properties":{"CODIMUNI":"250791","NOMMUNI":"Cubells","CODICOMAR":"23","NOMCOMAR":"Noguera"}},{"type":"Feature","geometry":{"type":"Polygon","coordinates":[[[1.0201300000000002,41.5034],[0.9866699999999999,41.516459999999995],[0.9796899999999998,41.51072],[0.9714000000000004,41.483309999999996],[0.9911600000000007,41.46576999999999],[1.0485100000000007,41.48753999999999],[1.0380099999999999,41.50508],[1.0201300000000002,41.5034]]]},"properties":{"CODIMUNI":"250812","NOMMUNI":"l'Espluga Calba","CODICOMAR":"18","NOMCOMAR":"Garrigues"}},{"type":"Feature","geometry":{"type":"Polygon","coordinates":[[[0.9844500000000004,42.60988999999999],[0.9544800000000003,42.60312],[0.9528400000000001,42.593999999999994],[0.93707,42.58832],[0.9411700000000004,42.5824],[0.9692700000000012,42.57409999999999],[0.9727299999999993,42.551749999999984],[0.9903800000000001,42.55118],[0.9969800000000005,42.539629999999995],[1.0120600000000002,42.5397],[1.0262200000000001,42.52458999999999],[1.0509100000000005,42.52989999999999],[1.0677,42.50814],[1.1464699999999999,42.56163000000001],[1.1345600000000005,42.589200000000005],[1.1019200000000005,42.58224],[1.0805500000000003,42.59438],[1.0391600000000005,42.5991],[1.0147200000000003,42.59244000000001],[1.0046700000000004,42.60488],[0.9844500000000004,42.60988999999999]]]},"properties":{"CODIMUNI":"250827","NOMMUNI":"Espot","CODICOMAR":"26","NOMCOMAR":"Pallars Sobirà"}},{"type":"Feature","geometry":{"type":"Polygon","coordinates":[[[1.4244700000000006,41.732669999999985],[1.4028799999999997,41.74556],[1.3954399999999998,41.73244],[1.3527500000000001,41.71217],[1.3520900000000002,41.70264],[1.3745300000000007,41.70745999999998],[1.3799700000000001,41.69683],[1.3691199999999994,41.67911],[1.3485500000000001,41.68037],[1.33393,41.66605],[1.3501600000000005,41.66377],[1.404150000000001,41.68624],[1.3958100000000004,41.69564999999999],[1.4002100000000002,41.70432],[1.38252,41.70668],[1.4244700000000006,41.732669999999985]]]},"properties":{"CODIMUNI":"250851","NOMMUNI":"Estaràs","CODICOMAR":"32","NOMCOMAR":"Segarra"}},{"type":"Feature","geometry":{"type":"Polygon","coordinates":[[[1.13479,42.64445],[1.1112400000000002,42.64175],[1.1213500000000007,42.63132],[1.1120900000000005,42.62570999999999],[1.1192300000000004,42.61352000000001],[1.0925700000000005,42.60907],[1.079830000000001,42.59311],[1.1203899999999998,42.611929999999994],[1.1309799999999999,42.599380000000004],[1.13479,42.64445]]]},"properties":{"CODIMUNI":"250864","NOMMUNI":"Esterri d'Àneu","CODICOMAR":"26","NOMCOMAR":"Pallars Sobirà"}},{"type":"Feature","geometry":{"type":"Polygon","coordinates":[[[1.2541700000000007,42.60598000000001],[1.2460600000000002,42.59745000000001],[1.2230299999999996,42.59741000000002],[1.22193,42.589499999999994],[1.250980000000001,42.584889999999994],[1.2716800000000004,42.56558000000001],[1.2911400000000004,42.56772999999999],[1.3002000000000005,42.57844],[1.2945599999999997,42.603320000000004],[1.2541700000000007,42.60598000000001]]]},"properties":{"CODIMUNI":"250870","NOMMUNI":"Esterri de Cardós","CODICOMAR":"26","NOMCOMAR":"Pallars Sobirà"}},{"type":"Feature","geometry":{"type":"Polygon","coordinates":[[[1.5233,42.417759999999994],[1.5048100000000002,42.41255],[1.4981099999999998,42.39300999999999],[1.5081900000000004,42.357209999999995],[1.5272099999999993,42.36329],[1.55624,42.357829999999986],[1.56734,42.38004],[1.5394100000000002,42.37977],[1.5233,42.417759999999994]]]},"properties":{"CODIMUNI":"250886","NOMMUNI":"Estamariu","CODICOMAR":"04","NOMCOMAR":"Alt Urgell"}},{"type":"Feature","geometry":{"type":"Polygon","coordinates":[[[1.3602100000000001,42.51907],[1.3303999999999998,42.50612],[1.26081,42.516100000000016],[1.2301399999999998,42.5084],[1.22694,42.49909],[1.2461400000000005,42.479079999999996],[1.2503100000000005,42.45271999999999],[1.2717100000000003,42.44259],[1.29431,42.449369999999995],[1.3207300000000002,42.445609999999995],[1.3455400000000004,42.481269999999995],[1.3567400000000007,42.48243],[1.3645800000000003,42.49346],[1.3602100000000001,42.51907]],[[1.26733,42.445750000000004],[1.26842,42.44648],[1.26992,42.44513],[1.26733,42.445750000000004]]]},"properties":{"CODIMUNI":"250899","NOMMUNI":"Farrera","CODICOMAR":"26","NOMCOMAR":"Pallars Sobirà"}},{"type":"Feature","geometry":{"type":"Polygon","coordinates":[[[0.9126799999999997,41.52568999999999],[0.9083199999999997,41.51947],[0.93162,41.46597],[0.9389599999999995,41.47419000000001],[0.9269600000000013,41.48434],[0.9340200000000005,41.5068],[0.9126799999999997,41.52568999999999]]]},"properties":{"CODIMUNI":"250925","NOMMUNI":"la Floresta","CODICOMAR":"18","NOMCOMAR":"Garrigues"}},{"type":"Feature","geometry":{"type":"Polygon","coordinates":[[[0.8838800000000002,41.64087],[0.8542299999999997,41.63763999999999],[0.8515499999999994,41.61127],[0.8837000000000009,41.62935999999999],[0.8838800000000002,41.64087]]]},"properties":{"CODIMUNI":"250931","NOMMUNI":"Fondarella","CODICOMAR":"27","NOMCOMAR":"Pla d'Urgell"}},{"type":"Feature","geometry":{"type":"Polygon","coordinates":[[[0.9915099999999999,41.91006],[0.9768700000000006,41.88522],[1.0017999999999998,41.85780999999999],[1.0119800000000008,41.81284],[1.0244099999999998,41.83169],[1.020860000000001,41.85025],[1.0396000000000005,41.85416],[1.03942,41.89387000000001],[1.0145599999999997,41.8929],[1.01083,41.90765999999999],[0.9915099999999999,41.91006]]]},"properties":{"CODIMUNI":"250946","NOMMUNI":"Foradada","CODICOMAR":"23","NOMCOMAR":"Noguera"}},{"type":"Feature","geometry":{"type":"Polygon","coordinates":[[[0.9843400000000003,41.7317],[0.9741900000000007,41.70636999999999],[0.9920500000000005,41.69910999999999],[1.0288400000000004,41.71732],[1.0272799999999993,41.72531000000001],[0.9843400000000003,41.7317]]]},"properties":{"CODIMUNI":"250962","NOMMUNI":"la Fuliola","CODICOMAR":"38","NOMCOMAR":"Urgell"}},{"type":"Feature","geometry":{"type":"Polygon","coordinates":[[[1.036540000000001,41.48032999999999],[0.9911600000000007,41.46576999999999],[1.0058800000000008,41.45123],[1.0554200000000005,41.44195],[1.0755000000000006,41.45996999999999],[1.036540000000001,41.48032999999999]]]},"properties":{"CODIMUNI":"250978","NOMMUNI":"Fulleda","CODICOMAR":"18","NOMCOMAR":"Garrigues"}},{"type":"Feature","geometry":{"type":"Polygon","coordinates":[[[0.9394100000000004,42.136289999999995],[0.9128700000000004,42.13215999999999],[0.8944000000000006,42.09763999999999],[0.9412900000000002,42.091789999999996],[0.95329,42.07739000000001],[0.9416500000000003,42.07495999999999],[0.9392500000000004,42.046980000000005],[0.9848099999999997,42.03966],[0.9590399999999997,42.02100000000001],[1.0081400000000003,42.021770000000004],[1.0216500000000006,42.03392],[1.0692900000000005,42.03636999999999],[1.0844400000000012,42.05242999999999],[1.0530900000000007,42.09114],[1.03096,42.09904],[0.99343,42.08540000000001],[0.9874700000000008,42.06371],[0.9701200000000006,42.08328999999999],[0.9829600000000005,42.09687999999999],[0.9779900000000006,42.114259999999994],[0.9495400000000009,42.11822999999999],[0.9394100000000004,42.136289999999995]]]},"properties":{"CODIMUNI":"250984","NOMMUNI":"Gavet de la Conca","CODICOMAR":"25","NOMCOMAR":"Pallars Jussà"}},{"type":"Feature","geometry":{"type":"Polygon","coordinates":[[[0.9302300000000003,41.64351],[0.8952199999999996,41.64237000000001],[0.9048900000000002,41.61157999999999],[0.936890000000001,41.60009],[0.9606700000000005,41.629599999999996],[0.9302300000000003,41.64351]]]},"properties":{"CODIMUNI":"250997","NOMMUNI":"Golmés","CODICOMAR":"27","NOMCOMAR":"Pla d'Urgell"}},{"type":"Feature","geometry":{"type":"Polygon","coordinates":[[[1.6861100000000007,42.25595],[1.63862,42.247409999999995],[1.61019,42.21267],[1.6138400000000002,42.20100999999998],[1.6418600000000003,42.19654],[1.65825,42.16523999999999],[1.6937899999999997,42.17240999999999],[1.7081000000000004,42.161089999999994],[1.7258599999999997,42.16637],[1.7380499999999997,42.18942000000001],[1.7215699999999998,42.1961],[1.7070600000000005,42.19019999999998],[1.6803500000000002,42.20624000000001],[1.6803999999999997,42.22436],[1.7043900000000005,42.236320000000006],[1.6861100000000007,42.25595]]]},"properties":{"CODIMUNI":"251001","NOMMUNI":"Gósol","CODICOMAR":"14","NOMCOMAR":"Berguedà"}},{"type":"Feature","geometry":{"type":"Polygon","coordinates":[[[0.6672900000000008,41.41132],[0.6284100000000005,41.420019999999994],[0.61881,41.39305],[0.5845100000000009,41.376250000000006],[0.5864999999999999,41.30718],[0.6236300000000008,41.34436000000001],[0.6986300000000005,41.32742999999999],[0.6905000000000003,41.31261],[0.7052300000000005,41.31696999999999],[0.7116400000000002,41.3614],[0.7231899999999993,41.374840000000006],[0.6672900000000008,41.41132]]]},"properties":{"CODIMUNI":"251018","NOMMUNI":"la Granadella","CODICOMAR":"18","NOMCOMAR":"Garrigues"}},{"type":"Feature","geometry":{"type":"Polygon","coordinates":[[[0.37957,41.44090000000001],[0.3712999999999989,41.426770000000005],[0.3493999999999996,41.42759999999999],[0.3200199999999995,41.39419],[0.36044000000000065,41.370120000000014],[0.39860000000000034,41.38873],[0.3999200000000011,41.39710999999999],[0.42117000000000016,41.39580999999999],[0.4242400000000004,41.40165999999999],[0.4012400000000003,41.43621000000001],[0.37957,41.44090000000001]]]},"properties":{"CODIMUNI":"251023","NOMMUNI":"la Granja d'Escarp","CODICOMAR":"33","NOMCOMAR":"Segrià"}},{"type":"Feature","geometry":{"type":"Polygon","coordinates":[[[1.2200899999999997,41.68665],[1.1898300000000004,41.67459999999999],[1.1866200000000005,41.61989],[1.2429800000000009,41.639639999999986],[1.2330399999999997,41.65743],[1.2449800000000002,41.67864],[1.2200899999999997,41.68665]]]},"properties":{"CODIMUNI":"251039","NOMMUNI":"Granyanella","CODICOMAR":"32","NOMCOMAR":"Segarra"}},{"type":"Feature","geometry":{"type":"Polygon","coordinates":[[[1.2605900000000005,41.63550999999999],[1.2152300000000007,41.63215],[1.1654300000000009,41.610279999999996],[1.1724000000000003,41.60509999999999],[1.20436,41.61082999999999],[1.2117000000000002,41.604580000000006],[1.2485100000000005,41.61061999999998],[1.2605900000000005,41.63550999999999]]]},"properties":{"CODIMUNI":"251044","NOMMUNI":"Granyena de Segarra","CODICOMAR":"32","NOMCOMAR":"Segarra"}},{"type":"Feature","geometry":{"type":"Polygon","coordinates":[[[0.664330000000001,41.45727],[0.6273800000000002,41.45023],[0.6217700000000006,41.42672000000001],[0.6328700000000004,41.41626999999999],[0.6653600000000002,41.413239999999995],[0.6905999999999998,41.42967],[0.664330000000001,41.45727]]]},"properties":{"CODIMUNI":"251057","NOMMUNI":"Granyena de les Garrigues","CODICOMAR":"18","NOMCOMAR":"Garrigues"}},{"type":"Feature","geometry":{"type":"Polygon","coordinates":[[[1.2064199999999996,41.5886],[1.1798000000000002,41.59580999999999],[1.153370000000001,41.57422999999999],[1.1689400000000008,41.51789],[1.1761900000000005,41.53376999999998],[1.1683200000000007,41.54026999999999],[1.2121900000000005,41.55031999999999],[1.2196900000000004,41.569720000000004],[1.2064199999999996,41.5886]]]},"properties":{"CODIMUNI":"251095","NOMMUNI":"Guimerà","CODICOMAR":"38","NOMCOMAR":"Urgell"}},{"type":"Feature","geometry":{"type":"MultiPolygon","coordinates":[[[[1.2468000000000004,41.79638],[1.2269399999999997,41.795999999999985],[1.2279200000000003,41.79145],[1.23221,41.78670999999999],[1.2468000000000004,41.79638]]],[[[1.2925900000000001,41.81499999999999],[1.2687400000000006,41.81383999999999],[1.2586400000000004,41.80590999999999],[1.2779100000000005,41.76816],[1.314410000000001,41.76355],[1.3247300000000006,41.77785000000001],[1.2925900000000001,41.81499999999999]]]]},"properties":{"CODIMUNI":"251109","NOMMUNI":"Guissona","CODICOMAR":"32","NOMCOMAR":"Segarra"}},{"type":"Feature","geometry":{"type":"Polygon","coordinates":[[[1.7365800000000002,42.18344999999999],[1.7288300000000003,42.17988999999999],[1.7258599999999997,42.16637],[1.7081000000000004,42.161089999999994],[1.6937899999999997,42.17240999999999],[1.65825,42.16523999999999],[1.6506699999999999,42.17779999999999],[1.6265599999999996,42.13837000000001],[1.6054300000000001,42.13828999999999],[1.59759,42.15219],[1.59038,42.15142999999999],[1.6040500000000009,42.13436999999998],[1.5930500000000012,42.125719999999994],[1.5704100000000003,42.131029999999996],[1.5878300000000007,42.142700000000005],[1.5622000000000003,42.16093999999999],[1.5182199999999997,42.14846],[1.5550900000000003,42.11676],[1.5779000000000003,42.12517],[1.6128499999999992,42.119730000000004],[1.6206700000000003,42.10822999999999],[1.68156,42.114290000000004],[1.7024000000000004,42.10293999999999],[1.7119399999999998,42.1161],[1.7004400000000002,42.13589],[1.7138000000000004,42.15472],[1.72407,42.15273],[1.7382500000000003,42.162949999999995],[1.7365800000000002,42.18344999999999]]]},"properties":{"CODIMUNI":"251116","NOMMUNI":"Guixers","CODICOMAR":"35","NOMCOMAR":"Solsonès"}},{"type":"Feature","geometry":{"type":"Polygon","coordinates":[[[0.6228099999999995,41.9051],[0.6009100000000006,41.90817],[0.5920800000000005,41.884800000000006],[0.6083200000000013,41.878359999999994],[0.6073500000000005,41.871769999999984],[0.5798900000000009,41.86316999999998],[0.5789300000000003,41.82496],[0.6203100000000008,41.83864],[0.6234000000000002,41.870129999999996],[0.65371,41.882889999999996],[0.6228099999999995,41.9051]]]},"properties":{"CODIMUNI":"251121","NOMMUNI":"Ivars de Noguera","CODICOMAR":"23","NOMCOMAR":"Noguera"}},{"type":"Feature","geometry":{"type":"Polygon","coordinates":[[[1.0264100000000007,41.71176],[0.9984,41.69812999999999],[0.9742100000000002,41.70634999999999],[0.9400299999999997,41.70119],[0.9277799999999995,41.70644],[0.9185500000000004,41.702160000000006],[0.9144799999999997,41.68446],[0.9443599999999996,41.68834],[0.9468000000000004,41.67447999999999],[0.9915000000000009,41.66606999999999],[1.0093600000000003,41.68880000000001],[0.9985999999999999,41.69185000000001],[1.0264100000000007,41.71176]]]},"properties":{"CODIMUNI":"251137","NOMMUNI":"Ivars d'Urgell","CODICOMAR":"27","NOMCOMAR":"Pla d'Urgell"}},{"type":"Feature","geometry":{"type":"Polygon","coordinates":[[[1.40419,41.804549999999985],[1.3735800000000007,41.778690000000005],[1.3617100000000002,41.75625],[1.4016700000000004,41.74393],[1.4139300000000004,41.77651999999999],[1.4024700000000005,41.78622],[1.40419,41.804549999999985]]]},"properties":{"CODIMUNI":"251142","NOMMUNI":"Ivorra","CODICOMAR":"32","NOMCOMAR":"Segarra"}},{"type":"Feature","geometry":{"type":"MultiPolygon","coordinates":[[[[1.0781100000000001,42.00726],[1.0921100000000006,42.0282],[1.0770300000000013,42.04561999999999],[1.0692900000000005,42.03636999999999],[1.0781100000000001,42.00726]]],[[[0.9861199999999996,42.18414],[0.9593300000000001,42.20531],[0.9361000000000007,42.19564],[0.9417800000000007,42.19243],[0.9227999999999993,42.17903999999999],[0.9302500000000004,42.1693],[0.9722000000000001,42.17287999999999],[0.9495400000000009,42.11822999999999],[0.9779900000000006,42.114259999999994],[0.99343,42.08540000000001],[1.03096,42.09904],[1.0506300000000002,42.09253],[1.08744,42.05371],[1.1366900000000004,42.11556999999999],[1.1564699999999997,42.119499999999995],[1.1557400000000004,42.13562],[1.12298,42.14628],[1.05538,42.127209999999984],[1.0587299999999993,42.15077],[1.0401300000000004,42.159289999999984],[1.04796,42.164669999999994],[1.0503399999999996,42.17249],[1.0586999999999995,42.18168],[1.0606100000000012,42.18608999999999],[1.0520800000000001,42.179889999999986],[0.9861199999999996,42.18414]]]]},"properties":{"CODIMUNI":"251155","NOMMUNI":"Isona i Conca Dellà","CODICOMAR":"25","NOMCOMAR":"Pallars Jussà"}},{"type":"Feature","geometry":{"type":"Polygon","coordinates":[[[0.7693300000000008,41.44326999999999],[0.7567200000000004,41.43269999999999],[0.7655300000000006,41.417809999999996],[0.7342600000000001,41.42298],[0.7252399999999994,41.41648999999999],[0.7468000000000009,41.39954],[0.7382800000000004,41.38539000000001],[0.7449499999999997,41.37834],[0.7336900000000006,41.3705],[0.768000000000001,41.33389999999999],[0.8150100000000011,41.32687],[0.82923,41.357380000000006],[0.8450000000000003,41.3623],[0.8397099999999997,41.391739999999984],[0.831130000000001,41.40498],[0.8062800000000004,41.405],[0.7934600000000003,41.43884],[0.7858000000000006,41.429829999999995],[0.7693300000000008,41.44326999999999]]]},"properties":{"CODIMUNI":"251180","NOMMUNI":"Juncosa","CODICOMAR":"18","NOMCOMAR":"Garrigues"}},{"type":"Feature","geometry":{"type":"MultiPolygon","coordinates":[[[[0.8381200000000001,41.56455],[0.7971000000000004,41.57057],[0.7889699999999998,41.56311000000001],[0.7792500000000011,41.56736],[0.7775400000000001,41.5502],[0.756050000000001,41.55035],[0.7541200000000003,41.54030999999999],[0.7673000000000008,41.52069999999999],[0.77584,41.54495],[0.80429,41.54156],[0.8154100000000009,41.53131],[0.8196900000000015,41.466759999999994],[0.8451000000000005,41.46379999999999],[0.8287500000000005,41.530519999999996],[0.8410000000000004,41.53428999999999],[0.8658700000000005,41.52553],[0.8749100000000009,41.55284999999999],[0.8717600000000003,41.561189999999996],[0.8592100000000003,41.562479999999994],[0.8596000000000009,41.57171999999999],[0.8381200000000001,41.56455]]],[[[0.8819800000000005,41.58165],[0.8776900000000002,41.58586],[0.8734099999999999,41.584080000000014],[0.8604500000000007,41.57531999999999],[0.8819800000000005,41.58165]]]]},"properties":{"CODIMUNI":"251193","NOMMUNI":"Juneda","CODICOMAR":"18","NOMCOMAR":"Garrigues"}},{"type":"Feature","geometry":{"type":"Polygon","coordinates":[[[0.4586300000000003,41.70322999999999],[0.38520999999999933,41.739619999999995],[0.3688800000000005,41.72414],[0.3652999999999998,41.70940000000001],[0.44422999999999935,41.67571],[0.4414400000000006,41.65979],[0.45098999999999984,41.653909999999996],[0.47843000000000024,41.65785],[0.5180100000000009,41.64831],[0.5167199999999998,41.63859],[0.5367000000000006,41.620239999999995],[0.56492,41.568949999999994],[0.6053599999999995,41.58185],[0.643180000000001,41.57616999999998],[0.6317500000000004,41.553979999999996],[0.6573199999999992,41.55073000000001],[0.6577799999999999,41.52331000000001],[0.67649,41.511239999999994],[0.6894300000000009,41.52459],[0.6669200000000005,41.5648],[0.6719600000000004,41.57274999999999],[0.73245,41.57071],[0.7425100000000006,41.58486],[0.7249399999999999,41.59593999999999],[0.7198399999999996,41.62393],[0.7286900000000001,41.63793999999999],[0.7008800000000002,41.629340000000006],[0.6738400000000007,41.63071999999998],[0.66841,41.634449999999994],[0.6783800000000008,41.64506],[0.6545500000000004,41.662369999999996],[0.6221800000000004,41.67181],[0.6042100000000001,41.66285],[0.5835500000000007,41.67142],[0.5679700000000006,41.64559],[0.5284299999999998,41.66172],[0.5286700000000011,41.67716999999998],[0.5083500000000009,41.69183000000001],[0.4586300000000003,41.70322999999999]]]},"properties":{"CODIMUNI":"251207","NOMMUNI":"Lleida","CODICOMAR":"33","NOMCOMAR":"Segrià"}},{"type":"Feature","geometry":{"type":"Polygon","coordinates":[[[0.7392800000000014,42.82618],[0.6674100000000006,42.82600000000001],[0.6694500000000001,42.80184],[0.6954299999999999,42.80277999999999],[0.7493600000000002,42.78524],[0.7681900000000009,42.78812999999999],[0.7476500000000004,42.799859999999995],[0.7392800000000014,42.82618]]]},"properties":{"CODIMUNI":"251214","NOMMUNI":"Les","CODICOMAR":"39","NOMCOMAR":"Val d'Aran"}},{"type":"Feature","geometry":{"type":"Polygon","coordinates":[[[0.9133800000000001,41.73765999999999],[0.8741800000000007,41.739319999999985],[0.8786599999999993,41.731930000000006],[0.8568699999999997,41.71118],[0.8645199999999995,41.678560000000004],[0.9105000000000005,41.679669999999994],[0.9277799999999995,41.70644],[0.9133800000000001,41.73765999999999]]]},"properties":{"CODIMUNI":"251229","NOMMUNI":"Linyola","CODICOMAR":"27","NOMCOMAR":"Pla d'Urgell"}},{"type":"Feature","geometry":{"type":"Polygon","coordinates":[[[1.2335899999999997,42.72624],[1.17067,42.70721999999999],[1.18032,42.69153999999999],[1.1895700000000005,42.69035],[1.1902700000000008,42.67817999999998],[1.2099700000000004,42.67087999999998],[1.1994,42.662079999999996],[1.2218099999999998,42.64004],[1.2203600000000014,42.61763],[1.2703100000000003,42.602439999999994],[1.2945599999999997,42.603320000000004],[1.3153700000000004,42.646499999999996],[1.3534999999999995,42.647409999999994],[1.3705000000000007,42.66623],[1.3874400000000002,42.66868],[1.3895800000000003,42.68646],[1.3526499999999995,42.70082000000001],[1.357320000000001,42.719459999999984],[1.3323200000000006,42.72476000000001],[1.2528999999999995,42.71482999999999],[1.2335899999999997,42.72624]]]},"properties":{"CODIMUNI":"251235","NOMMUNI":"Lladorre","CODICOMAR":"26","NOMCOMAR":"Pallars Sobirà"}},{"type":"Feature","geometry":{"type":"Polygon","coordinates":[[[1.4268699999999996,42.10564999999999],[1.3919000000000006,42.1064],[1.3683800000000006,42.079620000000006],[1.37361,42.057610000000004],[1.3901199999999998,42.066179999999996],[1.3806299999999998,42.045159999999996],[1.3978300000000001,42.05143999999999],[1.4053200000000008,42.03475],[1.4921300000000002,42.00936],[1.5204500000000003,42.017039999999994],[1.54151,42.03426],[1.5638000000000005,42.03696999999999],[1.56673,42.087559999999996],[1.5794100000000004,42.10320999999998],[1.5492100000000002,42.10414999999999],[1.5529500000000007,42.1096],[1.5326300000000006,42.098040000000005],[1.5138199999999995,42.10664],[1.5093499999999997,42.09584],[1.48379,42.098240000000004],[1.4685700000000004,42.084030000000006],[1.4462200000000005,42.092530000000004],[1.436930000000001,42.08885999999999],[1.4268699999999996,42.10564999999999]]]},"properties":{"CODIMUNI":"251240","NOMMUNI":"Lladurs","CODICOMAR":"35","NOMCOMAR":"Solsonès"}},{"type":"Feature","geometry":{"type":"Polygon","coordinates":[[[0.49546000000000096,41.44540999999999],[0.4726100000000004,41.42728],[0.4732800000000006,41.38853999999999],[0.52172,41.39205],[0.5544800000000006,41.32659],[0.5808500000000003,41.31989],[0.5845100000000009,41.376250000000006],[0.6060800000000002,41.389810000000004],[0.49546000000000096,41.44540999999999]]]},"properties":{"CODIMUNI":"251253","NOMMUNI":"Llardecans","CODICOMAR":"33","NOMCOMAR":"Segrià"}},{"type":"Feature","geometry":{"type":"MultiPolygon","coordinates":[[[[1.2697900000000004,42.44502],[1.2682500000000005,42.44647999999999],[1.26733,42.445750000000004],[1.2697900000000004,42.44502]]],[[[1.2130599999999998,42.507629999999985],[1.20986,42.53966999999999],[1.1874200000000006,42.52041],[1.1670200000000002,42.52895],[1.13203,42.52634],[1.11371,42.51602999999999],[1.1131500000000005,42.50346999999999],[1.1381299999999999,42.48056],[1.1610000000000007,42.47965],[1.17933,42.46427],[1.1991700000000003,42.46704],[1.20442,42.45391],[1.2156999999999998,42.46261],[1.21865,42.4275],[1.2434800000000004,42.42146],[1.2552100000000004,42.42496],[1.2562000000000004,42.45238],[1.2461400000000005,42.479079999999996],[1.2130599999999998,42.507629999999985]]]]},"properties":{"CODIMUNI":"251266","NOMMUNI":"Llavorsí","CODICOMAR":"26","NOMCOMAR":"Pallars Sobirà"}},{"type":"Feature","geometry":{"type":"Polygon","coordinates":[[[1.6713400000000007,42.50300999999999],[1.65702,42.468219999999995],[1.59737,42.466319999999996],[1.5809300000000004,42.45018000000001],[1.5968500000000003,42.44384],[1.6056200000000007,42.42086],[1.6468100000000008,42.39802],[1.65717,42.37637999999999],[1.6530099999999996,42.365539999999996],[1.67812,42.36587999999999],[1.6834600000000004,42.357690000000005],[1.6954300000000002,42.362759999999994],[1.70599,42.38564],[1.7011200000000004,42.40804],[1.70898,42.400299999999994],[1.71935,42.40785999999999],[1.7239200000000001,42.43174999999999],[1.7086100000000004,42.45712],[1.7282900000000003,42.47354],[1.7303800000000005,42.49343999999999],[1.72566,42.50467999999999],[1.70361,42.489799999999995],[1.6713400000000007,42.50300999999999]]]},"properties":{"CODIMUNI":"251272","NOMMUNI":"Lles de Cerdanya","CODICOMAR":"15","NOMCOMAR":"Cerdanya"}},{"type":"Feature","geometry":{"type":"MultiPolygon","coordinates":[[[[0.9895500000000003,42.06727],[0.9937400000000004,42.085069999999995],[0.9829600000000005,42.09687999999999],[0.9701200000000006,42.08328999999999],[0.9895500000000003,42.06727]]],[[[0.9412900000000002,42.091789999999996],[0.8966400000000002,42.10165000000001],[0.890740000000001,42.09125],[0.8897200000000001,42.03654],[0.9186600000000005,42.02233],[0.9590399999999997,42.02100000000001],[0.9848099999999997,42.03966],[0.9392500000000004,42.046980000000005],[0.9416500000000003,42.07495999999999],[0.9532400000000011,42.077549999999995],[0.9412900000000002,42.091789999999996]]]]},"properties":{"CODIMUNI":"251288","NOMMUNI":"Llimiana","CODICOMAR":"25","NOMCOMAR":"Pallars Jussà"}},{"type":"Feature","geometry":{"type":"Polygon","coordinates":[[[1.47347,41.96013000000001],[1.4075900000000001,41.91764],[1.42868,41.90547999999999],[1.4265100000000002,41.89538999999999],[1.43942,41.90314],[1.4442100000000002,41.8808],[1.483620000000001,41.90595999999999],[1.4996600000000004,41.90290999999999],[1.5044400000000004,41.91502],[1.5023,41.941269999999996],[1.4854600000000007,41.959689999999995],[1.47347,41.96013000000001]]]},"properties":{"CODIMUNI":"251291","NOMMUNI":"Llobera","CODICOMAR":"35","NOMCOMAR":"Solsonès"}},{"type":"Feature","geometry":{"type":"Polygon","coordinates":[[[1.0297000000000005,41.55535999999999],[0.9876600000000011,41.55146999999999],[0.9788300000000002,41.518010000000004],[1.01112,41.51199999999999],[1.0215100000000008,41.50316999999998],[1.0478600000000002,41.50493999999999],[1.0620100000000006,41.51335000000001],[1.05868,41.53557000000001],[1.0703500000000001,41.54576999999999],[1.0297000000000005,41.55535999999999]]]},"properties":{"CODIMUNI":"251305","NOMMUNI":"Maldà","CODICOMAR":"38","NOMCOMAR":"Urgell"}},{"type":"Feature","geometry":{"type":"Polygon","coordinates":[[[0.3670300000000001,41.485959999999984],[0.3478200000000001,41.48790000000001],[0.34201000000000165,41.4824],[0.3450899999999997,41.46212],[0.3567500000000004,41.45183999999999],[0.3484100000000008,41.42672999999999],[0.3712999999999989,41.426770000000005],[0.3763500000000007,41.43871000000001],[0.37060000000000015,41.44653000000001],[0.37893,41.46858],[0.36583000000000027,41.47625],[0.3670300000000001,41.485959999999984]]]},"properties":{"CODIMUNI":"251312","NOMMUNI":"Massalcoreig","CODICOMAR":"33","NOMCOMAR":"Segrià"}},{"type":"Feature","geometry":{"type":"Polygon","coordinates":[[[1.3231000000000004,41.828189999999985],[1.2929700000000002,41.81223000000001],[1.33821,41.76019],[1.3747200000000004,41.816159999999996],[1.3575400000000004,41.81463],[1.3231000000000004,41.828189999999985]]]},"properties":{"CODIMUNI":"251327","NOMMUNI":"Massoteres","CODICOMAR":"32","NOMCOMAR":"Segarra"}},{"type":"Feature","geometry":{"type":"Polygon","coordinates":[[[0.5217299999999997,41.39185],[0.4732800000000006,41.38853999999999],[0.46096000000000065,41.37718999999999],[0.47320000000000073,41.359359999999995],[0.46162000000000064,41.335069999999995],[0.5031399999999998,41.28978000000001],[0.52621,41.290199999999984],[0.5551800000000001,41.32994999999998],[0.5284200000000001,41.367099999999986],[0.5217299999999997,41.39185]]]},"properties":{"CODIMUNI":"251333","NOMMUNI":"Maials","CODICOMAR":"33","NOMCOMAR":"Segrià"}},{"type":"Feature","geometry":{"type":"Polygon","coordinates":[[[0.7327300000000003,41.77069999999999],[0.7120800000000002,41.76836],[0.7017700000000003,41.72529999999999],[0.7345800000000003,41.70815],[0.762100000000001,41.72168],[0.764920000000001,41.73017],[0.7391900000000006,41.75182],[0.7327300000000003,41.77069999999999]]]},"properties":{"CODIMUNI":"251348","NOMMUNI":"Menàrguens","CODICOMAR":"23","NOMCOMAR":"Noguera"}},{"type":"Feature","geometry":{"type":"Polygon","coordinates":[[[0.8955200000000002,41.61706999999999],[0.8623000000000007,41.606739999999995],[0.8888499999999998,41.57436],[0.9297800000000006,41.59619000000001],[0.8955200000000002,41.61706999999999]]]},"properties":{"CODIMUNI":"251351","NOMMUNI":"Miralcamp","CODICOMAR":"27","NOMCOMAR":"Pla d'Urgell"}},{"type":"Feature","geometry":{"type":"MultiPolygon","coordinates":[[[[1.4873900000000002,41.77736],[1.4854500000000002,41.78741999999999],[1.4758499999999999,41.802769999999995],[1.4717,41.78256999999999],[1.4608700000000003,41.776489999999995],[1.4701500000000007,41.77136],[1.4873900000000002,41.77736]]],[[[1.5998200000000002,41.788799999999995],[1.5882200000000004,41.804529999999986],[1.5929400000000002,41.8119],[1.5047600000000005,41.78821],[1.5307200000000003,41.752590000000005],[1.5447500000000012,41.757389999999994],[1.5483200000000001,41.77044999999999],[1.5617300000000003,41.76997000000001],[1.5725800000000005,41.78215],[1.5812899999999999,41.77542],[1.5933499999999998,41.77784],[1.5998200000000002,41.788799999999995]]]]},"properties":{"CODIMUNI":"251364","NOMMUNI":"la Molsosa","CODICOMAR":"35","NOMCOMAR":"Solsonès"}},{"type":"Feature","geometry":{"type":"Polygon","coordinates":[[[0.8967100000000002,41.6396],[0.8855799999999996,41.640240000000006],[0.8837000000000009,41.62935999999999],[0.8515499999999994,41.61127],[0.8623000000000007,41.606739999999995],[0.8817100000000004,41.61722999999999],[0.9046999999999995,41.61186],[0.8967100000000002,41.6396]]]},"properties":{"CODIMUNI":"251370","NOMMUNI":"Mollerussa","CODICOMAR":"27","NOMCOMAR":"Pla d'Urgell"}},{"type":"Feature","geometry":{"type":"Polygon","coordinates":[[[1.005660000000001,41.79617999999999],[1.0066099999999991,41.83474],[0.99312,41.82243999999999],[0.9764100000000014,41.829919999999994],[0.9606800000000003,41.80145999999999],[0.9316500000000002,41.80083],[0.9226300000000006,41.77409],[0.9365099999999997,41.770469999999996],[0.9565000000000011,41.777609999999996],[0.9596900000000007,41.76873],[0.9741499999999995,41.76681],[0.9766199999999996,41.77572],[0.9875699999999998,41.774319999999996],[1.005660000000001,41.79617999999999]]]},"properties":{"CODIMUNI":"251386","NOMMUNI":"Montgai","CODICOMAR":"23","NOMCOMAR":"Noguera"}},{"type":"Feature","geometry":{"type":"Polygon","coordinates":[[[1.67846,42.36571999999999],[1.6600899999999998,42.3616],[1.6500300000000006,42.347649999999994],[1.6589000000000005,42.33669999999999],[1.6515300000000004,42.28643],[1.6668100000000001,42.27964999999999],[1.67565,42.28539],[1.7212199999999998,42.28355],[1.7360100000000003,42.33953999999999],[1.7120499999999998,42.36348999999999],[1.6834600000000004,42.357690000000005],[1.67846,42.36571999999999]]]},"properties":{"CODIMUNI":"251399","NOMMUNI":"Montellà i Martinet","CODICOMAR":"15","NOMCOMAR":"Cerdanya"}},{"type":"Feature","geometry":{"type":"MultiPolygon","coordinates":[[[[1.3195699999999997,42.30842999999999],[1.3370300000000004,42.30690999999999],[1.3298199999999996,42.31627000000001],[1.3195699999999997,42.30842999999999]]],[[[1.3752300000000004,42.431110000000004],[1.33836,42.45895000000001],[1.3402900000000004,42.46733],[1.3196300000000007,42.44525000000001],[1.29431,42.449369999999995],[1.2717100000000003,42.44259],[1.2562000000000004,42.45238],[1.26156,42.41982],[1.2447,42.41537000000001],[1.2452099999999997,42.38473],[1.2296600000000006,42.35684],[1.24724,42.31962],[1.2625200000000005,42.32415999999999],[1.2610900000000007,42.34418999999999],[1.28359,42.331759999999996],[1.2962600000000006,42.339969999999994],[1.3279100000000001,42.32376],[1.3577800000000007,42.344469999999994],[1.3863100000000002,42.33818],[1.4040100000000002,42.34185999999999],[1.4169600000000007,42.33247999999999],[1.4404700000000001,42.34431999999999],[1.42707,42.35316000000001],[1.4410900000000002,42.38498],[1.4284100000000006,42.405789999999996],[1.37874,42.41028],[1.3752300000000004,42.431110000000004]]]]},"properties":{"CODIMUNI":"251403","NOMMUNI":"Montferrer i Castellbò","CODICOMAR":"04","NOMCOMAR":"Alt Urgell"}},{"type":"Feature","geometry":{"type":"Polygon","coordinates":[[[1.2804100000000007,41.622959999999985],[1.2660900000000002,41.60824],[1.2529899999999998,41.60795000000002],[1.2346000000000004,41.58541],[1.2134600000000004,41.58467],[1.2196900000000004,41.569720000000004],[1.27091,41.57205],[1.2940500000000004,41.56638999999999],[1.3144800000000005,41.57929],[1.3206600000000006,41.59380999999999],[1.2913700000000001,41.60313],[1.2804100000000007,41.622959999999985]]]},"properties":{"CODIMUNI":"251410","NOMMUNI":"Montoliu de Segarra","CODICOMAR":"32","NOMCOMAR":"Segarra"}},{"type":"Feature","geometry":{"type":"Polygon","coordinates":[[[0.5912800000000007,41.57463],[0.5745800000000004,41.575939999999996],[0.5988300000000008,41.53728999999999],[0.6150399999999998,41.533060000000006],[0.6178700000000005,41.55016],[0.6042100000000001,41.550449999999984],[0.5912800000000007,41.57463]]]},"properties":{"CODIMUNI":"251425","NOMMUNI":"Montoliu de Lleida","CODICOMAR":"33","NOMCOMAR":"Segrià"}},{"type":"Feature","geometry":{"type":"Polygon","coordinates":[[[1.20436,41.61082999999999],[1.16703,41.60220999999999],[1.2134600000000004,41.58467],[1.2346000000000004,41.58541],[1.2529899999999998,41.60795000000002],[1.2109200000000004,41.60459999999999],[1.20436,41.61082999999999]]]},"properties":{"CODIMUNI":"251431","NOMMUNI":"Montornès de Segarra","CODICOMAR":"32","NOMCOMAR":"Segarra"}},{"type":"Feature","geometry":{"type":"Polygon","coordinates":[[[1.1055800000000002,41.57070999999999],[1.0970500000000003,41.55864],[1.1093700000000006,41.54941000000001],[1.1087199999999997,41.526819999999994],[1.1341299999999999,41.52006999999999],[1.1256599999999992,41.56738000000001],[1.1055800000000002,41.57070999999999]]]},"properties":{"CODIMUNI":"251459","NOMMUNI":"Nalec","CODICOMAR":"38","NOMCOMAR":"Urgell"}},{"type":"Feature","geometry":{"type":"Polygon","coordinates":[[[1.5780699999999999,42.12512000000001],[1.5884300000000002,42.112429999999996],[1.5793800000000005,42.11339],[1.5751900000000005,42.12454999999999],[1.5550900000000003,42.11676],[1.5487599999999995,42.10511],[1.5811000000000002,42.1016],[1.56735,42.08962],[1.56437,42.047119999999985],[1.5861099999999997,42.02938000000001],[1.5812100000000007,42.02454999999999],[1.5989900000000004,42.00299],[1.6141400000000004,41.96075999999999],[1.6266600000000007,41.962349999999994],[1.6485100000000004,41.94967],[1.64427,41.96880999999999],[1.6591900000000002,41.983160000000005],[1.67434,41.98273999999999],[1.6683099999999997,41.97147],[1.6824000000000006,41.96765],[1.71928,41.98494],[1.7174100000000005,41.99973999999999],[1.6986700000000001,42.01381],[1.6900900000000003,42.00511],[1.6974300000000004,41.985679999999995],[1.68477,41.99512999999999],[1.6621900000000003,41.99112],[1.6577000000000002,42.00290999999999],[1.65426,41.99299999999999],[1.6474700000000004,41.99936999999999],[1.65617,42.02066],[1.6644000000000008,42.02161999999999],[1.6663400000000004,42.003009999999996],[1.6699200000000005,42.01561],[1.6997000000000007,42.02886999999999],[1.6916100000000005,42.04560000000001],[1.6842300000000003,42.04874999999999],[1.6791999999999998,42.03827],[1.6724700000000001,42.04066999999999],[1.6746300000000003,42.05865000000001],[1.6911299999999998,42.07540000000001],[1.6911800000000006,42.08679],[1.7156400000000005,42.084679999999985],[1.7228699999999995,42.10007999999999],[1.6411199999999997,42.111869999999996],[1.6206700000000003,42.10822999999999],[1.6128499999999992,42.119730000000004],[1.5780699999999999,42.12512000000001]],[[1.6889400000000012,42.10193999999999],[1.6892400000000003,42.10202000000001],[1.6892,42.10192],[1.6889400000000012,42.10193999999999]]]},"properties":{"CODIMUNI":"251462","NOMMUNI":"Navès","CODICOMAR":"35","NOMCOMAR":"Solsonès"}},{"type":"Feature","geometry":{"type":"Polygon","coordinates":[[[1.5160500000000006,42.16769],[1.5209000000000001,42.18477],[1.4461,42.14608],[1.4244000000000006,42.160059999999994],[1.3575700000000008,42.14794999999999],[1.36658,42.13937],[1.3619900000000005,42.12997],[1.3268400000000002,42.11512999999999],[1.33101,42.08002],[1.35849,42.07412000000001],[1.3776300000000004,42.083189999999995],[1.3919000000000006,42.1064],[1.406,42.110789999999994],[1.4268699999999996,42.10564999999999],[1.436930000000001,42.08885999999999],[1.4462200000000005,42.092530000000004],[1.4685700000000004,42.084030000000006],[1.48379,42.098240000000004],[1.5093499999999997,42.09584],[1.5138199999999995,42.10664],[1.5400100000000005,42.10000999999999],[1.5550900000000003,42.11676],[1.5182199999999997,42.14846],[1.5256000000000003,42.15689],[1.5160500000000006,42.16769]]]},"properties":{"CODIMUNI":"251484","NOMMUNI":"Odèn","CODICOMAR":"35","NOMCOMAR":"Solsonès"}},{"type":"Feature","geometry":{"type":"Polygon","coordinates":[[[1.36658,42.13937],[1.3473199999999999,42.15116],[1.3081300000000002,42.12673999999999],[1.29225,42.08809000000001],[1.3024100000000003,42.072770000000006],[1.29837,42.04046999999999],[1.3182500000000004,42.04234999999999],[1.3501400000000001,42.07312],[1.3345600000000006,42.07698],[1.3234800000000002,42.09492999999999],[1.3268400000000002,42.11512999999999],[1.3619900000000005,42.12997],[1.36658,42.13937]]]},"properties":{"CODIMUNI":"251497","NOMMUNI":"Oliana","CODICOMAR":"04","NOMCOMAR":"Alt Urgell"}},{"type":"Feature","geometry":{"type":"Polygon","coordinates":[[[1.2213699999999998,41.942720000000016],[1.2006799999999997,41.92625000000001],[1.22227,41.91684000000001],[1.2052200000000002,41.89295],[1.1606500000000004,41.8901],[1.1638100000000007,41.90251],[1.1425399999999997,41.90149000000001],[1.13138,41.87592999999999],[1.13711,41.85880999999999],[1.1207400000000005,41.84893999999999],[1.1222700000000003,41.82848999999999],[1.1142400000000003,41.82155999999999],[1.10326,41.82781],[1.0988200000000006,41.81987999999999],[1.0987399999999998,41.81148999999999],[1.1335399999999993,41.80444000000001],[1.1513800000000007,41.81998],[1.1362700000000001,41.80116],[1.1402900000000007,41.78572],[1.1636200000000012,41.78143],[1.1826900000000002,41.79643],[1.1884900000000005,41.850500000000004],[1.224050000000001,41.86119],[1.23383,41.87323],[1.2321599999999997,41.90494],[1.2440800000000007,41.93041999999999],[1.2421200000000001,41.937539999999984],[1.2304800000000002,41.93395999999999],[1.2213699999999998,41.942720000000016]]]},"properties":{"CODIMUNI":"251500","NOMMUNI":"Oliola","CODICOMAR":"23","NOMCOMAR":"Noguera"}},{"type":"Feature","geometry":{"type":"MultiPolygon","coordinates":[[[[1.5023100000000011,42.00259],[1.50025,42.00662],[1.49989,42.003949999999996],[1.5023100000000011,42.00259]]],[[[1.5795,42.03867000000001],[1.56437,42.047119999999985],[1.5629300000000002,42.03611000000001],[1.5268600000000008,42.02627],[1.55121,41.98539],[1.5432900000000005,41.97662],[1.5047700000000006,41.96756999999999],[1.4927500000000002,41.971329999999995],[1.483910000000001,41.98262],[1.49699,41.98612000000001],[1.4937000000000002,41.97556],[1.5048700000000002,41.9859],[1.4955600000000007,41.98938],[1.5011199999999998,41.999719999999996],[1.4915400000000005,42.00998],[1.4640200000000005,42.01653],[1.4699500000000005,41.99368],[1.4594199999999997,41.97675],[1.4678900000000004,41.96115999999999],[1.4893899999999998,41.956979999999994],[1.4960700000000007,41.94292999999999],[1.5138600000000009,41.940829999999984],[1.5144700000000004,41.94782],[1.5638600000000007,41.97057999999999],[1.5690600000000001,41.98646],[1.5981600000000005,41.99174],[1.5795,42.03867000000001]]]]},"properties":{"CODIMUNI":"251517","NOMMUNI":"Olius","CODICOMAR":"35","NOMCOMAR":"Solsonès"}},{"type":"Feature","geometry":{"type":"Polygon","coordinates":[[[1.33324,41.71336],[1.2950000000000006,41.69127999999999],[1.2980800000000003,41.68704999999999],[1.3363100000000008,41.670989999999996],[1.3485500000000001,41.68037],[1.3691199999999994,41.67911],[1.3815900000000003,41.70479000000001],[1.3520900000000002,41.70264],[1.33324,41.71336]]]},"properties":{"CODIMUNI":"251522","NOMMUNI":"les Oluges","CODICOMAR":"32","NOMCOMAR":"Segarra"}},{"type":"Feature","geometry":{"type":"Polygon","coordinates":[[[0.9866699999999999,41.516459999999995],[0.9677799999999998,41.50812],[0.9487899999999994,41.510839999999995],[0.9393499999999994,41.47386],[0.9728600000000001,41.47789000000001],[0.9866699999999999,41.516459999999995]]]},"properties":{"CODIMUNI":"251538","NOMMUNI":"els Omellons","CODICOMAR":"18","NOMCOMAR":"Garrigues"}},{"type":"Feature","geometry":{"type":"Polygon","coordinates":[[[1.0647600000000006,41.512629999999994],[1.0380099999999999,41.50508],[1.0373899999999994,41.49892],[1.0998599999999998,41.476330000000004],[1.10586,41.49999],[1.0647600000000006,41.512629999999994]]]},"properties":{"CODIMUNI":"251543","NOMMUNI":"els Omells de na Gaia","CODICOMAR":"38","NOMCOMAR":"Urgell"}},{"type":"Feature","geometry":{"type":"Polygon","coordinates":[[[1.3254200000000005,42.24166],[1.31727,42.21876999999999],[1.2901700000000007,42.20939],[1.2996199999999996,42.20308],[1.2951500000000005,42.19272999999998],[1.3188500000000005,42.18639],[1.3327800000000005,42.18860999999999],[1.3328600000000002,42.21822999999999],[1.3420400000000001,42.22986],[1.3254200000000005,42.24166]],[[1.3038800000000004,42.200169999999986],[1.3185300000000002,42.19914],[1.32107,42.19748],[1.3148200000000003,42.192539999999994],[1.3038800000000004,42.200169999999986]]]},"properties":{"CODIMUNI":"251556","NOMMUNI":"Organyà","CODICOMAR":"04","NOMCOMAR":"Alt Urgell"}},{"type":"Feature","geometry":{"type":"MultiPolygon","coordinates":[[[[0.7689100000000004,41.851669999999984],[0.7640700000000005,41.826789999999995],[0.8067900000000013,41.803990000000006],[0.80995,41.81673],[0.8248199999999999,41.82125],[0.8283400000000011,41.83863999999999],[0.78308,41.8582],[0.7689100000000004,41.851669999999984]]],[[[0.7689100000000004,41.851669999999984],[0.7609699999999997,41.866109999999985],[0.7656900000000003,41.88724],[0.7377600000000002,41.89926],[0.7113800000000007,41.89832],[0.6730299999999999,41.92211999999999],[0.6844100000000009,41.93797],[0.6700900000000001,41.940290000000005],[0.6559899999999999,41.955369999999995],[0.6661999999999998,41.961439999999996],[0.6658900000000002,41.972970000000004],[0.6418600000000005,41.98201],[0.6388599999999997,41.99474],[0.6169100000000002,41.98698000000001],[0.6055799999999999,41.95999],[0.5870100000000004,41.9665],[0.5626399999999997,41.93268999999999],[0.6026200000000008,41.922399999999996],[0.6063899999999998,41.91816],[0.5948100000000001,41.91691000000001],[0.6009100000000006,41.90817],[0.6228099999999995,41.9051],[0.6566000000000005,41.88112],[0.6591700000000008,41.853190000000005],[0.6840699999999998,41.84168],[0.7689100000000004,41.851669999999984]]]]},"properties":{"CODIMUNI":"251569","NOMMUNI":"Os de Balaguer","CODICOMAR":"23","NOMCOMAR":"Noguera"}},{"type":"Feature","geometry":{"type":"Polygon","coordinates":[[[1.1750800000000003,41.78708000000001],[1.1370699999999998,41.76198000000001],[1.1164900000000013,41.75999],[1.1030300000000002,41.73758],[1.1285800000000004,41.737179999999995],[1.1271300000000004,41.72349],[1.1391000000000002,41.712239999999994],[1.15658,41.712469999999996],[1.1796000000000004,41.74775000000001],[1.1611199999999997,41.75816],[1.1738900000000008,41.763799999999996],[1.1662000000000006,41.77509],[1.1750800000000003,41.78708000000001]]]},"properties":{"CODIMUNI":"251575","NOMMUNI":"Ossó de Sió","CODICOMAR":"38","NOMCOMAR":"Urgell"}},{"type":"Feature","geometry":{"type":"Polygon","coordinates":[[[0.8657000000000006,41.67131],[0.8543300000000004,41.65781],[0.81904,41.63577],[0.8935800000000009,41.64219],[0.8858200000000007,41.65933999999999],[0.8657000000000006,41.67131]]]},"properties":{"CODIMUNI":"251581","NOMMUNI":"el Palau d'Anglesola","CODICOMAR":"27","NOMCOMAR":"Pla d'Urgell"}},{"type":"Feature","geometry":{"type":"MultiPolygon","coordinates":[[[[1.116300000000001,42.27301],[1.0380700000000007,42.281189999999995],[1.0184599999999997,42.26341],[0.9777799999999995,42.25475999999999],[0.96975,42.21632999999999],[0.9593300000000001,42.20531],[0.9861199999999996,42.18414],[1.0520800000000001,42.179889999999986],[1.0606100000000012,42.18608999999999],[1.077690000000001,42.18453999999999],[1.0980999999999994,42.19202],[1.0909599999999997,42.20152000000001],[1.0976699999999997,42.21398],[1.1418500000000007,42.230219999999996],[1.14006,42.23815999999999],[1.1583699999999997,42.24649],[1.1492500000000003,42.261029999999984],[1.116300000000001,42.27301]]],[[[0.9288700000000001,42.29142],[0.88274,42.304269999999995],[0.8571499999999995,42.28491],[0.8563100000000003,42.25998],[0.89203,42.23754999999999],[0.9165700000000001,42.23380000000001],[0.9176400000000003,42.24755],[0.9237400000000004,42.24642999999998],[0.9364700000000002,42.22892999999999],[0.9570100000000004,42.223119999999994],[0.94156,42.267739999999996],[0.9492999999999998,42.28448],[0.93619,42.29558],[0.9288700000000001,42.29142]]]]},"properties":{"CODIMUNI":"251615","NOMMUNI":"Conca de Dalt","CODICOMAR":"25","NOMCOMAR":"Pallars Jussà"}},{"type":"Feature","geometry":{"type":"Polygon","coordinates":[[[1.55731,42.20975],[1.5275100000000001,42.2042],[1.5160500000000006,42.16769],[1.5256000000000003,42.15689],[1.51802,42.15121],[1.5450700000000004,42.15211],[1.5620899999999998,42.160959999999996],[1.5851299999999995,42.14597],[1.5947500000000001,42.15415999999999],[1.6054300000000001,42.13828999999999],[1.6265599999999996,42.13837000000001],[1.6506699999999999,42.17779999999999],[1.6418600000000003,42.19654],[1.55731,42.20975]]]},"properties":{"CODIMUNI":"251636","NOMMUNI":"la Coma i la Pedra","CODICOMAR":"35","NOMCOMAR":"Solsonès"}},{"type":"Feature","geometry":{"type":"Polygon","coordinates":[[[0.9875699999999998,41.774319999999996],[0.9791400000000007,41.77549],[0.9714200000000003,41.75766999999998],[0.95382,41.74523000000001],[0.9741499999999995,41.76681],[0.9596900000000007,41.76873],[0.9491300000000007,41.74566],[0.9461699999999997,41.759080000000004],[0.93868,41.74786],[0.9422399999999999,41.76543],[0.9245199999999998,41.73793],[0.9133800000000001,41.73765999999999],[0.9155899999999999,41.71931000000001],[0.9371200000000001,41.70190999999999],[0.9706600000000001,41.703649999999996],[0.9824399999999999,41.71309],[0.9830999999999999,41.731770000000004],[0.9604600000000003,41.732369999999996],[0.9572699999999995,41.74403999999999],[0.9710900000000007,41.75449999999999],[0.9875699999999998,41.774319999999996]]]},"properties":{"CODIMUNI":"251641","NOMMUNI":"Penelles","CODICOMAR":"23","NOMCOMAR":"Noguera"}},{"type":"Feature","geometry":{"type":"Polygon","coordinates":[[[1.3081300000000002,42.12673999999999],[1.24164,42.116400000000006],[1.2378300000000002,42.104690000000005],[1.2000400000000004,42.089999999999996],[1.20656,42.07925],[1.22097,42.079600000000006],[1.2214300000000002,42.07195],[1.23664,42.06508000000001],[1.2403599999999992,42.03463],[1.2941900000000006,42.03753999999999],[1.30276,42.04868],[1.29225,42.08809000000001],[1.3081300000000002,42.12673999999999]]]},"properties":{"CODIMUNI":"251654","NOMMUNI":"Peramola","CODICOMAR":"04","NOMCOMAR":"Alt Urgell"}},{"type":"Feature","geometry":{"type":"Polygon","coordinates":[[[1.3119500000000002,41.994309999999984],[1.29083,41.96150999999999],[1.3133100000000002,41.948589999999996],[1.2953899999999998,41.92157000000001],[1.3114300000000003,41.91931],[1.3229600000000004,41.88954999999999],[1.3399600000000007,41.90710999999999],[1.3513500000000005,41.90476000000001],[1.3628700000000002,41.923089999999995],[1.3867699999999998,41.92710000000001],[1.3997300000000004,41.91391],[1.4085500000000004,41.916309999999996],[1.4678900000000004,41.96115999999999],[1.4588100000000004,41.97881999999999],[1.4307000000000003,41.96407],[1.4221900000000005,41.981579999999994],[1.4050600000000009,41.989709999999995],[1.3652599999999997,41.97688999999999],[1.35192,41.99376999999999],[1.3119500000000002,41.994309999999984]],[[1.3131000000000008,41.98715999999999],[1.32235,41.98617],[1.3175800000000009,41.98194],[1.3131000000000008,41.98715999999999]]]},"properties":{"CODIMUNI":"251667","NOMMUNI":"Pinell de Solsonès","CODICOMAR":"35","NOMCOMAR":"Solsonès"}},{"type":"Feature","geometry":{"type":"MultiPolygon","coordinates":[[[[1.7249700000000001,41.89279],[1.7086300000000003,41.89704],[1.7064600000000005,41.888459999999995],[1.7191700000000005,41.88266],[1.7249700000000001,41.89279]]],[[[1.549600000000001,41.87630999999999],[1.5317,41.90485],[1.5044400000000004,41.91502],[1.50433,41.85783],[1.49173,41.84068],[1.4742700000000006,41.833580000000005],[1.4840799999999998,41.82173999999999],[1.51781,41.8253],[1.47568,41.80336],[1.48543,41.790099999999995],[1.5450200000000007,41.79532],[1.6054400000000002,41.814809999999994],[1.6151500000000005,41.83021],[1.6096999999999997,41.83598],[1.6317800000000005,41.84356999999999],[1.6165100000000003,41.88081],[1.6004700000000003,41.88366],[1.5831399999999998,41.87347],[1.5685400000000003,41.8798],[1.549600000000001,41.87630999999999]]]]},"properties":{"CODIMUNI":"251673","NOMMUNI":"Pinós","CODICOMAR":"35","NOMCOMAR":"Solsonès"}},{"type":"Feature","geometry":{"type":"Polygon","coordinates":[[[0.8570200000000004,41.69102999999999],[0.8473399999999996,41.69033999999999],[0.8380400000000002,41.6718],[0.8798900000000002,41.664199999999994],[0.9081600000000004,41.66747000000001],[0.9105000000000005,41.679669999999994],[0.8645199999999995,41.678560000000004],[0.8570200000000004,41.69102999999999]]]},"properties":{"CODIMUNI":"251689","NOMMUNI":"el Poal","CODICOMAR":"27","NOMCOMAR":"Pla d'Urgell"}},{"type":"Feature","geometry":{"type":"Polygon","coordinates":[[[0.8151500000000009,41.43514],[0.8397099999999997,41.391739999999984],[0.8471599999999996,41.354729999999996],[0.8632700000000009,41.33811],[0.9515699999999995,41.35190000000001],[0.9374400000000003,41.37823],[0.9021599999999993,41.41124000000001],[0.8853199999999997,41.41943],[0.8406799999999998,41.422019999999996],[0.8151500000000009,41.43514]]]},"properties":{"CODIMUNI":"251692","NOMMUNI":"la Pobla de Cérvoles","CODICOMAR":"18","NOMCOMAR":"Garrigues"}},{"type":"Feature","geometry":{"type":"Polygon","coordinates":[[[0.768000000000001,41.33389999999999],[0.7231899999999993,41.374840000000006],[0.7116400000000002,41.3614],[0.7147600000000005,41.34506],[0.6981099999999998,41.31225],[0.7498199999999998,41.31732999999999],[0.7540300000000008,41.328889999999994],[0.768000000000001,41.33389999999999]]]},"properties":{"CODIMUNI":"251706","NOMMUNI":"Bellaguarda","CODICOMAR":"18","NOMCOMAR":"Garrigues"}},{"type":"Feature","geometry":{"type":"Polygon","coordinates":[[[0.9742000000000013,42.30981],[0.9661800000000003,42.30873],[0.96053,42.28776],[0.9488199999999999,42.283829999999995],[0.94156,42.267739999999996],[0.9623400000000001,42.22098999999999],[0.9820400000000006,42.25836000000001],[1.0184599999999997,42.26341],[1.038550000000001,42.28438],[0.97688,42.29722000000001],[0.9742000000000013,42.30981]]]},"properties":{"CODIMUNI":"251713","NOMMUNI":"la Pobla de Segur","CODICOMAR":"25","NOMCOMAR":"Pallars Jussà"}},{"type":"Feature","geometry":{"type":"Polygon","coordinates":[[[1.1628399999999999,41.95117],[1.15096,41.94104],[1.141250000000001,41.94722],[1.1271699999999998,41.92870999999999],[1.1213300000000004,41.89399],[1.1605100000000004,41.90412],[1.1606500000000004,41.8901],[1.2051800000000006,41.89293],[1.22227,41.91684000000001],[1.2006799999999997,41.92625000000001],[1.21149,41.93846000000001],[1.1966300000000007,41.925769999999986],[1.1702600000000003,41.922599999999996],[1.1628399999999999,41.95117]]]},"properties":{"CODIMUNI":"251728","NOMMUNI":"Ponts","CODICOMAR":"23","NOMCOMAR":"Noguera"}},{"type":"Feature","geometry":{"type":"MultiPolygon","coordinates":[[[[0.7582500000000002,42.464789999999994],[0.7484300000000005,42.478049999999996],[0.7317799999999994,42.45785],[0.7071300000000006,42.44879999999999],[0.7334300000000007,42.41706],[0.7264600000000003,42.404799999999994],[0.7456000000000007,42.38439999999999],[0.7220900000000006,42.36656],[0.7555100000000008,42.3565],[0.7703700000000009,42.37473],[0.7898600000000005,42.37390000000001],[0.8088299999999996,42.35734999999999],[0.7953000000000005,42.34734000000001],[0.7635700000000005,42.34700999999998],[0.7758500000000006,42.3409],[0.7710900000000004,42.33307],[0.8159100000000007,42.31474],[0.8468800000000005,42.31437],[0.8762800000000005,42.299279999999996],[0.8865600000000001,42.30508999999999],[0.891690000000001,42.33502999999999],[0.8728200000000004,42.34139999999999],[0.8620900000000006,42.36705],[0.8396200000000009,42.373319999999985],[0.8224100000000009,42.391499999999986],[0.8343100000000012,42.40353999999999],[0.8223000000000001,42.41552999999999],[0.8290700000000003,42.42470999999998],[0.8558000000000007,42.42554],[0.8711400000000002,42.44601000000001],[0.8367800000000005,42.46111999999999],[0.8143300000000008,42.45713],[0.7994600000000005,42.46430000000001],[0.7582500000000002,42.464789999999994]]],[[[0.7325199999999997,42.48267],[0.73377,42.48336],[0.7329000000000002,42.4834],[0.7325199999999997,42.48267]]]]},"properties":{"CODIMUNI":"251734","NOMMUNI":"el Pont de Suert","CODICOMAR":"05","NOMCOMAR":"Alta Ribagorça"}},{"type":"Feature","geometry":{"type":"Polygon","coordinates":[[[0.632840000000001,41.75970999999999],[0.62059,41.74048],[0.6256499999999999,41.723479999999995],[0.6491499999999991,41.710179999999994],[0.6720600000000007,41.71875],[0.632840000000001,41.75970999999999]]]},"properties":{"CODIMUNI":"251749","NOMMUNI":"la Portella","CODICOMAR":"33","NOMCOMAR":"Segrià"}},{"type":"Feature","geometry":{"type":"Polygon","coordinates":[[[1.8335499999999996,42.38049],[1.8147200000000006,42.37285999999999],[1.8242600000000004,42.35124999999999],[1.8451400000000002,42.35488],[1.85553,42.369299999999996],[1.8335499999999996,42.38049]]]},"properties":{"CODIMUNI":"251752","NOMMUNI":"Prats i Sansor","CODICOMAR":"15","NOMCOMAR":"Cerdanya"}},{"type":"Feature","geometry":{"type":"Polygon","coordinates":[[[1.0537700000000008,41.62543000000001],[1.0165400000000004,41.61368],[1.0028900000000007,41.587360000000004],[1.0116500000000004,41.58336999999999],[1.0434099999999997,41.59075],[1.0836899999999996,41.57807000000001],[1.0798199999999991,41.610900000000015],[1.0537700000000008,41.62543000000001]]]},"properties":{"CODIMUNI":"251765","NOMMUNI":"Preixana","CODICOMAR":"38","NOMCOMAR":"Urgell"}},{"type":"Feature","geometry":{"type":"Polygon","coordinates":[[[1.0554600000000003,41.83697],[1.02934,41.81943999999999],[1.0178900000000006,41.82852999999999],[0.9862400000000009,41.77157999999999],[1.0197400000000003,41.77688],[1.0333600000000007,41.76882],[1.0606800000000005,41.792950000000005],[1.0805500000000003,41.82405],[1.0642400000000007,41.8146],[1.0666000000000013,41.83523],[1.0554600000000003,41.83697]]]},"properties":{"CODIMUNI":"251771","NOMMUNI":"Preixens","CODICOMAR":"23","NOMCOMAR":"Noguera"}},{"type":"Feature","geometry":{"type":"Polygon","coordinates":[[[1.7294400000000005,42.414759999999994],[1.7239200000000001,42.43174999999999],[1.71935,42.40785999999999],[1.70916,42.40034000000001],[1.7011200000000004,42.40804],[1.70599,42.38564],[1.6954300000000002,42.362759999999994],[1.7467199999999998,42.36539999999999],[1.7589399999999995,42.37343],[1.7488500000000002,42.39833000000001],[1.7294400000000005,42.414759999999994]]]},"properties":{"CODIMUNI":"251790","NOMMUNI":"Prullans","CODICOMAR":"15","NOMCOMAR":"Cerdanya"}},{"type":"Feature","geometry":{"type":"Polygon","coordinates":[[[0.8930700000000001,41.53521],[0.8819800000000005,41.58165],[0.8510500000000006,41.57436],[0.8612600000000007,41.56998999999998],[0.8592100000000003,41.562479999999994],[0.8717600000000003,41.561189999999996],[0.874020000000001,41.53611],[0.8930700000000001,41.53521]]]},"properties":{"CODIMUNI":"251804","NOMMUNI":"Puiggròs","CODICOMAR":"18","NOMCOMAR":"Garrigues"}},{"type":"Feature","geometry":{"type":"Polygon","coordinates":[[[1.1405199999999993,41.792730000000006],[1.11721,41.791259999999994],[1.0659,41.720659999999995],[1.0197600000000002,41.69593],[1.0285199999999994,41.69243],[1.0804,41.721180000000004],[1.1053200000000003,41.73928999999999],[1.1164900000000013,41.75999],[1.1370699999999998,41.76198000000001],[1.16351,41.78127],[1.1402900000000007,41.78572],[1.1405199999999993,41.792730000000006]]]},"properties":{"CODIMUNI":"251811","NOMMUNI":"Puigverd d'Agramunt","CODICOMAR":"38","NOMCOMAR":"Urgell"}},{"type":"Feature","geometry":{"type":"Polygon","coordinates":[[[0.7352199999999997,41.56626],[0.7090600000000001,41.5259],[0.7266999999999996,41.51851],[0.7562499999999999,41.535059999999994],[0.756050000000001,41.55035],[0.7644600000000007,41.55134],[0.7647300000000005,41.55703],[0.7352199999999997,41.56626]]]},"properties":{"CODIMUNI":"251826","NOMMUNI":"Puigverd de Lleida","CODICOMAR":"33","NOMCOMAR":"Segrià"}},{"type":"Feature","geometry":{"type":"Polygon","coordinates":[[[1.0833800000000007,42.51851000000001],[1.0677,42.50814],[1.0853300000000001,42.48475],[1.0792000000000002,42.47287000000001],[1.13255,42.44373999999999],[1.12927,42.427110000000006],[1.1454199999999999,42.43306],[1.1925599999999996,42.420190000000005],[1.2068400000000001,42.40912999999999],[1.217130000000001,42.41226],[1.2156999999999998,42.46261],[1.2045800000000007,42.45387],[1.1991700000000003,42.46704],[1.17933,42.46427],[1.1610000000000007,42.47965],[1.1381299999999999,42.48056],[1.114030000000001,42.501719999999985],[1.11371,42.51602999999999],[1.1007399999999998,42.50968],[1.0833800000000007,42.51851000000001]]]},"properties":{"CODIMUNI":"251832","NOMMUNI":"Rialp","CODICOMAR":"26","NOMCOMAR":"Pallars Sobirà"}},{"type":"Feature","geometry":{"type":"MultiPolygon","coordinates":[[[[1.3440300000000005,42.27358],[1.33944,42.27861],[1.2899200000000002,42.27625],[1.3003500000000001,42.26396],[1.3331900000000003,42.260979999999996],[1.3440300000000005,42.27358]]],[[[1.4715800000000006,42.314919999999994],[1.4514100000000003,42.34788999999999],[1.4175,42.33253],[1.4040100000000002,42.34185999999999],[1.3863100000000002,42.33818],[1.3577800000000007,42.344469999999994],[1.3468900000000001,42.3325],[1.33241,42.33215],[1.3321599999999998,42.31112999999999],[1.36124,42.30177],[1.3675700000000002,42.291850000000004],[1.3473600000000001,42.25273],[1.359220000000001,42.230959999999996],[1.41032,42.22513999999999],[1.4155500000000003,42.23134],[1.4029500000000006,42.25175],[1.475480000000001,42.27189],[1.4800800000000005,42.28320999999999],[1.4548600000000003,42.30008000000001],[1.4715800000000006,42.314919999999994]]]]},"properties":{"CODIMUNI":"251850","NOMMUNI":"Ribera d'Urgellet","CODICOMAR":"04","NOMCOMAR":"Alt Urgell"}},{"type":"Feature","geometry":{"type":"Polygon","coordinates":[[[1.5591700000000002,41.94221999999999],[1.5477399999999997,41.9644],[1.5144700000000004,41.94782],[1.5138600000000009,41.940829999999984],[1.5023,41.941269999999996],[1.4988199999999996,41.92308],[1.5317,41.90485],[1.55617,41.873],[1.5826400000000007,41.892799999999994],[1.5828000000000002,41.90596000000001],[1.6119000000000006,41.94979],[1.59958,41.95882],[1.59074,41.9377],[1.5591700000000002,41.94221999999999]]]},"properties":{"CODIMUNI":"251863","NOMMUNI":"Riner","CODICOMAR":"35","NOMCOMAR":"Solsonès"}},{"type":"Feature","geometry":{"type":"Polygon","coordinates":[[[0.5768900000000008,41.70945],[0.5699000000000005,41.69057],[0.5788899999999996,41.68251],[0.6131700000000002,41.684099999999994],[0.6094000000000009,41.707060000000006],[0.5768900000000008,41.70945]]]},"properties":{"CODIMUNI":"251898","NOMMUNI":"Rosselló","CODICOMAR":"33","NOMCOMAR":"Segrià"}},{"type":"Feature","geometry":{"type":"Polygon","coordinates":[[[0.8562600000000002,42.26156999999999],[0.8479600000000009,42.259219999999985],[0.8894099999999991,42.2338],[0.9211900000000004,42.19899999999999],[0.9426600000000007,42.19655],[0.9691299999999999,42.21521],[0.9687200000000005,42.22218999999999],[0.9364700000000002,42.22892999999999],[0.9240400000000003,42.24631999999999],[0.9176400000000003,42.24755],[0.9165700000000001,42.23380000000001],[0.89203,42.23754999999999],[0.8562600000000002,42.26156999999999]]]},"properties":{"CODIMUNI":"251902","NOMMUNI":"Salàs de Pallars","CODICOMAR":"25","NOMCOMAR":"Pallars Jussà"}},{"type":"Feature","geometry":{"type":"Polygon","coordinates":[[[1.33606,41.899919999999995],[1.3229600000000004,41.88954999999999],[1.2925199999999997,41.89791],[1.28262,41.876049999999985],[1.25814,41.85869],[1.3149900000000008,41.82748],[1.3432399999999995,41.85983000000001],[1.33606,41.899919999999995]]]},"properties":{"CODIMUNI":"251919","NOMMUNI":"Sanaüja","CODICOMAR":"32","NOMCOMAR":"Segarra"}},{"type":"Feature","geometry":{"type":"Polygon","coordinates":[[[1.4030700000000003,41.68666],[1.3746199999999997,41.67261999999999],[1.38004,41.6328],[1.43057,41.62982],[1.4489100000000001,41.63667000000001],[1.4507199999999998,41.64635],[1.4330000000000003,41.65153],[1.4155000000000004,41.674699999999994],[1.42329,41.68405],[1.4030700000000003,41.68666]]]},"properties":{"CODIMUNI":"251924","NOMMUNI":"Sant Guim de Freixenet","CODICOMAR":"32","NOMCOMAR":"Segarra"}},{"type":"Feature","geometry":{"type":"MultiPolygon","coordinates":[[[[1.5751900000000005,42.12454999999999],[1.5793800000000005,42.11339],[1.5884300000000002,42.112429999999996],[1.58411,42.12075000000001],[1.5751900000000005,42.12454999999999]]],[[[1.60392,42.13172999999999],[1.5933,42.149449999999995],[1.5704100000000003,42.131029999999996],[1.59455,42.12628],[1.60392,42.13172999999999]]]]},"properties":{"CODIMUNI":"251930","NOMMUNI":"Sant Llorenç de Morunys","CODICOMAR":"35","NOMCOMAR":"Solsonès"}},{"type":"Feature","geometry":{"type":"Polygon","coordinates":[[[1.3661900000000002,41.75532],[1.3548300000000002,41.74669999999999],[1.3330000000000002,41.74957],[1.3228100000000005,41.72355999999999],[1.3453300000000004,41.70784999999999],[1.4004499999999995,41.73917000000001],[1.40055,41.74513000000001],[1.3661900000000002,41.75532]]]},"properties":{"CODIMUNI":"251945","NOMMUNI":"Sant Ramon","CODICOMAR":"32","NOMCOMAR":"Segarra"}},{"type":"Feature","geometry":{"type":"Polygon","coordinates":[[[0.7037399999999998,42.12725999999999],[0.6802800000000009,42.07601],[0.6940700000000007,42.05929],[0.7429400000000007,42.05257999999999],[0.7634099999999996,42.03998],[0.8365899999999998,42.03984999999999],[0.8613900000000007,42.07298999999999],[0.84102,42.09657],[0.7882800000000001,42.096529999999994],[0.7740299999999999,42.12012000000001],[0.7243099999999997,42.10932],[0.7037399999999998,42.12725999999999]]]},"properties":{"CODIMUNI":"251961","NOMMUNI":"Sant Esteve de la Sarga","CODICOMAR":"25","NOMCOMAR":"Pallars Jussà"}},{"type":"Feature","geometry":{"type":"Polygon","coordinates":[[[1.362680000000001,41.789269999999995],[1.33821,41.76019],[1.3251000000000002,41.77629],[1.31043,41.75132],[1.3632899999999997,41.7487],[1.3735800000000007,41.778690000000005],[1.362680000000001,41.789269999999995]]]},"properties":{"CODIMUNI":"251977","NOMMUNI":"Sant Guim de la Plana","CODICOMAR":"32","NOMCOMAR":"Segarra"}},{"type":"Feature","geometry":{"type":"Polygon","coordinates":[[[0.56978,41.50110000000001],[0.5191399999999994,41.50259000000001],[0.5183400000000009,41.49594999999999],[0.5438300000000006,41.47218999999999],[0.5350899999999997,41.46975],[0.5414700000000006,41.446799999999996],[0.5291700000000001,41.42859000000001],[0.5631100000000003,41.40988999999998],[0.5677100000000003,41.43478],[0.5992100000000005,41.45378],[0.5956300000000002,41.48854000000001],[0.56978,41.50110000000001]]]},"properties":{"CODIMUNI":"252000","NOMMUNI":"Sarroca de Lleida","CODICOMAR":"33","NOMCOMAR":"Segrià"}},{"type":"Feature","geometry":{"type":"Polygon","coordinates":[[[0.92205,42.48488999999999],[0.8944200000000002,42.47979000000001],[0.8804700000000003,42.46013000000001],[0.8559400000000008,42.45468],[0.8703800000000008,42.44031999999999],[0.8558000000000007,42.42554],[0.8290700000000003,42.42470999999998],[0.8223000000000001,42.41552999999999],[0.8343100000000012,42.40353999999999],[0.8224100000000009,42.391499999999986],[0.8396200000000009,42.373319999999985],[0.8620900000000006,42.36705],[0.8731699999999996,42.34515],[0.932750000000001,42.33593],[0.9082100000000005,42.37245],[0.9113800000000001,42.38603],[0.92581,42.38516],[0.9155700000000007,42.39354],[0.9362600000000008,42.43126999999999],[0.9156900000000004,42.45089999999999],[0.93186,42.47596999999999],[0.92205,42.48488999999999]]]},"properties":{"CODIMUNI":"252017","NOMMUNI":"Sarroca de Bellera","CODICOMAR":"25","NOMCOMAR":"Pallars Jussà"}},{"type":"Feature","geometry":{"type":"MultiPolygon","coordinates":[[[[0.9348700000000003,42.33835],[0.8731699999999996,42.34515],[0.891690000000001,42.33502999999999],[0.8865600000000001,42.30508999999999],[0.9172100000000009,42.29263],[0.93619,42.29558],[0.9493699999999999,42.28426],[0.96053,42.28776],[0.973550000000001,42.313669999999995],[0.9672800000000003,42.3116],[0.9636700000000002,42.32224999999999],[0.9348700000000003,42.33835]]],[[[0.9251899999999995,42.35401],[0.9262400000000003,42.38183999999999],[0.9113800000000001,42.38603],[0.9082100000000005,42.37245],[0.9251899999999995,42.35401]]]]},"properties":{"CODIMUNI":"252022","NOMMUNI":"Senterada","CODICOMAR":"25","NOMCOMAR":"Pallars Jussà"}},{"type":"Feature","geometry":{"type":"MultiPolygon","coordinates":[[[[1.5015499999999997,42.34210999999999],[1.4979,42.34605],[1.4960700000000002,42.34944999999999],[1.49325,42.341699999999996],[1.5015499999999997,42.34210999999999]]],[[[1.4456600000000002,42.373870000000004],[1.4410900000000002,42.38498],[1.42707,42.35316000000001],[1.4404700000000001,42.34431999999999],[1.4514100000000003,42.34788999999999],[1.4617000000000002,42.33530999999999],[1.4875200000000002,42.34507],[1.4884000000000002,42.35830000000001],[1.5081900000000004,42.357209999999995],[1.5010700000000001,42.37281999999998],[1.4941699999999996,42.35907],[1.4456600000000002,42.373870000000004]]]]},"properties":{"CODIMUNI":"252038","NOMMUNI":"la Seu d'Urgell","CODICOMAR":"04","NOMCOMAR":"Alt Urgell"}},{"type":"Feature","geometry":{"type":"Polygon","coordinates":[[[0.3966899999999992,41.48830999999999],[0.3670300000000001,41.485959999999984],[0.36583000000000027,41.47625],[0.37893,41.46858],[0.37060000000000015,41.44653000000001],[0.3763500000000007,41.43871000000001],[0.4012400000000003,41.43621000000001],[0.42336,41.398770000000006],[0.3999200000000011,41.39710999999999],[0.39860000000000034,41.38873],[0.36044000000000065,41.370120000000014],[0.37476000000000137,41.34913],[0.42926000000000003,41.36162],[0.4655000000000012,41.34131999999999],[0.47320000000000073,41.359359999999995],[0.46096000000000065,41.37718999999999],[0.4732800000000006,41.38853999999999],[0.4732300000000001,41.42881999999999],[0.4589800000000003,41.43439000000001],[0.4547900000000005,41.45341],[0.3966899999999992,41.48830999999999]]]},"properties":{"CODIMUNI":"252043","NOMMUNI":"Seròs","CODICOMAR":"33","NOMCOMAR":"Segrià"}},{"type":"Feature","geometry":{"type":"Polygon","coordinates":[[[0.8542299999999997,41.63763999999999],[0.8124900000000002,41.63446999999999],[0.8072800000000002,41.62266],[0.8507099999999997,41.61290999999999],[0.8542299999999997,41.63763999999999]]]},"properties":{"CODIMUNI":"252056","NOMMUNI":"Sidamon","CODICOMAR":"27","NOMCOMAR":"Pla d'Urgell"}},{"type":"Feature","geometry":{"type":"Polygon","coordinates":[[[0.7130299999999995,41.44451999999999],[0.7006800000000002,41.42384999999999],[0.6905999999999998,41.42967],[0.6631100000000009,41.416410000000006],[0.6905400000000006,41.39815999999999],[0.6984600000000002,41.41065],[0.7243899999999995,41.413470000000004],[0.7233000000000009,41.44049],[0.7130299999999995,41.44451999999999]]]},"properties":{"CODIMUNI":"252069","NOMMUNI":"el Soleràs","CODICOMAR":"18","NOMCOMAR":"Garrigues"}},{"type":"Feature","geometry":{"type":"Polygon","coordinates":[[[1.52925,42.021069999999995],[1.4921300000000002,42.00936],[1.504590000000001,41.994989999999994],[1.4955600000000007,41.98938],[1.5050699999999997,41.98651],[1.4937000000000002,41.97556],[1.49699,41.98612000000001],[1.483910000000001,41.98262],[1.4979600000000002,41.96923000000001],[1.5432900000000005,41.97662],[1.55081,41.984489999999994],[1.52925,42.021069999999995]],[[1.49989,42.003949999999996],[1.5054000000000003,42.00604],[1.5023100000000011,42.00259],[1.49989,42.003949999999996]]]},"properties":{"CODIMUNI":"252075","NOMMUNI":"Solsona","CODICOMAR":"35","NOMCOMAR":"Solsonès"}},{"type":"Feature","geometry":{"type":"Polygon","coordinates":[[[1.2541099999999998,42.43769000000001],[1.2552100000000004,42.42496],[1.2418800000000003,42.42132],[1.2222299999999995,42.42946],[1.22295,42.41773],[1.2097300000000004,42.409289999999984],[1.1919300000000002,42.41869],[1.1771799999999992,42.40903999999999],[1.1432400000000011,42.4036],[1.1084300000000005,42.36921],[1.0446900000000006,42.410219999999995],[1.0250200000000007,42.36866000000001],[1.0677800000000002,42.34903999999999],[1.06585,42.33415],[1.1512400000000005,42.34152],[1.1719100000000011,42.328789999999984],[1.1883300000000008,42.34890999999998],[1.2363400000000002,42.36939999999999],[1.2447,42.41537000000001],[1.26156,42.41982],[1.2541099999999998,42.43769000000001]]]},"properties":{"CODIMUNI":"252081","NOMMUNI":"Soriguera","CODICOMAR":"26","NOMCOMAR":"Pallars Sobirà"}},{"type":"Feature","geometry":{"type":"Polygon","coordinates":[[[1.0496900000000002,42.53015],[1.0271600000000007,42.52448],[1.0231100000000002,42.51608000000001],[1.0307100000000005,42.50363],[1.0186700000000004,42.478359999999995],[1.01676,42.43741],[1.0384000000000007,42.42439999999999],[1.0446900000000006,42.410219999999995],[1.1084300000000005,42.36921],[1.1417200000000003,42.40277],[1.1771799999999992,42.40903999999999],[1.1925599999999996,42.420190000000005],[1.1425200000000018,42.433490000000006],[1.12927,42.427110000000006],[1.1327999999999998,42.44348999999999],[1.0792000000000002,42.47287000000001],[1.0853300000000001,42.48475],[1.0496900000000002,42.53015]]]},"properties":{"CODIMUNI":"252094","NOMMUNI":"Sort","CODICOMAR":"26","NOMCOMAR":"Pallars Sobirà"}},{"type":"Feature","geometry":{"type":"Polygon","coordinates":[[[0.4577600000000005,41.56363000000001],[0.43133000000000005,41.581],[0.4301000000000009,41.56510999999999],[0.44617000000000023,41.543009999999995],[0.4346000000000007,41.52712999999999],[0.4805900000000003,41.499469999999995],[0.5066799999999997,41.54332],[0.4908900000000003,41.5583],[0.4577600000000005,41.56363000000001]]]},"properties":{"CODIMUNI":"252108","NOMMUNI":"Soses","CODICOMAR":"33","NOMCOMAR":"Segrià"}},{"type":"Feature","geometry":{"type":"Polygon","coordinates":[[[0.5742999999999997,41.57597],[0.5405200000000009,41.55485000000001],[0.5982200000000001,41.5381],[0.6005800000000013,41.54075000000001],[0.5742999999999997,41.57597]]]},"properties":{"CODIMUNI":"252115","NOMMUNI":"Sudanell","CODICOMAR":"33","NOMCOMAR":"Segrià"}},{"type":"Feature","geometry":{"type":"Polygon","coordinates":[[[0.5887100000000008,41.54543],[0.5748299999999997,41.54077000000001],[0.5702300000000005,41.52429],[0.5749200000000002,41.49797],[0.5953200000000006,41.48944999999999],[0.6092900000000009,41.535109999999996],[0.5887100000000008,41.54543]]]},"properties":{"CODIMUNI":"252120","NOMMUNI":"Sunyer","CODICOMAR":"33","NOMCOMAR":"Segrià"}},{"type":"Feature","geometry":{"type":"Polygon","coordinates":[[[0.8941700000000001,42.21198999999999],[0.8575999999999998,42.19198],[0.883150000000001,42.17095],[0.8707200000000003,42.16121999999999],[0.8784899999999994,42.15752],[0.8711100000000002,42.14185],[0.8937500000000005,42.13304],[0.8941900000000008,42.12103],[0.9021000000000007,42.12923],[0.8941399999999999,42.147729999999996],[0.9076000000000011,42.160999999999994],[0.88362,42.16129],[0.8863400000000001,42.17299],[0.8988700000000003,42.17634000000001],[0.9082799999999998,42.16291],[0.9263600000000004,42.17002999999999],[0.9227999999999993,42.17903999999999],[0.9417800000000007,42.19243],[0.8941700000000001,42.21198999999999]]]},"properties":{"CODIMUNI":"252154","NOMMUNI":"Talarn","CODICOMAR":"25","NOMCOMAR":"Pallars Jussà"}},{"type":"Feature","geometry":{"type":"Polygon","coordinates":[[[1.3554200000000012,41.62235999999999],[1.3408800000000003,41.60739],[1.3467000000000007,41.60219],[1.3361700000000005,41.59322],[1.3191400000000006,41.59507000000001],[1.3042600000000002,41.57142],[1.37086,41.5653],[1.3844500000000004,41.55587],[1.4031900000000002,41.55788],[1.39227,41.5788],[1.4077699999999997,41.590740000000004],[1.4073300000000009,41.60034],[1.3660300000000007,41.60024],[1.3605000000000007,41.61359999999999],[1.36988,41.62139],[1.3554200000000012,41.62235999999999]]]},"properties":{"CODIMUNI":"252167","NOMMUNI":"Talavera","CODICOMAR":"32","NOMCOMAR":"Segarra"}},{"type":"Feature","geometry":{"type":"Polygon","coordinates":[[[1.1285800000000004,41.737179999999995],[1.1030300000000002,41.73758],[1.0804,41.721180000000004],[1.0802100000000006,41.71611999999999],[1.0974900000000003,41.72301999999999],[1.1001400000000006,41.702729999999995],[1.0582899999999997,41.681219999999996],[1.0864199999999995,41.67649],[1.1080200000000002,41.68795000000001],[1.1258900000000003,41.67331],[1.10845,41.66373],[1.1132700000000004,41.64593000000001],[1.10901,41.63855999999999],[1.1003099999999992,41.64166999999999],[1.0947600000000004,41.60964],[1.1410800000000008,41.624289999999995],[1.1654300000000009,41.610279999999996],[1.1866200000000005,41.61989],[1.1848800000000004,41.67640999999999],[1.2064699999999997,41.71665],[1.19579,41.72079000000001],[1.1703900000000007,41.708929999999995],[1.1391000000000002,41.712239999999994],[1.1271300000000004,41.72349],[1.1285800000000004,41.737179999999995]]]},"properties":{"CODIMUNI":"252173","NOMMUNI":"Tàrrega","CODICOMAR":"38","NOMCOMAR":"Urgell"}},{"type":"Feature","geometry":{"type":"Polygon","coordinates":[[[1.0166200000000003,41.45336],[1.0034800000000006,41.44626000000001],[1.0133100000000006,41.421899999999994],[0.9980699999999999,41.41561],[1.00347,41.40458000000001],[1.0137300000000002,41.40359999999999],[1.0277200000000002,41.40926000000001],[1.0464100000000003,41.44065],[1.0166200000000003,41.45336]]]},"properties":{"CODIMUNI":"252189","NOMMUNI":"Tarrés","CODICOMAR":"18","NOMCOMAR":"Garrigues"}},{"type":"Feature","geometry":{"type":"Polygon","coordinates":[[[1.2756199999999998,41.69811],[1.2922400000000003,41.744389999999996],[1.2816699999999999,41.742340000000006],[1.26677,41.72908000000001],[1.2580000000000002,41.70603],[1.2756199999999998,41.69811]]]},"properties":{"CODIMUNI":"252192","NOMMUNI":"Tarroja de Segarra","CODICOMAR":"32","NOMCOMAR":"Segarra"}},{"type":"Feature","geometry":{"type":"Polygon","coordinates":[[[0.7958400000000007,41.75223999999999],[0.7749900000000005,41.74893],[0.7732999999999994,41.73174],[0.7426400000000009,41.714809999999986],[0.7636599999999998,41.685619999999986],[0.7764300000000003,41.68817],[0.7782099999999994,41.69928],[0.8095499999999995,41.70007000000001],[0.8119800000000001,41.71267],[0.829810000000001,41.712209999999985],[0.8277200000000002,41.72847],[0.7958400000000007,41.75223999999999]]]},"properties":{"CODIMUNI":"252206","NOMMUNI":"Térmens","CODICOMAR":"23","NOMCOMAR":"Noguera"}},{"type":"Feature","geometry":{"type":"Polygon","coordinates":[[[1.2491000000000003,42.53184],[1.21408,42.52313],[1.2130599999999998,42.507629999999985],[1.22685,42.49963],[1.2304200000000003,42.508539999999996],[1.26081,42.516100000000016],[1.2491000000000003,42.53184]]]},"properties":{"CODIMUNI":"252213","NOMMUNI":"Tírvia","CODICOMAR":"26","NOMCOMAR":"Pallars Sobirà"}},{"type":"Feature","geometry":{"type":"Polygon","coordinates":[[[1.2574100000000006,41.99508],[1.2283700000000004,41.96134],[1.19194,41.94222],[1.1962700000000004,41.93761999999999],[1.2202300000000013,41.94339999999999],[1.2348900000000007,41.93392999999999],[1.25228,41.943649999999984],[1.2622800000000014,41.97267],[1.2574100000000006,41.99508]]]},"properties":{"CODIMUNI":"252228","NOMMUNI":"Tiurana","CODICOMAR":"23","NOMCOMAR":"Noguera"}},{"type":"Feature","geometry":{"type":"Polygon","coordinates":[[[1.4996600000000004,41.90290999999999],[1.483620000000001,41.90595999999999],[1.4442100000000002,41.8808],[1.43942,41.90314],[1.4132699999999996,41.88521],[1.39779,41.833220000000004],[1.3718600000000003,41.81324],[1.3603600000000007,41.79017],[1.36803,41.78157],[1.3763599999999998,41.78014000000001],[1.4039000000000004,41.805339999999994],[1.4024700000000005,41.78622],[1.4152,41.77606],[1.4165800000000004,41.79494999999999],[1.4264700000000003,41.80185],[1.4669800000000002,41.79867],[1.5163400000000002,41.82353],[1.4840799999999998,41.82173999999999],[1.4742700000000006,41.833580000000005],[1.49173,41.84068],[1.50433,41.85783],[1.4996600000000004,41.90290999999999]]]},"properties":{"CODIMUNI":"252234","NOMMUNI":"Torà","CODICOMAR":"35","NOMCOMAR":"Solsonès"}},{"type":"Feature","geometry":{"type":"Polygon","coordinates":[[[0.7293300000000001,41.41465999999999],[0.68973,41.40401],[0.7336900000000006,41.3705],[0.7449499999999997,41.37834],[0.7382800000000004,41.38539000000001],[0.7468000000000009,41.39954],[0.7293300000000001,41.41465999999999]]]},"properties":{"CODIMUNI":"252249","NOMMUNI":"els Torms","CODICOMAR":"18","NOMCOMAR":"Garrigues"}},{"type":"Feature","geometry":{"type":"MultiPolygon","coordinates":[[[[1.0974900000000003,41.72301999999999],[1.0802100000000006,41.71611999999999],[1.0804,41.721180000000004],[1.0285199999999994,41.69243],[1.0413700000000006,41.69510999999999],[1.0552200000000003,41.68279],[1.07866,41.7021],[1.1025900000000002,41.707939999999994],[1.0974900000000003,41.72301999999999]]],[[[1.0100499999999997,41.68904],[1.0659,41.720659999999995],[1.0903900000000009,41.75519],[1.0700900000000007,41.734449999999995],[1.0288400000000004,41.71732],[0.9985999999999999,41.69185000000001],[1.0100499999999997,41.68904]]]]},"properties":{"CODIMUNI":"252252","NOMMUNI":"Tornabous","CODICOMAR":"38","NOMCOMAR":"Urgell"}},{"type":"Feature","geometry":{"type":"Polygon","coordinates":[[[0.5993000000000005,41.453100000000006],[0.5677100000000003,41.43478],[0.5631100000000003,41.40988999999998],[0.6060800000000002,41.389810000000004],[0.6257699999999997,41.39934000000001],[0.6296700000000002,41.41653],[0.6217700000000006,41.42672000000001],[0.6256400000000009,41.447219999999994],[0.5993000000000005,41.453100000000006]]]},"properties":{"CODIMUNI":"252265","NOMMUNI":"Torrebesses","CODICOMAR":"33","NOMCOMAR":"Segrià"}},{"type":"Feature","geometry":{"type":"Polygon","coordinates":[[[0.9903800000000001,42.55118],[0.9661000000000004,42.54952999999998],[0.9546200000000005,42.538790000000006],[0.9570400000000001,42.529630000000004],[0.9200200000000004,42.501679999999986],[0.93186,42.47596999999999],[0.9156900000000004,42.45089999999999],[0.9362600000000008,42.43126999999999],[0.9155000000000002,42.392770000000006],[0.9311200000000002,42.370090000000005],[0.9248300000000006,42.3718],[0.9277900000000004,42.34585000000001],[0.9548800000000001,42.325619999999994],[0.9576099999999996,42.33892999999999],[0.9762499999999997,42.33851],[0.9918599999999994,42.347710000000006],[1.005670000000001,42.38966999999999],[1.0436699999999992,42.41763000000001],[1.01672,42.43757000000001],[1.0271600000000007,42.52448],[1.0120600000000002,42.5397],[0.9969800000000005,42.539629999999995],[0.9903800000000001,42.55118]]]},"properties":{"CODIMUNI":"252271","NOMMUNI":"la Torre de Cabdella","CODICOMAR":"25","NOMCOMAR":"Pallars Jussà"}},{"type":"Feature","geometry":{"type":"MultiPolygon","coordinates":[[[[0.5699000000000005,41.69057],[0.5730100000000007,41.676729999999985],[0.6032700000000003,41.662929999999996],[0.6179900000000003,41.66808999999999],[0.6176000000000008,41.680780000000006],[0.6249200000000003,41.679390000000005],[0.6187799999999994,41.69283],[0.6131700000000002,41.684099999999994],[0.5851399999999999,41.67877],[0.5699000000000005,41.69057]]],[[[0.5699000000000005,41.69057],[0.5716699999999999,41.71287],[0.5179500000000006,41.71784000000001],[0.5029000000000002,41.69440000000001],[0.5286700000000011,41.67716999999998],[0.5533300000000001,41.69458000000001],[0.5699000000000005,41.69057]]]]},"properties":{"CODIMUNI":"252287","NOMMUNI":"Torrefarrera","CODICOMAR":"33","NOMCOMAR":"Segrià"}},{"type":"Feature","geometry":{"type":"Polygon","coordinates":[[[0.8235499999999996,41.61484],[0.8038400000000001,41.590149999999994],[0.7821699999999998,41.58181999999999],[0.7449000000000003,41.58871],[0.7323600000000005,41.566759999999995],[0.7756999999999998,41.5493],[0.7792500000000011,41.56736],[0.7889699999999998,41.56311000000001],[0.797260000000001,41.57059999999999],[0.8314800000000001,41.57051],[0.8381200000000001,41.56455],[0.8823200000000003,41.58382999999999],[0.85504,41.61099],[0.8235499999999996,41.61484]]]},"properties":{"CODIMUNI":"252304","NOMMUNI":"Torregrossa","CODICOMAR":"27","NOMCOMAR":"Pla d'Urgell"}},{"type":"Feature","geometry":{"type":"Polygon","coordinates":[[[0.7332200000000001,41.71032000000001],[0.6891199999999992,41.72869000000001],[0.6720600000000007,41.71875],[0.6915500000000006,41.69805],[0.7268500000000002,41.700179999999996],[0.7332200000000001,41.71032000000001]]]},"properties":{"CODIMUNI":"252311","NOMMUNI":"Torrelameu","CODICOMAR":"23","NOMCOMAR":"Noguera"}},{"type":"Feature","geometry":{"type":"Polygon","coordinates":[[[0.43611000000000055,41.59295],[0.4502700000000007,41.568149999999996],[0.5018800000000004,41.55512999999999],[0.5088399999999994,41.54485],[0.4805900000000003,41.499469999999995],[0.5055199999999994,41.49452],[0.5277700000000003,41.47232],[0.5438300000000006,41.47218999999999],[0.5191399999999994,41.50259000000001],[0.5749200000000002,41.49797],[0.5696400000000001,41.52964],[0.5798000000000009,41.54283999999999],[0.5391900000000011,41.556189999999994],[0.5247099999999999,41.554069999999996],[0.43611000000000055,41.59295]]]},"properties":{"CODIMUNI":"252326","NOMMUNI":"Torres de Segre","CODICOMAR":"33","NOMCOMAR":"Segrià"}},{"type":"Feature","geometry":{"type":"Polygon","coordinates":[[[0.62656,41.69706],[0.6187799999999994,41.69283],[0.6249200000000003,41.679390000000005],[0.6163900000000015,41.679649999999995],[0.6177200000000006,41.67117999999999],[0.6554099999999997,41.66191],[0.65382,41.67718000000001],[0.6305599999999999,41.68699999999999],[0.62656,41.69706]]]},"properties":{"CODIMUNI":"252332","NOMMUNI":"Torre-serona","CODICOMAR":"33","NOMCOMAR":"Segrià"}},{"type":"Feature","geometry":{"type":"MultiPolygon","coordinates":[[[[0.8938699999999998,42.12284],[0.8937500000000005,42.13304],[0.8742400000000002,42.13769],[0.8821999999999998,42.12461],[0.8938699999999998,42.12284]]],[[[0.9062799999999999,42.16287],[0.8988700000000003,42.17634000000001],[0.8863400000000001,42.17299],[0.88362,42.16129],[0.9076000000000011,42.160999999999994],[0.8941399999999999,42.147729999999996],[0.9009100000000002,42.12162999999999],[0.9134700000000001,42.12448],[0.9207100000000001,42.13656000000001],[0.9375800000000012,42.13915],[0.9458100000000004,42.12385],[0.9722000000000001,42.17287999999999],[0.9584999999999995,42.16732],[0.9234399999999994,42.17024000000001],[0.9062799999999999,42.16287]]],[[[0.8114599999999991,42.31614],[0.7710900000000004,42.33307],[0.7758500000000006,42.3409],[0.7621900000000003,42.34827000000001],[0.7414400000000007,42.33583],[0.7435099999999999,42.32791999999999],[0.7656699999999999,42.32282],[0.7443900000000003,42.30124000000001],[0.7343400000000004,42.25073999999999],[0.7021300000000001,42.18733999999999],[0.6979199999999995,42.17199],[0.7139599999999999,42.163079999999994],[0.6956400000000001,42.15149],[0.69695,42.12802000000001],[0.7243099999999997,42.10932],[0.7852900000000002,42.12091],[0.7932300000000001,42.13452999999999],[0.8711100000000002,42.14185],[0.8784899999999994,42.15752],[0.8707200000000003,42.16121999999999],[0.883150000000001,42.17095],[0.8576299999999994,42.19239999999999],[0.8903099999999995,42.21396],[0.9095199999999999,42.21032],[0.8894099999999991,42.2338],[0.8479600000000009,42.259219999999985],[0.8562600000000002,42.26156999999999],[0.8571499999999995,42.28491],[0.8735100000000006,42.29936],[0.8468800000000005,42.31437],[0.8114599999999991,42.31614]]],[[[0.8088299999999996,42.35734999999999],[0.7710300000000005,42.37498999999999],[0.7618600000000002,42.364779999999996],[0.7713600000000002,42.34644999999999],[0.7953000000000005,42.34734000000001],[0.8088299999999996,42.35734999999999]]]]},"properties":{"CODIMUNI":"252347","NOMMUNI":"Tremp","CODICOMAR":"25","NOMCOMAR":"Pallars Jussà"}},{"type":"Feature","geometry":{"type":"Polygon","coordinates":[[[1.09093,41.53709],[1.0867600000000004,41.52878],[1.07537,41.528079999999996],[1.0789900000000006,41.5227],[1.0560300000000002,41.519009999999994],[1.10586,41.49999],[1.0998599999999998,41.476330000000004],[1.108069999999999,41.46717],[1.17978,41.48843000000001],[1.1654200000000008,41.51771999999998],[1.1213200000000003,41.52008],[1.09093,41.53709]]]},"properties":{"CODIMUNI":"252385","NOMMUNI":"Vallbona de les Monges","CODICOMAR":"38","NOMCOMAR":"Urgell"}},{"type":"Feature","geometry":{"type":"MultiPolygon","coordinates":[[[[1.55876,42.359169999999985],[1.5713,42.36429],[1.568240000000001,42.36951999999999],[1.55876,42.359169999999985]]],[[[1.4525700000000004,42.53799],[1.43883,42.54346000000001],[1.4136100000000005,42.53536],[1.3836200000000003,42.51462],[1.3630000000000004,42.51883],[1.3645800000000003,42.49346],[1.3567400000000007,42.48243],[1.3455400000000004,42.481269999999995],[1.3382700000000003,42.45907],[1.3726900000000004,42.43464999999999],[1.37874,42.41028],[1.4284100000000006,42.405789999999996],[1.4498900000000003,42.370119999999986],[1.4941699999999996,42.35907],[1.5048100000000002,42.41255],[1.5242299999999998,42.41729],[1.5394100000000002,42.37977],[1.5633000000000001,42.38083999999999],[1.6030700000000004,42.42964],[1.5963300000000002,42.44431],[1.566980000000001,42.45898999999999],[1.5562300000000007,42.454130000000006],[1.5507399999999998,42.432379999999995],[1.5115600000000002,42.42920999999999],[1.4443899999999996,42.44142000000001],[1.4410299999999996,42.47547999999999],[1.4189700000000005,42.4828],[1.4255600000000004,42.49315],[1.4679999999999997,42.50995],[1.4525700000000004,42.53799]]]]},"properties":{"CODIMUNI":"252398","NOMMUNI":"les Valls de Valira","CODICOMAR":"04","NOMCOMAR":"Alt Urgell"}},{"type":"Feature","geometry":{"type":"Polygon","coordinates":[[[0.8239400000000003,41.79714],[0.81869,41.78203],[0.8390100000000006,41.77174],[0.82276,41.76171],[0.8084500000000003,41.76641],[0.79327,41.75395999999999],[0.8277200000000002,41.72847],[0.829810000000001,41.712209999999985],[0.8428000000000008,41.70824],[0.8568699999999997,41.71118],[0.8656900000000008,41.724309999999996],[0.8527300000000004,41.72575],[0.8639599999999994,41.74097],[0.8390700000000001,41.75486999999999],[0.8609100000000003,41.79023999999999],[0.8239400000000003,41.79714]]]},"properties":{"CODIMUNI":"252402","NOMMUNI":"Vallfogona de Balaguer","CODICOMAR":"23","NOMCOMAR":"Noguera"}},{"type":"Feature","geometry":{"type":"Polygon","coordinates":[[[1.1450800000000005,41.624249999999996],[1.0798199999999991,41.610900000000015],[1.0836899999999996,41.57807000000001],[1.1216100000000004,41.56783],[1.1607800000000004,41.57675999999999],[1.1798000000000002,41.59580999999999],[1.1450800000000005,41.624249999999996]]]},"properties":{"CODIMUNI":"252424","NOMMUNI":"Verdú","CODICOMAR":"38","NOMCOMAR":"Urgell"}},{"type":"Feature","geometry":{"type":"Polygon","coordinates":[[[0.8793800000000013,42.80266],[0.7690999999999999,42.789190000000005],[0.7729500000000002,42.77364000000001],[0.7239400000000001,42.71888999999999],[0.7100700000000001,42.68854999999999],[0.6601999999999999,42.690850000000005],[0.6845200000000004,42.659589999999994],[0.6957599999999999,42.658269999999995],[0.6985700000000006,42.62947],[0.7077899999999998,42.621030000000005],[0.7370600000000003,42.61287000000001],[0.7908900000000003,42.61538999999999],[0.8069899999999994,42.61925],[0.7900000000000009,42.63851],[0.794470000000001,42.64388999999999],[0.8415900000000007,42.64892999999999],[0.8524099999999994,42.67236999999999],[0.8388600000000007,42.67313],[0.8430900000000005,42.6962],[0.8287399999999996,42.71329],[0.8692400000000006,42.736439999999995],[0.9032599999999997,42.77027],[0.8793800000000013,42.80266]]]},"properties":{"CODIMUNI":"252430","NOMMUNI":"Vielha e Mijaran","CODICOMAR":"39","NOMCOMAR":"Val d'Aran"}},{"type":"Feature","geometry":{"type":"Polygon","coordinates":[[[1.1258900000000003,41.67331],[1.1096000000000008,41.68729],[1.0932400000000002,41.67366],[1.0959800000000004,41.65615],[1.044180000000001,41.634629999999994],[1.0435400000000001,41.62838],[1.0569600000000008,41.63033],[1.0667100000000005,41.61594],[1.089620000000001,41.61112],[1.1012500000000007,41.62140999999999],[1.1003099999999992,41.64166999999999],[1.1123599999999998,41.64297],[1.1084700000000003,41.66377],[1.1258900000000003,41.67331]]]},"properties":{"CODIMUNI":"252445","NOMMUNI":"Vilagrassa","CODICOMAR":"38","NOMCOMAR":"Urgell"}},{"type":"Feature","geometry":{"type":"Polygon","coordinates":[[[0.8108399999999998,42.618799999999986],[0.7675700000000004,42.61159],[0.7577100000000004,42.56934999999999],[0.7413000000000013,42.54408],[0.7530500000000001,42.53382],[0.7354,42.54087999999999],[0.7211300000000007,42.5244],[0.7214400000000003,42.515969999999996],[0.7410700000000008,42.50493000000001],[0.7134000000000001,42.48723],[0.7007100000000007,42.49543999999998],[0.6976900000000006,42.48553],[0.6901300000000004,42.48651000000002],[0.7090299999999999,42.458870000000005],[0.7071300000000006,42.44879999999999],[0.7317799999999994,42.45785],[0.7497700000000005,42.47948999999999],[0.73986,42.50047],[0.7576099999999998,42.50651],[0.7742599999999996,42.541329999999995],[0.7940500000000006,42.548429999999996],[0.8002100000000002,42.58816],[0.8258800000000004,42.596819999999994],[0.8108399999999998,42.618799999999986]],[[0.7325199999999997,42.48267],[0.73377,42.48336],[0.73425,42.4824],[0.7325199999999997,42.48267]]]},"properties":{"CODIMUNI":"252458","NOMMUNI":"Vilaller","CODICOMAR":"05","NOMCOMAR":"Alta Ribagorça"}},{"type":"Feature","geometry":{"type":"MultiPolygon","coordinates":[[[[0.68584,42.732549999999996],[0.67222,42.731629999999996],[0.6703700000000008,42.73131],[0.6868400000000006,42.72274999999999],[0.68584,42.732549999999996]]],[[[0.7111500000000005,42.74735],[0.6980300000000008,42.7537],[0.679160000000001,42.73890999999999],[0.6874200000000004,42.73286000000001],[0.7111500000000005,42.74735]]],[[[0.7111500000000005,42.74735],[0.7519800000000002,42.74613999999999],[0.7729500000000002,42.77364000000001],[0.7681900000000009,42.78812999999999],[0.7493600000000002,42.78524],[0.7595100000000007,42.775609999999986],[0.7298599999999997,42.76503999999999],[0.7111500000000005,42.74735]]]]},"properties":{"CODIMUNI":"252477","NOMMUNI":"Vilamòs","CODICOMAR":"39","NOMCOMAR":"Val d'Aran"}},{"type":"Feature","geometry":{"type":"Polygon","coordinates":[[[0.9692300000000005,41.62952],[0.9525500000000001,41.62442],[0.9228200000000001,41.58783999999999],[0.9643999999999999,41.57936],[0.9758099999999997,41.59154],[0.9692300000000005,41.62952]]]},"properties":{"CODIMUNI":"252483","NOMMUNI":"Vilanova de Bellpuig","CODICOMAR":"27","NOMCOMAR":"Pla d'Urgell"}},{"type":"Feature","geometry":{"type":"Polygon","coordinates":[[[1.2859100000000003,41.9584],[1.2421200000000001,41.937539999999984],[1.2321599999999997,41.90494],[1.237220000000001,41.87171],[1.2024700000000001,41.81508],[1.2110800000000004,41.81174],[1.2894300000000003,41.88687],[1.2953899999999998,41.92157000000001],[1.31355,41.94752],[1.2859100000000003,41.9584]]]},"properties":{"CODIMUNI":"252496","NOMMUNI":"Vilanova de l'Aguda","CODICOMAR":"23","NOMCOMAR":"Noguera"}},{"type":"Feature","geometry":{"type":"Polygon","coordinates":[[[1.0697099999999997,42.03397999999999],[1.0216500000000006,42.03392],[1.0081400000000003,42.021770000000004],[0.9222,42.022],[0.9141900000000001,42.01218],[0.8786800000000006,42.02291],[0.86921,42.00055],[0.9076600000000005,42.00008],[0.9287099999999999,41.97095999999999],[0.9412200000000002,41.977689999999996],[0.9547800000000006,41.97102999999999],[0.9703300000000001,41.98875],[0.9978000000000002,41.98735],[0.9878800000000008,41.97844],[1.03254,41.94896],[1.0247600000000008,41.93498999999999],[1.0368300000000006,41.93814999999999],[1.04563,41.930699999999995],[1.0624300000000002,41.93813],[1.0751599999999992,41.96407],[1.1004900000000009,41.985020000000006],[1.1000500000000004,41.99806000000001],[1.0873200000000003,42.00849],[1.0754300000000006,42.005889999999994],[1.0697099999999997,42.03397999999999]]]},"properties":{"CODIMUNI":"252509","NOMMUNI":"Vilanova de Meià","CODICOMAR":"23","NOMCOMAR":"Noguera"}},{"type":"Feature","geometry":{"type":"Polygon","coordinates":[[[0.626500000000001,41.72324999999999],[0.60858,41.72256],[0.5964100000000008,41.71163999999999],[0.5742700000000007,41.70967999999999],[0.6094000000000009,41.707060000000006],[0.6230500000000002,41.69881000000001],[0.64949,41.707319999999996],[0.626500000000001,41.72324999999999]]]},"properties":{"CODIMUNI":"252516","NOMMUNI":"Vilanova de Segrià","CODICOMAR":"33","NOMCOMAR":"Segrià"}},{"type":"Feature","geometry":{"type":"Polygon","coordinates":[[[0.9438300000000008,41.63989999999999],[0.9443599999999996,41.68834],[0.9100299999999996,41.67947000000001],[0.9081400000000004,41.66746],[0.8783100000000006,41.66484],[0.8935800000000009,41.64219],[0.9438300000000008,41.63989999999999]]]},"properties":{"CODIMUNI":"252521","NOMMUNI":"Vila-sana","CODICOMAR":"27","NOMCOMAR":"Pla d'Urgell"}},{"type":"Feature","geometry":{"type":"Polygon","coordinates":[[[0.9819600000000003,41.391749999999995],[0.9682500000000003,41.41052],[0.9107999999999999,41.404230000000005],[0.9515699999999995,41.35190000000001],[0.9643500000000002,41.355259999999994],[0.9624500000000005,41.36579],[0.9819600000000003,41.391749999999995]]]},"properties":{"CODIMUNI":"252537","NOMMUNI":"el Vilosell","CODICOMAR":"18","NOMCOMAR":"Garrigues"}},{"type":"Feature","geometry":{"type":"Polygon","coordinates":[[[0.7455500000000002,41.71036000000001],[0.7068100000000004,41.69512999999999],[0.7165600000000004,41.682809999999996],[0.6983099999999999,41.66321999999999],[0.7369000000000009,41.65832],[0.7642400000000004,41.66522],[0.7636599999999998,41.685619999999986],[0.7455500000000002,41.71036000000001]]]},"properties":{"CODIMUNI":"252542","NOMMUNI":"Vilanova de la Barca","CODICOMAR":"33","NOMCOMAR":"Segrià"}},{"type":"Feature","geometry":{"type":"Polygon","coordinates":[[[0.9728600000000001,41.47789000000001],[0.9369000000000004,41.474070000000005],[0.9287500000000011,41.46169999999999],[0.9561899999999999,41.44],[0.9583900000000006,41.41699],[0.9918899999999996,41.38896],[1.00347,41.40458000000001],[0.9980699999999999,41.41561],[1.0147200000000005,41.42482],[1.0058800000000008,41.45123],[0.9728600000000001,41.47789000000001]]]},"properties":{"CODIMUNI":"252555","NOMMUNI":"Vinaixa","CODICOMAR":"18","NOMCOMAR":"Garrigues"}},{"type":"Feature","geometry":{"type":"Polygon","coordinates":[[[1.1994,42.662079999999996],[1.1798100000000002,42.62504],[1.19071,42.610989999999994],[1.1792400000000016,42.60368999999999],[1.1887200000000007,42.580439999999996],[1.1787599999999996,42.565059999999995],[1.20158,42.55207999999999],[1.2154600000000004,42.525119999999994],[1.2427000000000006,42.53066],[1.2507700000000002,42.554809999999996],[1.2716800000000004,42.56558000000001],[1.250980000000001,42.584889999999994],[1.22193,42.589499999999994],[1.2230299999999996,42.59741000000002],[1.2460600000000002,42.59745000000001],[1.2523900000000001,42.606729999999985],[1.2203600000000014,42.61763],[1.2218099999999998,42.64004],[1.1994,42.662079999999996]]]},"properties":{"CODIMUNI":"259010","NOMMUNI":"Vall de Cardós","CODICOMAR":"26","NOMCOMAR":"Pallars Sobirà"}},{"type":"Feature","geometry":{"type":"Polygon","coordinates":[[[1.0434099999999997,41.59075],[1.001,41.58545000000001],[1.0297000000000005,41.55535999999999],[1.0703500000000001,41.54576999999999],[1.0560300000000002,41.519009999999994],[1.0789900000000006,41.5227],[1.07537,41.528079999999996],[1.0867600000000004,41.52878],[1.0904800000000001,41.53708999999999],[1.1090000000000004,41.52694999999999],[1.1005500000000004,41.57173],[1.0434099999999997,41.59075]]]},"properties":{"CODIMUNI":"259025","NOMMUNI":"Sant Martí de Riucorb","CODICOMAR":"38","NOMCOMAR":"Urgell"}},{"type":"Feature","geometry":{"type":"Polygon","coordinates":[[[1.1721099999999995,42.70637],[1.132470000000001,42.682829999999996],[1.1197399999999995,42.66651],[1.1389300000000004,42.627729999999985],[1.1380400000000002,42.61748000000001],[1.1281900000000007,42.61720999999999],[1.1309799999999999,42.599380000000004],[1.1203899999999998,42.611929999999994],[1.079830000000001,42.59311],[1.1019200000000005,42.58224],[1.1345600000000005,42.589200000000005],[1.1462999999999999,42.565409999999986],[1.0817600000000005,42.52011999999999],[1.1007399999999998,42.50968],[1.1392700000000007,42.52747],[1.1670200000000002,42.52895],[1.1874200000000006,42.52041],[1.20953,42.53842999999999],[1.1787400000000003,42.567719999999994],[1.1887200000000007,42.580439999999996],[1.1792400000000016,42.60368999999999],[1.19071,42.610989999999994],[1.1798100000000002,42.62504],[1.1938500000000007,42.66181],[1.21002,42.67069],[1.1902700000000008,42.67817999999998],[1.1895700000000005,42.69035],[1.18032,42.69153999999999],[1.1721099999999995,42.70637]]]},"properties":{"CODIMUNI":"259031","NOMMUNI":"la Guingueta d'Àneu","CODICOMAR":"26","NOMCOMAR":"Pallars Sobirà"}},{"type":"Feature","geometry":{"type":"Polygon","coordinates":[[[0.8658100000000006,42.14284999999999],[0.7932300000000001,42.13452999999999],[0.78663,42.12142],[0.7740299999999999,42.12012000000001],[0.7882800000000001,42.096529999999994],[0.8351400000000003,42.09808999999999],[0.8498100000000002,42.089339999999986],[0.8613900000000007,42.07298999999999],[0.8365899999999998,42.03984999999999],[0.852320000000001,42.03621],[0.8937299999999997,42.04571],[0.8857200000000005,42.06064],[0.9009100000000002,42.12162999999999],[0.8821999999999998,42.12461],[0.8658100000000006,42.14284999999999]]]},"properties":{"CODIMUNI":"259046","NOMMUNI":"Castell de Mur","CODICOMAR":"25","NOMCOMAR":"Pallars Jussà"}},{"type":"Feature","geometry":{"type":"MultiPolygon","coordinates":[[[[1.3641500000000004,41.61109999999999],[1.3660300000000007,41.60024],[1.3852700000000004,41.602999999999994],[1.3748800000000003,41.61181],[1.3641500000000004,41.61109999999999]]],[[[1.2660900000000002,41.60824],[1.27815,41.623110000000004],[1.26102,41.63362],[1.2485100000000005,41.61061999999998],[1.2660900000000002,41.60824]]],[[[1.3734200000000005,41.64265999999999],[1.3736700000000006,41.67610999999999],[1.3501600000000005,41.66377],[1.3334800000000002,41.66863],[1.3179200000000006,41.64506999999999],[1.3012100000000002,41.659649999999985],[1.28702,41.654419999999995],[1.276720000000001,41.64242],[1.2913700000000001,41.60313],[1.3361700000000005,41.59322],[1.3467000000000007,41.60219],[1.34085,41.607279999999996],[1.3524399999999999,41.616220000000006],[1.3478199999999998,41.62138999999999],[1.3863200000000007,41.62611999999999],[1.3734200000000005,41.64265999999999]]]]},"properties":{"CODIMUNI":"259059","NOMMUNI":"Ribera d'Ondara","CODICOMAR":"32","NOMCOMAR":"Segarra"}},{"type":"Feature","geometry":{"type":"Polygon","coordinates":[[[1.2363400000000002,42.36939999999999],[1.1883300000000008,42.34890999999998],[1.1653800000000003,42.309279999999994],[1.1343999999999992,42.307370000000006],[1.1225300000000002,42.29560000000001],[1.15733,42.278459999999995],[1.1513299999999995,42.25905],[1.1690799999999997,42.26593999999999],[1.2024700000000001,42.25986999999999],[1.21408,42.26809],[1.2479499999999994,42.26153],[1.2609000000000001,42.266189999999995],[1.25987,42.27524],[1.2816600000000011,42.280509999999985],[1.3115200000000005,42.272890000000004],[1.3402000000000005,42.278529999999996],[1.3430899999999997,42.26695000000001],[1.3584100000000006,42.26567999999999],[1.3639400000000002,42.29896000000001],[1.35005,42.30547],[1.3250200000000005,42.303899999999985],[1.3204999999999996,42.31138],[1.3307100000000005,42.31842],[1.315760000000001,42.33168999999999],[1.29323,42.34046],[1.28359,42.331759999999996],[1.2610900000000007,42.34418999999999],[1.2625200000000005,42.32415999999999],[1.2466900000000003,42.31999999999999],[1.2296600000000006,42.35684],[1.2363400000000002,42.36939999999999]]]},"properties":{"CODIMUNI":"259062","NOMMUNI":"les Valls d'Aguilar","CODICOMAR":"04","NOMCOMAR":"Alt Urgell"}},{"type":"Feature","geometry":{"type":"MultiPolygon","coordinates":[[[[1.2590300000000008,41.856370000000005],[1.23935,41.84508999999999],[1.2156900000000002,41.81292],[1.19514,41.80939],[1.1662000000000006,41.77509],[1.1728100000000006,41.76683],[1.1848700000000008,41.78499999999999],[1.2468000000000004,41.79638],[1.2200600000000004,41.77807000000001],[1.2293900000000004,41.76909],[1.2241400000000007,41.76071000000001],[1.2323700000000009,41.753879999999995],[1.24646,41.75596000000001],[1.24924,41.74541],[1.2314800000000001,41.717699999999994],[1.2391800000000002,41.70291],[1.25853,41.70818],[1.2816699999999999,41.742340000000006],[1.2922400000000003,41.744389999999996],[1.2910000000000004,41.72388000000001],[1.3298200000000004,41.737309999999994],[1.3336400000000006,41.749930000000006],[1.3324400000000005,41.75453],[1.31043,41.75132],[1.314410000000001,41.76355],[1.3028400000000002,41.769389999999994],[1.2779100000000005,41.76816],[1.2586400000000004,41.80590999999999],[1.3149900000000008,41.82748],[1.28203,41.85016000000002],[1.2590300000000008,41.856370000000005]]],[[[1.3174399999999997,41.89180000000001],[1.3074199999999994,41.92246000000001],[1.2953899999999998,41.92157000000001],[1.2925199999999997,41.89791],[1.3174399999999997,41.89180000000001]]]]},"properties":{"CODIMUNI":"259078","NOMMUNI":"Torrefeta i Florejacs","CODICOMAR":"32","NOMCOMAR":"Segarra"}},{"type":"Feature","geometry":{"type":"Polygon","coordinates":[[[1.3565900000000004,42.26747000000001],[1.3331900000000003,42.260979999999996],[1.3003500000000001,42.26396],[1.3024599999999995,42.24962],[1.3420400000000001,42.22986],[1.3328600000000002,42.21822999999999],[1.3306399999999998,42.18438],[1.3489300000000006,42.18917],[1.3486600000000009,42.15156999999999],[1.3957200000000003,42.15055999999999],[1.4244000000000006,42.160059999999994],[1.4461,42.14608],[1.5209000000000001,42.18477],[1.4945800000000002,42.183309999999985],[1.4832900000000002,42.19505],[1.4696100000000003,42.19187000000001],[1.42848,42.22345],[1.359220000000001,42.230959999999996],[1.3465300000000004,42.24660999999999],[1.3565900000000004,42.26747000000001]]]},"properties":{"CODIMUNI":"259084","NOMMUNI":"Fígols i Alinyà","CODICOMAR":"04","NOMCOMAR":"Alt Urgell"}},{"type":"Feature","geometry":{"type":"Polygon","coordinates":[[[1.5510100000000002,42.289849999999994],[1.5180800000000005,42.30394],[1.4984800000000007,42.30203],[1.4768000000000006,42.29265999999999],[1.475480000000001,42.27189],[1.4029500000000006,42.25175],[1.4155500000000003,42.23134],[1.40871,42.22493],[1.42848,42.22345],[1.4696100000000003,42.19187000000001],[1.4832900000000002,42.19505],[1.4945800000000002,42.183309999999985],[1.5209000000000001,42.18477],[1.5340900000000004,42.24296999999999],[1.5939399999999997,42.264300000000006],[1.5959,42.28576],[1.5538600000000005,42.28208999999999],[1.5510100000000002,42.289849999999994]]]},"properties":{"CODIMUNI":"259097","NOMMUNI":"la Vansa i Fórnols","CODICOMAR":"04","NOMCOMAR":"Alt Urgell"}},{"type":"Feature","geometry":{"type":"Polygon","coordinates":[[[1.6452700000000005,42.28771],[1.5959,42.28576],[1.5932900000000003,42.26375999999999],[1.5340900000000004,42.24296999999999],[1.5274500000000004,42.20410999999999],[1.5528399999999998,42.21004],[1.6138400000000002,42.20100999999998],[1.61019,42.21267],[1.6269699999999998,42.23907],[1.6943200000000005,42.26399],[1.6900699999999995,42.27709000000001],[1.6452700000000005,42.28771]]]},"properties":{"CODIMUNI":"259101","NOMMUNI":"Josa i Tuixén","CODICOMAR":"04","NOMCOMAR":"Alt Urgell"}},{"type":"Feature","geometry":{"type":"Polygon","coordinates":[[[1.23221,41.78670999999999],[1.2269399999999997,41.795999999999985],[1.2062300000000006,41.78549999999999],[1.1848700000000008,41.78499999999999],[1.1738900000000008,41.763799999999996],[1.1611199999999997,41.75816],[1.17982,41.74884000000001],[1.15658,41.712469999999996],[1.1787299999999998,41.70982],[1.1966300000000005,41.72096],[1.2064699999999997,41.71665],[1.18747,41.685939999999995],[1.1848800000000004,41.67640999999999],[1.1943200000000005,41.67289999999999],[1.22956,41.68649],[1.2391499999999998,41.69728],[1.2395800000000003,41.714369999999995],[1.2314800000000001,41.717699999999994],[1.2493500000000002,41.744769999999995],[1.24646,41.75596000000001],[1.2323700000000009,41.753879999999995],[1.2241400000000007,41.76071000000001],[1.2293900000000004,41.76909],[1.2200600000000004,41.77807000000001],[1.23221,41.78670999999999]]]},"properties":{"CODIMUNI":"259118","NOMMUNI":"els Plans de Sió","CODICOMAR":"32","NOMCOMAR":"Segarra"}},{"type":"Feature","geometry":{"type":"Polygon","coordinates":[[[0.3652999999999998,41.70940000000001],[0.3415399999999995,41.696059999999996],[0.3258000000000006,41.67337999999999],[0.3496700000000005,41.63648],[0.3582499999999997,41.63197],[0.42502000000000095,41.642599999999995],[0.435980000000001,41.638080000000016],[0.4489100000000004,41.65515],[0.4414400000000006,41.65979],[0.44422999999999935,41.67571],[0.3652999999999998,41.70940000000001]]]},"properties":{"CODIMUNI":"259123","NOMMUNI":"Gimenells i el Pla de la Font","CODICOMAR":"33","NOMCOMAR":"Segrià"}},{"type":"Feature","geometry":{"type":"Polygon","coordinates":[[[1.83506,42.32091],[1.8347100000000007,42.355149999999995],[1.81515,42.34685000000001],[1.8046900000000001,42.301959999999994],[1.8424900000000002,42.306309999999996],[1.83506,42.32091]]]},"properties":{"CODIMUNI":"259139","NOMMUNI":"Riu de Cerdanya","CODICOMAR":"15","NOMCOMAR":"Cerdanya"}},{"type":"Feature","geometry":{"type":"Polygon","coordinates":[[[1.407270000000001,41.40584],[1.4058700000000002,41.39487],[1.3826,41.39797],[1.3685099999999997,41.38603],[1.3648999999999993,41.36039],[1.3539,41.36663000000001],[1.3494400000000002,41.36009000000001],[1.3376100000000002,41.32955999999999],[1.3530200000000003,41.319],[1.3739600000000003,41.33128000000001],[1.40208,41.32501],[1.4628200000000005,41.35624],[1.5125200000000003,41.35916],[1.53702,41.38534000000001],[1.5093800000000008,41.39419999999999],[1.4842300000000004,41.38164999999999],[1.4328400000000001,41.383209999999984],[1.426930000000001,41.372209999999995],[1.4096200000000005,41.3694],[1.425890000000001,41.39928999999999],[1.407270000000001,41.40584]]]},"properties":{"CODIMUNI":"430017","NOMMUNI":"Aiguamúrcia","CODICOMAR":"01","NOMCOMAR":"Alt Camp"}},{"type":"Feature","geometry":{"type":"Polygon","coordinates":[[[1.50561,41.26577999999999],[1.45172,41.247119999999995],[1.4676099999999999,41.23421],[1.47677,41.20852999999999],[1.5056600000000004,41.23653],[1.53094,41.24355],[1.5293000000000005,41.25363999999999],[1.5374400000000001,41.2574],[1.5128999999999997,41.256130000000006],[1.50561,41.26577999999999]]]},"properties":{"CODIMUNI":"430022","NOMMUNI":"Albinyana","CODICOMAR":"12","NOMCOMAR":"Baix Penedès"}},{"type":"Feature","geometry":{"type":"Polygon","coordinates":[[[1.099510000000001,41.26604999999999],[1.0619300000000007,41.24977],[1.0596499999999998,41.23808],[1.0719,41.229220000000005],[1.0944600000000009,41.22923999999998],[1.1117299999999997,41.23993],[1.1388299999999993,41.23812],[1.1516000000000004,41.22898],[1.1580900000000012,41.23922999999999],[1.1406800000000001,41.258340000000004],[1.1037099999999993,41.25704000000001],[1.099510000000001,41.26604999999999]]]},"properties":{"CODIMUNI":"430038","NOMMUNI":"l'Albiol","CODICOMAR":"08","NOMCOMAR":"Baix Camp"}},{"type":"Feature","geometry":{"type":"Polygon","coordinates":[[[0.545190000000001,40.632409999999986],[0.521870000000001,40.60435],[0.5110699999999996,40.56560000000001],[0.4846900000000004,40.56812000000001],[0.4732100000000005,40.553949999999986],[0.4535100000000004,40.55487],[0.4387000000000004,40.5464],[0.5147100000000001,40.52294],[0.5382299999999997,40.56763],[0.5472800000000013,40.57301],[0.5513599999999999,40.56969999999999],[0.5564300000000004,40.571479999999994],[0.5478899999999997,40.57413],[0.58026,40.603759999999994],[0.5713200000000003,40.62385999999999],[0.545190000000001,40.632409999999986]]]},"properties":{"CODIMUNI":"430043","NOMMUNI":"Alcanar","CODICOMAR":"22","NOMCOMAR":"Montsià"}},{"type":"Feature","geometry":{"type":"Polygon","coordinates":[[[1.195850000000001,41.303999999999995],[1.1746000000000003,41.289669999999994],[1.1437900000000003,41.30282],[1.1251100000000005,41.28982],[1.1365800000000006,41.285540000000005],[1.14023,41.27186],[1.0989800000000005,41.27263999999999],[1.1026799999999999,41.25737],[1.1406800000000001,41.258340000000004],[1.1580900000000012,41.23922999999999],[1.1534500000000003,41.232079999999996],[1.1728300000000003,41.2233],[1.1874800000000005,41.23215],[1.1959900000000003,41.22373000000001],[1.2100000000000002,41.22876999999999],[1.1906400000000004,41.24953],[1.1952899999999993,41.259600000000006],[1.2128500000000002,41.260459999999995],[1.208,41.27703],[1.2155300000000009,41.285259999999994],[1.1937500000000005,41.28533999999999],[1.202,41.294869999999996],[1.195850000000001,41.303999999999995]]]},"properties":{"CODIMUNI":"430056","NOMMUNI":"Alcover","CODICOMAR":"01","NOMCOMAR":"Alt Camp"}},{"type":"Feature","geometry":{"type":"Polygon","coordinates":[[[0.4979199999999997,40.89229],[0.4462900000000004,40.86378],[0.42009000000000096,40.862239999999986],[0.4174799999999995,40.85461],[0.4700799999999992,40.848099999999995],[0.5096299999999998,40.85682],[0.5072299999999993,40.88338999999999],[0.4979199999999997,40.89229]]]},"properties":{"CODIMUNI":"430069","NOMMUNI":"Aldover","CODICOMAR":"09","NOMCOMAR":"Baix Ebre"}},{"type":"Feature","geometry":{"type":"Polygon","coordinates":[[[1.0759500000000004,41.21996999999999],[1.0596499999999998,41.23808],[1.03546,41.22229],[1.009390000000001,41.2335],[1.0161499999999999,41.20098000000001],[1.03222,41.20025999999999],[1.04941,41.18369],[1.0457500000000006,41.176269999999995],[1.0781299999999996,41.18371],[1.07529,41.20838],[1.0907400000000005,41.217209999999994],[1.0759500000000004,41.21996999999999]]]},"properties":{"CODIMUNI":"430075","NOMMUNI":"l'Aleixar","CODICOMAR":"08","NOMCOMAR":"Baix Camp"}},{"type":"Feature","geometry":{"type":"Polygon","coordinates":[[[0.4460500000000012,40.91577999999999],[0.3620599999999997,40.88037],[0.3297399999999998,40.84662000000001],[0.30551999999999996,40.83532],[0.29223000000000116,40.815879999999986],[0.27292999999999956,40.81872],[0.2589700000000006,40.79903],[0.31058000000000074,40.81765],[0.3276000000000005,40.80422],[0.36380999999999913,40.82739000000001],[0.41783000000000026,40.84523000000001],[0.4152200000000004,40.87033999999999],[0.4454799999999989,40.89646],[0.4460500000000012,40.91577999999999]]]},"properties":{"CODIMUNI":"430081","NOMMUNI":"Alfara de Carles","CODICOMAR":"09","NOMCOMAR":"Baix Ebre"}},{"type":"Feature","geometry":{"type":"Polygon","coordinates":[[[1.009390000000001,41.2335],[0.98095,41.23575],[0.9870900000000007,41.22700999999999],[0.973880000000001,41.22977],[0.9253299999999998,41.218099999999986],[0.9196899999999996,41.20080999999999],[0.8803100000000001,41.19445000000001],[0.8794000000000004,41.18287999999999],[0.9143500000000009,41.179719999999996],[0.9307099999999999,41.1939],[0.9749800000000011,41.190749999999994],[0.9990000000000004,41.180089999999986],[1.0173900000000007,41.19944000000001],[1.009390000000001,41.2335]]]},"properties":{"CODIMUNI":"430094","NOMMUNI":"Alforja","CODICOMAR":"08","NOMCOMAR":"Baix Camp"}},{"type":"Feature","geometry":{"type":"Polygon","coordinates":[[[1.348700000000001,41.290299999999995],[1.28824,41.31305999999999],[1.2786900000000003,41.291239999999995],[1.348700000000001,41.290299999999995]]]},"properties":{"CODIMUNI":"430108","NOMMUNI":"Alió","CODICOMAR":"01","NOMCOMAR":"Alt Camp"}},{"type":"Feature","geometry":{"type":"Polygon","coordinates":[[[1.0926500000000003,41.21652999999999],[1.07529,41.20838],[1.10456,41.19136999999999],[1.1141800000000002,41.17535],[1.12068,41.18001000000001],[1.1143699999999999,41.19841000000001],[1.0926500000000003,41.21652999999999]]]},"properties":{"CODIMUNI":"430115","NOMMUNI":"Almoster","CODICOMAR":"08","NOMCOMAR":"Baix Camp"}},{"type":"Feature","geometry":{"type":"Polygon","coordinates":[[[1.38602,41.17338999999999],[1.3623300000000003,41.14564],[1.3733200000000003,41.13270000000001],[1.3917299999999997,41.13651],[1.3954500000000005,41.16739],[1.38602,41.17338999999999]]]},"properties":{"CODIMUNI":"430120","NOMMUNI":"Altafulla","CODICOMAR":"36","NOMCOMAR":"Tarragonès"}},{"type":"Feature","geometry":{"type":"Polygon","coordinates":[[[0.6987900000000002,40.94416],[0.6846900000000002,40.94101],[0.7134900000000006,40.918609999999994],[0.737980000000001,40.91357],[0.7460800000000002,40.90023000000001],[0.7430100000000004,40.850970000000004],[0.751800000000001,40.845940000000006],[0.7918500000000014,40.866429999999994],[0.8573100000000001,40.935320000000004],[0.8255600000000002,40.94127],[0.7502199999999994,40.93239],[0.6987900000000002,40.94416]]]},"properties":{"CODIMUNI":"430136","NOMMUNI":"l'Ametlla de Mar","CODICOMAR":"09","NOMCOMAR":"Baix Ebre"}},{"type":"Feature","geometry":{"type":"MultiPolygon","coordinates":[[[[0.7072600000000001,40.63534],[0.7076800000000002,40.635279999999995],[0.7076300000000005,40.63561],[0.7072600000000001,40.63534]]],[[[0.7390200000000002,40.637469999999986],[0.7402699999999998,40.63741999999999],[0.7392000000000003,40.638259999999995],[0.7390200000000002,40.637469999999986]]],[[[0.6130399999999999,40.70571],[0.5804100000000008,40.71538000000001],[0.5675500000000006,40.74824999999999],[0.5526099999999998,40.74658999999999],[0.5473600000000004,40.71217],[0.5331099999999998,40.694019999999995],[0.5390999999999998,40.64728999999999],[0.6008000000000013,40.641699999999986],[0.6268599999999999,40.653740000000006],[0.6657000000000003,40.62543999999999],[0.6925200000000002,40.639309999999995],[0.7335800000000006,40.640699999999995],[0.7497100000000005,40.63493999999999],[0.7951500000000006,40.65723],[0.6949400000000002,40.687650000000005],[0.6799799999999999,40.69948000000001],[0.6845300000000006,40.70899000000001],[0.6742099999999998,40.72112],[0.6130399999999999,40.70571]]]]},"properties":{"CODIMUNI":"430141","NOMMUNI":"Amposta","CODICOMAR":"22","NOMCOMAR":"Montsià"}},{"type":"Feature","geometry":{"type":"Polygon","coordinates":[[[0.9752600000000001,41.26013],[0.9097700000000004,41.23786],[0.9210700000000003,41.2133],[0.9337899999999995,41.22176999999999],[0.9880900000000001,41.227399999999996],[0.98095,41.23575],[0.9900300000000002,41.23623],[1.0008200000000012,41.25408],[0.9752600000000001,41.26013]]]},"properties":{"CODIMUNI":"430154","NOMMUNI":"Arbolí","CODICOMAR":"08","NOMCOMAR":"Baix Camp"}},{"type":"Feature","geometry":{"type":"MultiPolygon","coordinates":[[[[1.63675,41.296089999999985],[1.61657,41.293319999999994],[1.6118100000000004,41.28518999999999],[1.5919500000000004,41.292519999999996],[1.5890199999999999,41.27459000000001],[1.5701199999999995,41.26066000000001],[1.6060500000000002,41.24990999999999],[1.61989,41.2535],[1.62743,41.29413999999999],[1.63675,41.296089999999985]]],[[[1.6292599999999997,41.31046],[1.6402200000000005,41.31058000000001],[1.6424300000000003,41.31287999999999],[1.6292599999999997,41.31046]]]]},"properties":{"CODIMUNI":"430167","NOMMUNI":"l'Arboç","CODICOMAR":"12","NOMCOMAR":"Baix Penedès"}},{"type":"Feature","geometry":{"type":"Polygon","coordinates":[[[0.9005000000000007,41.15413000000001],[0.8849700000000008,41.11746999999998],[0.8965900000000009,41.10808999999998],[0.9124900000000004,41.11618],[0.9118600000000001,41.13082],[0.9249700000000004,41.1392],[0.9005000000000007,41.15413000000001]]]},"properties":{"CODIMUNI":"430173","NOMMUNI":"l'Argentera","CODICOMAR":"08","NOMCOMAR":"Baix Camp"}},{"type":"Feature","geometry":{"type":"Polygon","coordinates":[[[0.27709,40.93567999999999],[0.2553400000000006,40.92178],[0.23864999999999964,40.88388],[0.25553000000000087,40.87387],[0.2535600000000003,40.854299999999995],[0.27913999999999967,40.82121000000001],[0.27292999999999956,40.81872],[0.2913400000000002,40.81569999999999],[0.3105999999999995,40.83954000000001],[0.28797000000000017,40.868719999999996],[0.30746000000000123,40.899760000000015],[0.27709,40.93567999999999]]]},"properties":{"CODIMUNI":"430189","NOMMUNI":"Arnes","CODICOMAR":"37","NOMCOMAR":"Terra Alta"}},{"type":"Feature","geometry":{"type":"Polygon","coordinates":[[[0.5743299999999998,41.21421],[0.5566600000000006,41.21477999999999],[0.5568200000000015,41.20601],[0.5465599999999995,41.20351000000001],[0.49519000000000046,41.197540000000004],[0.50124,41.15688999999999],[0.48788000000000037,41.144999999999996],[0.4940700000000001,41.13667],[0.5533199999999999,41.1183],[0.6149599999999996,41.14445],[0.6192899999999995,41.15236],[0.6059600000000004,41.17224],[0.5834399999999994,41.18142],[0.5743299999999998,41.21421]]]},"properties":{"CODIMUNI":"430192","NOMMUNI":"Ascó","CODICOMAR":"30","NOMCOMAR":"Ribera d'Ebre"}},{"type":"Feature","geometry":{"type":"Polygon","coordinates":[[[1.5890199999999999,41.27459000000001],[1.58012,41.291380000000004],[1.5275500000000004,41.27420999999999],[1.5281,41.26013],[1.5388800000000005,41.25477],[1.5666200000000003,41.257989999999985],[1.5890199999999999,41.27459000000001]]]},"properties":{"CODIMUNI":"430206","NOMMUNI":"Banyeres del Penedès","CODICOMAR":"12","NOMCOMAR":"Baix Penedès"}},{"type":"Feature","geometry":{"type":"Polygon","coordinates":[[[1.2169300000000003,41.44259],[1.1891900000000004,41.44323],[1.2130500000000004,41.424730000000004],[1.1961,41.39718],[1.2389799999999997,41.38002999999999],[1.2536600000000002,41.384829999999994],[1.2593900000000007,41.40385],[1.2815900000000002,41.416219999999996],[1.2465299999999997,41.42176],[1.2169300000000003,41.44259]]]},"properties":{"CODIMUNI":"430213","NOMMUNI":"Barberà de la Conca","CODICOMAR":"16","NOMCOMAR":"Conca de Barberà"}},{"type":"Feature","geometry":{"type":"Polygon","coordinates":[[[0.3185400000000002,41.16835],[0.27215999999999996,41.14856],[0.25302000000000124,41.149919999999995],[0.2485499999999984,41.13004000000001],[0.21258999999999995,41.13636999999999],[0.21957000000000082,41.13189],[0.20090000000000025,41.12593999999999],[0.20861,41.11648],[0.20062000000000035,41.084889999999994],[0.21941000000000072,41.08341],[0.21747000000000064,41.07558],[0.23678000000000005,41.06914],[0.2699500000000002,41.07207],[0.303070000000001,41.054149999999986],[0.35035000000000005,41.04382999999999],[0.3604600000000002,41.04808],[0.3613800000000009,41.0705],[0.38199,41.08861],[0.3806100000000005,41.112659999999984],[0.3415800000000002,41.11756999999999],[0.346750000000001,41.15877999999999],[0.3185400000000002,41.16835]]]},"properties":{"CODIMUNI":"430228","NOMMUNI":"Batea","CODICOMAR":"37","NOMCOMAR":"Terra Alta"}},{"type":"Feature","geometry":{"type":"Polygon","coordinates":[[[0.7798800000000002,41.17239],[0.74977,41.170989999999996],[0.7343699999999997,41.15844],[0.7614800000000002,41.14227999999999],[0.7739900000000003,41.15848],[0.78418,41.15886],[0.7798800000000002,41.17239]]]},"properties":{"CODIMUNI":"430234","NOMMUNI":"Bellmunt del Priorat","CODICOMAR":"29","NOMCOMAR":"Priorat"}},{"type":"Feature","geometry":{"type":"Polygon","coordinates":[[[1.5706599999999997,41.26022],[1.5441899999999995,41.22919],[1.5557500000000002,41.227679999999985],[1.5595399999999997,41.211230000000015],[1.57495,41.216080000000005],[1.5781500000000004,41.230439999999994],[1.5941800000000004,41.23233999999999],[1.5813099999999998,41.237590000000004],[1.5706599999999997,41.26022]]]},"properties":{"CODIMUNI":"430249","NOMMUNI":"Bellvei","CODICOMAR":"12","NOMCOMAR":"Baix Penedès"}},{"type":"Feature","geometry":{"type":"Polygon","coordinates":[[[0.5762800000000001,40.99566999999999],[0.5591300000000003,41.01485999999999],[0.5066799999999997,40.99495000000001],[0.48641000000000045,40.97717000000001],[0.4545500000000001,40.97832999999999],[0.4462500000000005,40.95308],[0.49104000000000025,40.94223],[0.49143000000000014,40.92447],[0.5152900000000002,40.939699999999995],[0.55187,40.94718999999999],[0.5871899999999988,40.94076],[0.592920000000001,40.950689999999994],[0.5834500000000004,40.95761999999999],[0.5836599999999998,40.97549],[0.5652400000000006,40.98485],[0.5762800000000001,40.99566999999999]]]},"properties":{"CODIMUNI":"430252","NOMMUNI":"Benifallet","CODICOMAR":"09","NOMCOMAR":"Baix Ebre"}},{"type":"Feature","geometry":{"type":"Polygon","coordinates":[[[0.5374500000000002,41.08942999999999],[0.5022600000000002,41.05990999999999],[0.5663500000000008,41.06998999999999],[0.6155900000000011,41.04982],[0.6569500000000005,41.054469999999995],[0.6490900000000007,41.06752],[0.5986800000000012,41.07832999999999],[0.5683699999999999,41.07688999999999],[0.5374500000000002,41.08942999999999]]]},"properties":{"CODIMUNI":"430265","NOMMUNI":"Benissanet","CODICOMAR":"30","NOMCOMAR":"Ribera d'Ebre"}},{"type":"Feature","geometry":{"type":"Polygon","coordinates":[[[0.7343200000000009,41.309709999999995],[0.7136700000000002,41.302489999999985],[0.69592,41.281659999999995],[0.7034600000000003,41.25852999999999],[0.7511600000000002,41.27255],[0.7402299999999995,41.28016999999999],[0.7343200000000009,41.309709999999995]]]},"properties":{"CODIMUNI":"430271","NOMMUNI":"la Bisbal de Montsant","CODICOMAR":"29","NOMCOMAR":"Priorat"}},{"type":"Feature","geometry":{"type":"Polygon","coordinates":[[[1.5211900000000003,41.31349999999999],[1.4845800000000005,41.29780999999999],[1.4588700000000001,41.30116],[1.43601,41.28606],[1.4560500000000003,41.25074999999999],[1.46328,41.24753],[1.5144900000000006,41.27320999999999],[1.5266200000000005,41.27048999999999],[1.5163899999999995,41.298770000000005],[1.5211900000000003,41.31349999999999]]]},"properties":{"CODIMUNI":"430287","NOMMUNI":"la Bisbal del Penedès","CODICOMAR":"12","NOMCOMAR":"Baix Penedès"}},{"type":"Feature","geometry":{"type":"Polygon","coordinates":[[[1.1543200000000005,41.47982999999999],[1.12916,41.47514999999999],[1.1478600000000008,41.41858],[1.1563300000000007,41.42671],[1.1686599999999996,41.42058],[1.1777500000000005,41.43608],[1.1590500000000001,41.45376999999999],[1.1543200000000005,41.47982999999999]]]},"properties":{"CODIMUNI":"430290","NOMMUNI":"Blancafort","CODICOMAR":"16","NOMCOMAR":"Conca de Barberà"}},{"type":"Feature","geometry":{"type":"Polygon","coordinates":[[[1.4451699999999996,41.24948],[1.4209300000000005,41.24858],[1.4059200000000003,41.23737999999999],[1.40632,41.22688],[1.3904200000000002,41.22082],[1.3952,41.20557],[1.4098300000000001,41.21259],[1.4260800000000007,41.21164],[1.4356900000000004,41.202379999999984],[1.47677,41.20852999999999],[1.4676099999999999,41.23421],[1.4451699999999996,41.24948]]]},"properties":{"CODIMUNI":"430304","NOMMUNI":"Bonastre","CODICOMAR":"12","NOMCOMAR":"Baix Penedès"}},{"type":"Feature","geometry":{"type":"Polygon","coordinates":[[[1.0211000000000001,41.19672],[1.0119400000000005,41.19695000000001],[0.9964499999999997,41.17947000000001],[1.0181000000000011,41.16463999999999],[1.0227800000000011,41.150119999999994],[1.0376200000000004,41.17531],[1.0211000000000001,41.19672]]]},"properties":{"CODIMUNI":"430311","NOMMUNI":"les Borges del Camp","CODICOMAR":"08","NOMCOMAR":"Baix Camp"}},{"type":"Feature","geometry":{"type":"Polygon","coordinates":[[[0.3777700000000001,41.04776],[0.34217999999999993,41.043879999999994],[0.33361000000000096,41.02511],[0.33867000000000136,41.00537],[0.36660000000000065,41.00123],[0.34957999999999967,40.986239999999995],[0.3758799999999997,40.97506000000001],[0.4206000000000002,41.00663000000001],[0.3777700000000001,41.04776]]]},"properties":{"CODIMUNI":"430326","NOMMUNI":"Bot","CODICOMAR":"37","NOMCOMAR":"Terra Alta"}},{"type":"Feature","geometry":{"type":"Polygon","coordinates":[[[0.9977100000000002,41.177459999999996],[0.9808400000000012,41.13347999999999],[0.9901900000000007,41.12058999999999],[1.0036100000000006,41.12579999999999],[1.00223,41.13269],[1.0267500000000012,41.134019999999985],[1.0181000000000011,41.16463999999999],[0.9977100000000002,41.177459999999996]]]},"properties":{"CODIMUNI":"430332","NOMMUNI":"Botarell","CODICOMAR":"08","NOMCOMAR":"Baix Camp"}},{"type":"Feature","geometry":{"type":"Polygon","coordinates":[[[1.3586199999999997,41.28701],[1.3260300000000007,41.287659999999995],[1.3317100000000004,41.26510999999999],[1.3523000000000007,41.26427],[1.3586199999999997,41.28701]]]},"properties":{"CODIMUNI":"430347","NOMMUNI":"Bràfim","CODICOMAR":"01","NOMCOMAR":"Alt Camp"}},{"type":"Feature","geometry":{"type":"Polygon","coordinates":[[[0.7451099999999998,41.273939999999996],[0.7148700000000004,41.25832],[0.6943200000000002,41.25696000000001],[0.6851199999999997,41.24523],[0.6870000000000007,41.22445999999999],[0.7099099999999995,41.21405],[0.7225500000000005,41.22976],[0.7560600000000001,41.22784999999999],[0.76937,41.23619999999999],[0.7671600000000002,41.254389999999994],[0.7802100000000002,41.26722],[0.7451099999999998,41.273939999999996]]]},"properties":{"CODIMUNI":"430350","NOMMUNI":"Cabacés","CODICOMAR":"29","NOMCOMAR":"Priorat"}},{"type":"Feature","geometry":{"type":"Polygon","coordinates":[[[1.30288,41.42847999999999],[1.2593900000000007,41.40385],[1.2536600000000002,41.384829999999994],[1.30886,41.37107],[1.31456,41.37701999999999],[1.3512500000000005,41.37366999999999],[1.3207899999999997,41.411820000000006],[1.3109400000000007,41.40633999999999],[1.30288,41.42847999999999]]]},"properties":{"CODIMUNI":"430363","NOMMUNI":"Cabra del Camp","CODICOMAR":"01","NOMCOMAR":"Alt Camp"}},{"type":"Feature","geometry":{"type":"Polygon","coordinates":[[[1.602160000000001,41.2348],[1.5781500000000004,41.230439999999994],[1.57495,41.216080000000005],[1.5595399999999997,41.211230000000015],[1.5674500000000002,41.185930000000006],[1.6067800000000003,41.18452],[1.6067799999999999,41.189159999999994],[1.6075400000000002,41.18365],[1.6167200000000002,41.19086000000001],[1.6095700000000006,41.19850999999999],[1.6215000000000004,41.22362999999999],[1.602160000000001,41.2348]]]},"properties":{"CODIMUNI":"430379","NOMMUNI":"Calafell","CODICOMAR":"12","NOMCOMAR":"Baix Penedès"}},{"type":"Feature","geometry":{"type":"MultiPolygon","coordinates":[[[[1.0364400000000007,41.05758999999999],[1.0369899999999999,41.05785],[1.0362300000000004,41.057690000000015],[1.0364400000000007,41.05758999999999]]],[[[1.0414100000000002,41.05964],[1.0420100000000003,41.05971999999999],[1.04202,41.05982000000001],[1.0414100000000002,41.05964]]],[[[1.11288,41.07045999999999],[1.1140600000000003,41.07056999999999],[1.1141899999999998,41.07070999999999],[1.11288,41.07045999999999]]],[[[1.06539,41.06874],[1.0300999999999998,41.11523999999999],[0.9854399999999992,41.10145],[0.9997000000000004,41.07337],[1.02281,41.05203999999999],[1.0514100000000006,41.06428],[1.0646900000000001,41.06532],[1.0605800000000005,41.05998999999999],[1.1178100000000004,41.07365],[1.09525,41.091120000000004],[1.0941800000000006,41.10429999999999],[1.08255,41.100759999999994],[1.06539,41.06874]]]]},"properties":{"CODIMUNI":"430385","NOMMUNI":"Cambrils","CODICOMAR":"08","NOMCOMAR":"Baix Camp"}},{"type":"Feature","geometry":{"type":"Polygon","coordinates":[[[1.04287,41.31832],[1.0094900000000002,41.29066000000001],[1.0531000000000001,41.268080000000005],[1.06622,41.30474],[1.04287,41.31832]]]},"properties":{"CODIMUNI":"430398","NOMMUNI":"Capafonts","CODICOMAR":"08","NOMCOMAR":"Baix Camp"}},{"type":"Feature","geometry":{"type":"Polygon","coordinates":[[[0.82575,41.10234],[0.7705000000000001,41.12108],[0.7704700000000003,41.08377999999999],[0.8143700000000007,41.067029999999995],[0.8262300000000004,41.097809999999996],[0.8429000000000001,41.09982],[0.8368800000000011,41.113319999999995],[0.82575,41.10234]]]},"properties":{"CODIMUNI":"430402","NOMMUNI":"Capçanes","CODICOMAR":"29","NOMCOMAR":"Priorat"}},{"type":"Feature","geometry":{"type":"Polygon","coordinates":[[[0.22060000000000032,41.07512],[0.21894000000000055,41.06129],[0.23073000000000007,41.05449],[0.219360000000001,41.041999999999994],[0.23239000000000024,41.047320000000006],[0.23288000000000075,41.03456999999999],[0.24606000000000072,41.04142],[0.279810000000001,41.01979999999998],[0.33534,41.00834],[0.34217999999999993,41.043879999999994],[0.2699500000000002,41.07207],[0.23678000000000005,41.06914],[0.22060000000000032,41.07512]]]},"properties":{"CODIMUNI":"430419","NOMMUNI":"Caseres","CODICOMAR":"37","NOMCOMAR":"Terra Alta"}},{"type":"Feature","geometry":{"type":"Polygon","coordinates":[[[1.0840800000000006,41.20383],[1.0763599999999998,41.200329999999994],[1.0773100000000002,41.18267000000001],[1.1000500000000009,41.17394],[1.10543,41.19028],[1.0840800000000006,41.20383]]]},"properties":{"CODIMUNI":"430424","NOMMUNI":"Castellvell del Camp","CODICOMAR":"08","NOMCOMAR":"Baix Camp"}},{"type":"Feature","geometry":{"type":"MultiPolygon","coordinates":[[[[1.3660200000000002,41.17632999999999],[1.3659399999999997,41.18505],[1.35495,41.17692999999999],[1.3660200000000002,41.17632999999999]]],[[[1.2929,41.204269999999994],[1.2859700000000003,41.210469999999994],[1.2711,41.159139999999994],[1.2820999999999994,41.146190000000004],[1.304869999999999,41.16590999999999],[1.3186099999999996,41.151030000000006],[1.3428799999999999,41.17877],[1.3379300000000005,41.19299],[1.3142900000000002,41.20546000000001],[1.2998899999999995,41.20943],[1.2929,41.204269999999994]]]]},"properties":{"CODIMUNI":"430430","NOMMUNI":"el Catllar","CODICOMAR":"36","NOMCOMAR":"Tarragonès"}},{"type":"Feature","geometry":{"type":"Polygon","coordinates":[[[0.25988000000000033,40.78142999999999],[0.23312000000000033,40.779379999999996],[0.22794000000000017,40.767410000000005],[0.2121199999999998,40.76759],[0.19024000000000008,40.75054999999999],[0.17784000000000066,40.75484000000001],[0.17466999999999946,40.741189999999996],[0.15910000000000082,40.75018],[0.18172999999999978,40.72815000000001],[0.1910399999999982,40.73110000000001],[0.19765000000000035,40.72453000000001],[0.2263800000000002,40.73312999999999],[0.2360899999999999,40.70165],[0.26084000000000057,40.70576],[0.29198000000000024,40.688179999999996],[0.268060000000001,40.65924],[0.2666500000000006,40.64358],[0.2829300000000005,40.62731999999998],[0.3295100000000004,40.61106],[0.3579900000000009,40.64884],[0.33879000000000153,40.683189999999996],[0.3059800000000003,40.701589999999996],[0.30539,40.712549999999986],[0.277940000000001,40.729659999999996],[0.2938099999999991,40.750879999999995],[0.2865499999999995,40.76873],[0.2707099999999996,40.7676],[0.27727999999999986,40.77391],[0.25988000000000033,40.78142999999999]]]},"properties":{"CODIMUNI":"430445","NOMMUNI":"la Sénia","CODICOMAR":"22","NOMCOMAR":"Montsià"}},{"type":"Feature","geometry":{"type":"Polygon","coordinates":[[[0.8567600000000001,41.11073999999999],[0.8265999999999994,41.11972],[0.85033,41.09437],[0.872740000000001,41.08388999999998],[0.9131599999999993,41.082049999999995],[0.8849700000000008,41.11746999999998],[0.8777100000000009,41.11069999999999],[0.8567600000000001,41.11073999999999]]]},"properties":{"CODIMUNI":"430458","NOMMUNI":"Colldejou","CODICOMAR":"08","NOMCOMAR":"Baix Camp"}},{"type":"Feature","geometry":{"type":"Polygon","coordinates":[[[1.2345100000000004,41.54238],[1.2462400000000007,41.525029999999994],[1.2333499999999997,41.51778],[1.25032,41.49972],[1.2739700000000003,41.50026],[1.2912700000000001,41.488],[1.3189900000000006,41.49544999999999],[1.3308900000000004,41.51849999999999],[1.2345100000000004,41.54238]]]},"properties":{"CODIMUNI":"430461","NOMMUNI":"Conesa","CODICOMAR":"16","NOMCOMAR":"Conca de Barberà"}},{"type":"Feature","geometry":{"type":"Polygon","coordinates":[[[1.2368499999999996,41.16304000000002],[1.1722299999999992,41.1935],[1.1437900000000003,41.17047],[1.1607300000000007,41.15008],[1.19738,41.1297],[1.23805,41.150940000000006],[1.2368499999999996,41.16304000000002]]]},"properties":{"CODIMUNI":"430477","NOMMUNI":"Constantí","CODICOMAR":"36","NOMCOMAR":"Tarragonès"}},{"type":"Feature","geometry":{"type":"Polygon","coordinates":[[[0.4871699999999999,41.14139],[0.4558400000000004,41.13663],[0.41686000000000145,41.100449999999995],[0.4202700000000002,41.090059999999994],[0.44851999999999975,41.08169],[0.4700600000000005,41.06753999999999],[0.4662700000000004,41.059449999999984],[0.48040999999999984,41.05555999999999],[0.5178100000000001,41.072990000000004],[0.53625,41.09765999999999],[0.51829,41.10098999999999],[0.4871699999999999,41.14139]]]},"properties":{"CODIMUNI":"430483","NOMMUNI":"Corbera d'Ebre","CODICOMAR":"37","NOMCOMAR":"Terra Alta"}},{"type":"Feature","geometry":{"type":"Polygon","coordinates":[[[0.9354700000000005,41.32045],[0.9075000000000004,41.326649999999994],[0.9077400000000003,41.31701],[0.8926100000000009,41.30966000000001],[0.8857799999999996,41.29747],[0.8970799999999998,41.29012000000001],[0.8782400000000001,41.27832],[0.8822500000000006,41.248810000000006],[0.86512,41.20755],[0.9210700000000003,41.2133],[0.9097700000000004,41.23786],[0.9752600000000001,41.26013],[0.9731000000000004,41.29454],[0.9602800000000002,41.29946999999999],[0.94491,41.28974999999999],[0.9354700000000005,41.32045]]]},"properties":{"CODIMUNI":"430496","NOMMUNI":"Cornudella de Montsant","CODICOMAR":"29","NOMCOMAR":"Priorat"}},{"type":"Feature","geometry":{"type":"Polygon","coordinates":[[[1.4243,41.21195999999998],[1.4145300000000005,41.20942],[1.4120200000000003,41.19770000000001],[1.42445,41.16459999999999],[1.4403699999999997,41.15521],[1.4595199999999997,41.1633],[1.45798,41.169500000000006],[1.43166,41.18056],[1.4356900000000004,41.202379999999984],[1.4243,41.21195999999998]]]},"properties":{"CODIMUNI":"430509","NOMMUNI":"Creixell","CODICOMAR":"36","NOMCOMAR":"Tarragonès"}},{"type":"Feature","geometry":{"type":"MultiPolygon","coordinates":[[[[1.6420400000000002,41.19304],[1.6447600000000002,41.19349],[1.6418800000000002,41.193130000000004],[1.6420400000000002,41.19304]]],[[[1.6532700000000002,41.20738],[1.6413700000000009,41.23634],[1.6215000000000004,41.22362999999999],[1.6095700000000006,41.19850999999999],[1.6167200000000002,41.19086000000001],[1.6457400000000002,41.19486],[1.64132,41.21161000000001],[1.6532700000000002,41.20738]]]]},"properties":{"CODIMUNI":"430516","NOMMUNI":"Cunit","CODICOMAR":"12","NOMCOMAR":"Baix Penedès"}},{"type":"Feature","geometry":{"type":"Polygon","coordinates":[[[0.46793000000000057,40.94431999999999],[0.4433299999999994,40.918369999999996],[0.4454799999999989,40.89646],[0.4166500000000008,40.87339],[0.42202,40.86071],[0.44905999999999996,40.86500999999999],[0.4809799999999998,40.88792],[0.49389999999999984,40.889309999999995],[0.487340000000001,40.901349999999994],[0.5093399999999997,40.90534000000001],[0.4865500000000002,40.930419999999984],[0.49104000000000025,40.94223],[0.46793000000000057,40.94431999999999]]]},"properties":{"CODIMUNI":"430521","NOMMUNI":"Xerta","CODICOMAR":"09","NOMCOMAR":"Baix Ebre"}},{"type":"Feature","geometry":{"type":"Polygon","coordinates":[[[0.9245400000000006,41.18308],[0.90301,41.17627],[0.8998800000000003,41.153999999999996],[0.9274800000000004,41.13515999999999],[0.9535400000000005,41.15771999999999],[0.9245400000000006,41.18308]]]},"properties":{"CODIMUNI":"430537","NOMMUNI":"Duesaigües","CODICOMAR":"08","NOMCOMAR":"Baix Camp"}},{"type":"Feature","geometry":{"type":"Polygon","coordinates":[[[1.1478600000000008,41.41858],[1.12964,41.474250000000005],[1.0827900000000004,41.46423999999999],[1.0554200000000005,41.44195],[1.07216,41.42432],[1.0719100000000006,41.408549999999984],[1.0965000000000003,41.36016],[1.1241100000000002,41.36982999999999],[1.1373299999999997,41.40577999999999],[1.131700000000001,41.412189999999995],[1.1478600000000008,41.41858]]]},"properties":{"CODIMUNI":"430542","NOMMUNI":"l'Espluga de Francolí","CODICOMAR":"16","NOMCOMAR":"Conca de Barberà"}},{"type":"Feature","geometry":{"type":"Polygon","coordinates":[[[0.7932899999999999,41.18772],[0.7875800000000006,41.18392000000001],[0.79441,41.17938],[0.7798800000000002,41.17239],[0.7841499999999995,41.15871],[0.7739900000000003,41.15848],[0.760560000000001,41.13656999999999],[0.8068000000000007,41.14357],[0.8354200000000006,41.13376],[0.8624199999999997,41.15907],[0.8589600000000001,41.17419],[0.8506899999999994,41.18114],[0.844730000000001,41.17596999999999],[0.7932899999999999,41.18772]]]},"properties":{"CODIMUNI":"430555","NOMMUNI":"Falset","CODICOMAR":"29","NOMCOMAR":"Priorat"}},{"type":"Feature","geometry":{"type":"Polygon","coordinates":[[[0.43089000000000005,41.22850999999999],[0.4022200000000005,41.21651],[0.42350000000000054,41.17326],[0.43826000000000004,41.17094999999999],[0.46793000000000057,41.139269999999996],[0.48967000000000055,41.14036999999999],[0.51829,41.10098999999999],[0.53625,41.09765999999999],[0.5533199999999999,41.1183],[0.4882300000000008,41.14203],[0.50124,41.15688999999999],[0.4950199999999998,41.19677999999999],[0.45936000000000154,41.204759999999986],[0.4557900000000003,41.21454000000001],[0.43089000000000005,41.22850999999999]]]},"properties":{"CODIMUNI":"430568","NOMMUNI":"la Fatarella","CODICOMAR":"37","NOMCOMAR":"Terra Alta"}},{"type":"Feature","geometry":{"type":"Polygon","coordinates":[[[1.0133899999999996,41.28948999999999],[0.9731000000000004,41.29454],[0.9692799999999994,41.275029999999994],[0.9784099999999998,41.25735000000001],[1.0061599999999997,41.26362000000001],[1.0153600000000003,41.25946],[1.03955,41.27120999999999],[1.0133899999999996,41.28948999999999]]]},"properties":{"CODIMUNI":"430574","NOMMUNI":"la Febró","CODICOMAR":"08","NOMCOMAR":"Baix Camp"}},{"type":"Feature","geometry":{"type":"Polygon","coordinates":[[[0.7374799999999999,41.22950999999999],[0.6785400000000001,41.19874],[0.6697100000000004,41.186989999999994],[0.6945500000000003,41.18445],[0.7125400000000013,41.17246],[0.7228700000000003,41.19472],[0.7378800000000003,41.19604999999999],[0.7451300000000002,41.21283],[0.7374799999999999,41.22950999999999]]]},"properties":{"CODIMUNI":"430580","NOMMUNI":"la Figuera","CODICOMAR":"29","NOMCOMAR":"Priorat"}},{"type":"Feature","geometry":{"type":"Polygon","coordinates":[[[1.2720000000000011,41.38329999999999],[1.24046,41.383860000000006],[1.2257200000000001,41.36362999999999],[1.2210000000000003,41.34255999999999],[1.2412000000000003,41.335570000000004],[1.2829199999999996,41.33959],[1.2869199999999994,41.34801],[1.2720000000000011,41.38329999999999]]]},"properties":{"CODIMUNI":"430593","NOMMUNI":"Figuerola del Camp","CODICOMAR":"01","NOMCOMAR":"Alt Camp"}},{"type":"Feature","geometry":{"type":"Polygon","coordinates":[[[0.5808500000000003,41.31989],[0.5454899999999996,41.322750000000006],[0.52621,41.290199999999984],[0.50287,41.28933],[0.5066500000000004,41.23911999999999],[0.4818000000000003,41.22338],[0.49519000000000046,41.197540000000004],[0.5568200000000015,41.20601],[0.5573299999999997,41.21493],[0.5895300000000001,41.21629999999999],[0.616230000000001,41.24368],[0.6302600000000002,41.23358000000001],[0.6169700000000006,41.275299999999994],[0.6812600000000008,41.303779999999996],[0.7136700000000002,41.302489999999985],[0.7526900000000003,41.31546],[0.6707300000000005,41.30972],[0.6194700000000007,41.29099999999999],[0.5970600000000006,41.29344999999999],[0.5808500000000003,41.31989]]]},"properties":{"CODIMUNI":"430607","NOMMUNI":"Flix","CODICOMAR":"30","NOMCOMAR":"Ribera d'Ebre"}},{"type":"Feature","geometry":{"type":"Polygon","coordinates":[[[1.2328600000000005,41.52134000000001],[1.2245400000000002,41.52098],[1.2271500000000006,41.50852999999999],[1.2130800000000002,41.50831999999999],[1.1981100000000002,41.49051],[1.2052600000000004,41.47342],[1.2513,41.47851],[1.26811,41.49698],[1.2495200000000002,41.500239999999984],[1.2328600000000005,41.52134000000001]]]},"properties":{"CODIMUNI":"430614","NOMMUNI":"Forès","CODICOMAR":"16","NOMCOMAR":"Conca de Barberà"}},{"type":"Feature","geometry":{"type":"Polygon","coordinates":[[[0.5189699999999992,40.68529],[0.49585000000000007,40.66797],[0.4892999999999998,40.65119],[0.512430000000001,40.638580000000005],[0.5442200000000001,40.63229],[0.5354200000000006,40.64046],[0.54353,40.65653],[0.5363600000000001,40.67428],[0.5189699999999992,40.68529]]]},"properties":{"CODIMUNI":"430629","NOMMUNI":"Freginals","CODICOMAR":"22","NOMCOMAR":"Montsià"}},{"type":"Feature","geometry":{"type":"Polygon","coordinates":[[[0.4285699999999999,40.72028],[0.38551000000000035,40.69485],[0.4233600000000004,40.67521000000001],[0.426210000000001,40.68094],[0.4605600000000006,40.6724],[0.5050899999999996,40.698339999999995],[0.4504799999999994,40.70441],[0.4285699999999999,40.72028]]]},"properties":{"CODIMUNI":"430635","NOMMUNI":"la Galera","CODICOMAR":"22","NOMCOMAR":"Montsià"}},{"type":"Feature","geometry":{"type":"Polygon","coordinates":[[[0.41724999999999973,41.10237999999999],[0.3806100000000005,41.112659999999984],[0.38199,41.08861],[0.3613800000000009,41.0705],[0.3584400000000011,41.048869999999994],[0.3777700000000001,41.04776],[0.43028999999999995,40.997859999999996],[0.4451900000000012,40.994109999999985],[0.45323000000000013,41.00093],[0.45036000000000115,41.02004],[0.5022600000000002,41.05990999999999],[0.4662700000000004,41.059449999999984],[0.4700600000000005,41.06753999999999],[0.4202700000000002,41.090059999999994],[0.41724999999999973,41.10237999999999]]]},"properties":{"CODIMUNI":"430640","NOMMUNI":"Gandesa","CODICOMAR":"37","NOMCOMAR":"Terra Alta"}},{"type":"Feature","geometry":{"type":"Polygon","coordinates":[[[0.6598999999999997,41.18482],[0.6101599999999999,41.17428999999999],[0.6170400000000001,41.14795000000001],[0.5869600000000006,41.135529999999996],[0.5842599999999996,41.12706],[0.6009400000000007,41.12077],[0.6119199999999996,41.1301],[0.6348499999999999,41.12007],[0.6374900000000007,41.11088999999999],[0.7123800000000005,41.10520999999999],[0.7128200000000005,41.117000000000004],[0.6924300000000005,41.13179],[0.6955100000000006,41.14171000000001],[0.6598999999999997,41.18482]]]},"properties":{"CODIMUNI":"430653","NOMMUNI":"Garcia","CODICOMAR":"30","NOMCOMAR":"Ribera d'Ebre"}},{"type":"Feature","geometry":{"type":"Polygon","coordinates":[[[1.2590300000000005,41.19964],[1.2423299999999997,41.22143],[1.2331800000000004,41.21582000000001],[1.23383,41.20393000000001],[1.2590300000000005,41.19964]]]},"properties":{"CODIMUNI":"430666","NOMMUNI":"els Garidells","CODICOMAR":"01","NOMCOMAR":"Alt Camp"}},{"type":"Feature","geometry":{"type":"Polygon","coordinates":[[[0.6285000000000001,41.051429999999996],[0.6158700000000005,41.03268],[0.6013900000000001,41.02808],[0.6239800000000003,41.01971],[0.6251900000000004,41.00633999999999],[0.6494400000000004,41.005269999999996],[0.6630499999999997,41.04093999999999],[0.650110000000001,41.05042999999999],[0.6285000000000001,41.051429999999996]]]},"properties":{"CODIMUNI":"430672","NOMMUNI":"Ginestar","CODICOMAR":"30","NOMCOMAR":"Ribera d'Ebre"}},{"type":"Feature","geometry":{"type":"Polygon","coordinates":[[[0.51598,40.70100999999999],[0.4605600000000006,40.6724],[0.40462000000000053,40.68289000000001],[0.4009200000000001,40.67394999999999],[0.4382100000000011,40.65553999999999],[0.4251599999999999,40.63755],[0.4466800000000007,40.624539999999996],[0.4767299999999997,40.636390000000006],[0.51792,40.68733000000001],[0.51598,40.70100999999999]]]},"properties":{"CODIMUNI":"430688","NOMMUNI":"Godall","CODICOMAR":"22","NOMCOMAR":"Montsià"}},{"type":"Feature","geometry":{"type":"Polygon","coordinates":[[[0.7726000000000003,41.21743],[0.75883,41.21166000000001],[0.74977,41.170989999999996],[0.7744900000000002,41.169180000000004],[0.79441,41.17938],[0.7903399999999999,41.18918],[0.7774900000000011,41.190899999999985],[0.8046399999999999,41.20129],[0.7790800000000009,41.20779999999999],[0.7726000000000003,41.21743]]]},"properties":{"CODIMUNI":"430691","NOMMUNI":"Gratallops","CODICOMAR":"29","NOMCOMAR":"Priorat"}},{"type":"Feature","geometry":{"type":"Polygon","coordinates":[[[0.7705000000000001,41.12108],[0.7128200000000008,41.117009999999986],[0.7123800000000005,41.10520999999999],[0.7329500000000003,41.102700000000006],[0.7604300000000003,41.08449],[0.7705000000000001,41.12108]]]},"properties":{"CODIMUNI":"430705","NOMMUNI":"els Guiamets","CODICOMAR":"29","NOMCOMAR":"Priorat"}},{"type":"Feature","geometry":{"type":"Polygon","coordinates":[[[0.28941000000000033,41.01987],[0.25882000000000066,41.014269999999996],[0.2747299999999995,41.00664],[0.2683699999999999,40.998200000000004],[0.2811599999999996,40.98666],[0.28200000000000003,40.97275999999999],[0.29356000000000015,40.970859999999995],[0.27256999999999904,40.94104000000001],[0.30746000000000123,40.899760000000015],[0.28797000000000017,40.868719999999996],[0.3105999999999995,40.83954000000001],[0.3329199999999996,40.84918999999999],[0.3680700000000002,40.88878],[0.3634700000000001,40.908139999999996],[0.3758799999999997,40.97506000000001],[0.34957999999999967,40.986239999999995],[0.36660000000000065,41.00123],[0.36099000000000026,41.004799999999996],[0.3236600000000009,41.00693999999999],[0.28941000000000033,41.01987]]]},"properties":{"CODIMUNI":"430712","NOMMUNI":"Horta de Sant Joan","CODICOMAR":"37","NOMCOMAR":"Terra Alta"}},{"type":"Feature","geometry":{"type":"Polygon","coordinates":[[[0.7477900000000001,41.2118],[0.7378800000000003,41.19604999999999],[0.7228700000000003,41.19472],[0.7125400000000013,41.17246],[0.7370600000000003,41.1904],[0.7540300000000003,41.18221],[0.761240000000001,41.20167],[0.7477900000000001,41.2118]]]},"properties":{"CODIMUNI":"430727","NOMMUNI":"el Lloar","CODICOMAR":"29","NOMCOMAR":"Priorat"}},{"type":"Feature","geometry":{"type":"Polygon","coordinates":[[[1.37086,41.5653],[1.2586900000000008,41.56756],[1.2613099999999993,41.55696999999999],[1.2950999999999997,41.55982999999999],[1.2957700000000008,41.55252999999998],[1.3045600000000008,41.548239999999986],[1.3158200000000002,41.55321],[1.3447800000000005,41.53489],[1.36273,41.538259999999994],[1.3659199999999998,41.55281],[1.3783400000000001,41.54584],[1.3927999999999998,41.54963000000001],[1.37086,41.5653]]]},"properties":{"CODIMUNI":"430733","NOMMUNI":"Llorac","CODICOMAR":"16","NOMCOMAR":"Conca de Barberà"}},{"type":"Feature","geometry":{"type":"Polygon","coordinates":[[[1.54352,41.29778],[1.5348,41.29359999999999],[1.5275500000000004,41.27420999999999],[1.5672099999999998,41.28308],[1.54352,41.29778]]]},"properties":{"CODIMUNI":"430748","NOMMUNI":"Llorenç del Penedès","CODICOMAR":"12","NOMCOMAR":"Baix Penedès"}},{"type":"Feature","geometry":{"type":"Polygon","coordinates":[[[0.7634699999999999,41.33454],[0.7505600000000004,41.32459],[0.7502300000000001,41.31161],[0.7379500000000004,41.30601],[0.7393300000000003,41.28276],[0.7555699999999991,41.270990000000005],[0.7832599999999996,41.26754],[0.8133000000000009,41.27920000000001],[0.795570000000001,41.31329999999999],[0.8128200000000002,41.328269999999996],[0.7634699999999999,41.33454]]]},"properties":{"CODIMUNI":"430751","NOMMUNI":"Margalef","CODICOMAR":"29","NOMCOMAR":"Priorat"}},{"type":"Feature","geometry":{"type":"Polygon","coordinates":[[[0.8068000000000007,41.14357],[0.760560000000001,41.13656999999999],[0.7543200000000004,41.128229999999995],[0.8258499999999999,41.10234],[0.8353900000000004,41.13397],[0.8068000000000007,41.14357]]]},"properties":{"CODIMUNI":"430764","NOMMUNI":"Marçà","CODICOMAR":"29","NOMCOMAR":"Priorat"}},{"type":"Feature","geometry":{"type":"Polygon","coordinates":[[[0.3842800000000004,40.762570000000004],[0.3305599999999995,40.76051999999999],[0.3117100000000009,40.745549999999994],[0.2938099999999991,40.750879999999995],[0.27717000000000025,40.73415000000001],[0.30539,40.712549999999986],[0.3059800000000003,40.701589999999996],[0.33879000000000153,40.683189999999996],[0.35180000000000083,40.65972],[0.4435600000000008,40.73713],[0.4112400000000009,40.74134999999999],[0.3842800000000004,40.762570000000004]]]},"properties":{"CODIMUNI":"430770","NOMMUNI":"Mas de Barberans","CODICOMAR":"22","NOMCOMAR":"Montsià"}},{"type":"Feature","geometry":{"type":"Polygon","coordinates":[[[0.5516699999999999,40.744159999999994],[0.5348800000000004,40.74249999999999],[0.5028999999999998,40.70813000000001],[0.5050899999999996,40.698339999999995],[0.521690000000001,40.699459999999995],[0.5181999999999999,40.683179999999986],[0.53244,40.67916],[0.5516699999999999,40.744159999999994]]]},"properties":{"CODIMUNI":"430786","NOMMUNI":"Masdenverge","CODICOMAR":"22","NOMCOMAR":"Montsià"}},{"type":"Feature","geometry":{"type":"Polygon","coordinates":[[[1.41792,41.27441],[1.3999900000000005,41.26346],[1.4188100000000001,41.26286],[1.45172,41.247119999999995],[1.4394999999999996,41.2723],[1.41792,41.27441]]]},"properties":{"CODIMUNI":"430799","NOMMUNI":"Masllorenç","CODICOMAR":"12","NOMCOMAR":"Baix Penedès"}},{"type":"Feature","geometry":{"type":"Polygon","coordinates":[[[1.2312500000000006,41.22696],[1.22684,41.249979999999994],[1.215290000000001,41.24844999999999],[1.2100000000000002,41.22876999999999],[1.2312500000000006,41.22696]]]},"properties":{"CODIMUNI":"430803","NOMMUNI":"la Masó","CODICOMAR":"01","NOMCOMAR":"Alt Camp"}},{"type":"Feature","geometry":{"type":"Polygon","coordinates":[[[1.0285400000000007,41.20139000000001],[1.0160799999999997,41.19833],[1.0292900000000007,41.18055],[1.0457500000000006,41.176269999999995],[1.04941,41.18369],[1.0285400000000007,41.20139000000001]]]},"properties":{"CODIMUNI":"430810","NOMMUNI":"Maspujols","CODICOMAR":"08","NOMCOMAR":"Baix Camp"}},{"type":"Feature","geometry":{"type":"Polygon","coordinates":[[[0.7360700000000007,41.15586999999999],[0.7243000000000007,41.1442],[0.6932699999999998,41.13404],[0.7128200000000005,41.117000000000004],[0.7598900000000004,41.11930999999999],[0.7543200000000004,41.128229999999995],[0.7614800000000002,41.14227999999999],[0.7360700000000007,41.15586999999999]]]},"properties":{"CODIMUNI":"430825","NOMMUNI":"el Masroig","CODICOMAR":"29","NOMCOMAR":"Priorat"}},{"type":"Feature","geometry":{"type":"Polygon","coordinates":[[[1.21923,41.2614],[1.1952899999999993,41.259600000000006],[1.1906400000000004,41.24953],[1.2104000000000001,41.23572],[1.2221600000000004,41.24875999999999],[1.21923,41.2614]]]},"properties":{"CODIMUNI":"430831","NOMMUNI":"el Milà","CODICOMAR":"01","NOMCOMAR":"Alt Camp"}},{"type":"Feature","geometry":{"type":"Polygon","coordinates":[[[0.5728900000000005,41.069759999999995],[0.5485300000000009,41.06926999999999],[0.5268600000000013,41.05771],[0.5444800000000001,41.05072],[0.54813,41.0374],[0.5672600000000001,41.0245],[0.5701500000000003,41.01838],[0.5591300000000003,41.01485999999999],[0.5765100000000006,41.00001999999999],[0.6065700000000003,41.02499999999999],[0.6002199999999996,41.03227999999999],[0.6158700000000005,41.03268],[0.62581,41.052189999999996],[0.6107000000000009,41.051099999999984],[0.5728900000000005,41.069759999999995]]]},"properties":{"CODIMUNI":"430846","NOMMUNI":"Miravet","CODICOMAR":"30","NOMCOMAR":"Ribera d'Ebre"}},{"type":"Feature","geometry":{"type":"Polygon","coordinates":[[[0.6670300000000001,41.18983],[0.6585700000000003,41.18548],[0.6746400000000005,41.17354],[0.6974700000000006,41.13423],[0.7243000000000007,41.1442],[0.75027,41.171859999999995],[0.7373299999999999,41.19038],[0.7319799999999999,41.18065],[0.7064200000000013,41.17164],[0.6945500000000003,41.18445],[0.6670300000000001,41.18983]]]},"properties":{"CODIMUNI":"430859","NOMMUNI":"el Molar","CODICOMAR":"29","NOMCOMAR":"Priorat"}},{"type":"Feature","geometry":{"type":"Polygon","coordinates":[[[1.1574000000000002,41.42672000000001],[1.131700000000001,41.412189999999995],[1.1373299999999997,41.40577999999999],[1.1234100000000002,41.36906],[1.0965000000000003,41.36016],[1.0846300000000002,41.35273],[1.0868800000000003,41.34103],[1.06615,41.33346000000001],[1.0668900000000001,41.32311000000001],[1.1061900000000005,41.31481],[1.1074800000000002,41.30809000000001],[1.1508199999999993,41.31110999999999],[1.14081,41.32027],[1.1516299999999997,41.3562],[1.1598600000000006,41.35866],[1.187300000000001,41.34616999999999],[1.1793500000000003,41.334219999999995],[1.1912899999999997,41.31529999999999],[1.1969,41.32851999999999],[1.2210000000000003,41.34255999999999],[1.2296599999999998,41.37284999999999],[1.2401199999999997,41.37622],[1.1906899999999996,41.39434],[1.1726999999999999,41.42688999999999],[1.1680300000000006,41.42045000000001],[1.1574000000000002,41.42672000000001]]]},"properties":{"CODIMUNI":"430862","NOMMUNI":"Montblanc","CODICOMAR":"16","NOMCOMAR":"Conca de Barberà"}},{"type":"Feature","geometry":{"type":"Polygon","coordinates":[[[0.9901900000000007,41.12058999999999],[0.9808400000000012,41.13347999999999],[0.9750499999999999,41.115700000000004],[0.9854399999999992,41.10145],[1.0300999999999998,41.11523999999999],[1.0240700000000003,41.13363],[1.00223,41.13269],[1.0036100000000006,41.12579999999999],[0.9901900000000007,41.12058999999999]]]},"properties":{"CODIMUNI":"430884","NOMMUNI":"Montbrió del Camp","CODICOMAR":"08","NOMCOMAR":"Baix Camp"}},{"type":"Feature","geometry":{"type":"Polygon","coordinates":[[[1.3636000000000006,41.28564999999999],[1.3520300000000005,41.277379999999994],[1.3529500000000003,41.26032],[1.3714800000000003,41.242869999999996],[1.4022300000000012,41.23953999999999],[1.4351200000000006,41.25126000000001],[1.4188100000000001,41.26286],[1.3874599999999995,41.26256],[1.3864100000000001,41.285869999999996],[1.3636000000000006,41.28564999999999]]]},"properties":{"CODIMUNI":"430897","NOMMUNI":"Montferri","CODICOMAR":"01","NOMCOMAR":"Alt Camp"}},{"type":"Feature","geometry":{"type":"Polygon","coordinates":[[[1.5389100000000004,41.383849999999995],[1.5125200000000003,41.35916],[1.4628200000000005,41.35624],[1.40208,41.32501],[1.4254599999999997,41.30816000000001],[1.3989700000000005,41.29228],[1.43601,41.28606],[1.4588700000000001,41.30116],[1.4845800000000005,41.29780999999999],[1.53993,41.32208],[1.5788600000000002,41.35636],[1.5689800000000005,41.36880000000001],[1.5509700000000008,41.36858999999999],[1.5389100000000004,41.383849999999995]]]},"properties":{"CODIMUNI":"430901","NOMMUNI":"el Montmell","CODICOMAR":"12","NOMCOMAR":"Baix Penedès"}},{"type":"Feature","geometry":{"type":"Polygon","coordinates":[[[1.0668900000000001,41.32311000000001],[1.04287,41.31832],[1.06622,41.30474],[1.0531000000000001,41.268080000000005],[1.08845,41.26396],[1.1096300000000006,41.27608],[1.1227400000000005,41.269259999999996],[1.14023,41.27186],[1.1365800000000006,41.285540000000005],[1.1251100000000005,41.28982],[1.1444500000000006,41.30886999999999],[1.1074800000000002,41.30809000000001],[1.1061900000000005,41.31481],[1.0668900000000001,41.32311000000001]]]},"properties":{"CODIMUNI":"430918","NOMMUNI":"Mont-ral","CODICOMAR":"01","NOMCOMAR":"Alt Camp"}},{"type":"Feature","geometry":{"type":"Polygon","coordinates":[[[0.9730800000000001,41.11955],[0.9713500000000003,41.10405],[0.97704,41.09842999999999],[0.9409699999999996,41.10447],[0.9305999999999999,41.09183],[0.9346799999999996,41.081779999999995],[0.9131599999999993,41.082049999999995],[0.9221100000000004,41.04972000000001],[0.9059100000000003,41.02524],[0.9318500000000002,40.99142],[0.9654500000000001,41.02760000000001],[1.02281,41.05203999999999],[0.9997000000000004,41.07337],[0.9730800000000001,41.11955]]]},"properties":{"CODIMUNI":"430923","NOMMUNI":"Mont-roig del Camp","CODICOMAR":"08","NOMCOMAR":"Baix Camp"}},{"type":"Feature","geometry":{"type":"Polygon","coordinates":[[[0.5842599999999996,41.12706],[0.5820699999999998,41.13354],[0.5678400000000007,41.11988],[0.5551300000000005,41.12028],[0.5330100000000003,41.09080999999999],[0.5683699999999999,41.07688999999999],[0.5986800000000012,41.07832999999999],[0.6563800000000005,41.06475],[0.6569799999999995,41.08518],[0.6427400000000005,41.09398],[0.6348499999999999,41.12007],[0.6119199999999996,41.1301],[0.5967400000000004,41.12104999999998],[0.5842599999999996,41.12706]]]},"properties":{"CODIMUNI":"430939","NOMMUNI":"Móra d'Ebre","CODICOMAR":"30","NOMCOMAR":"Ribera d'Ebre"}},{"type":"Feature","geometry":{"type":"Polygon","coordinates":[[[0.6374900000000007,41.11088999999999],[0.6348499999999999,41.12007],[0.6351900000000005,41.11374],[0.6431899999999992,41.09329],[0.6569799999999995,41.08518],[0.6577700000000002,41.0667],[0.68459,41.07665],[0.6977600000000003,41.104639999999996],[0.6374900000000007,41.11088999999999]]]},"properties":{"CODIMUNI":"430944","NOMMUNI":"Móra la Nova","CODICOMAR":"30","NOMCOMAR":"Ribera d'Ebre"}},{"type":"Feature","geometry":{"type":"MultiPolygon","coordinates":[[[[1.1903900000000005,41.19357],[1.1897799999999996,41.20026000000001],[1.1854600000000006,41.193909999999995],[1.1903900000000005,41.19357]]],[[[1.1732099999999999,41.195679999999996],[1.1786000000000003,41.199349999999995],[1.1762899999999996,41.20065],[1.1732099999999999,41.195679999999996]]],[[[1.2331800000000004,41.21582000000001],[1.2194899999999997,41.21554],[1.2221200000000005,41.20157],[1.207130000000001,41.205389999999994],[1.1933499999999997,41.19335],[1.2278800000000005,41.19315],[1.2331800000000004,41.21582000000001]]]]},"properties":{"CODIMUNI":"430957","NOMMUNI":"el Morell","CODICOMAR":"36","NOMCOMAR":"Tarragonès"}},{"type":"Feature","geometry":{"type":"Polygon","coordinates":[[[0.7997900000000006,41.31150999999999],[0.8133000000000009,41.27920000000001],[0.7802100000000002,41.26722],[0.7672299999999999,41.25459],[0.7689000000000006,41.23937],[0.7807300000000008,41.24748],[0.8114600000000003,41.236320000000006],[0.82729,41.25039999999999],[0.8405200000000005,41.24562],[0.8562400000000002,41.25189999999999],[0.8690200000000013,41.235409999999995],[0.86512,41.20755],[0.8822500000000006,41.248810000000006],[0.8782400000000001,41.27832],[0.8969000000000005,41.29162],[0.8604200000000002,41.30427000000001],[0.8124499999999999,41.30215999999999],[0.7997900000000006,41.31150999999999]]]},"properties":{"CODIMUNI":"430960","NOMMUNI":"la Morera de Montsant","CODICOMAR":"29","NOMCOMAR":"Priorat"}},{"type":"Feature","geometry":{"type":"Polygon","coordinates":[[[1.39667,41.20162],[1.3750700000000005,41.19325],[1.3660200000000002,41.17632999999999],[1.383110000000001,41.17271000000001],[1.39667,41.20162]]]},"properties":{"CODIMUNI":"430976","NOMMUNI":"la Nou de Gaià","CODICOMAR":"36","NOMCOMAR":"Tarragonès"}},{"type":"Feature","geometry":{"type":"Polygon","coordinates":[[[1.3043700000000011,41.27072999999999],[1.2702699999999996,41.26604999999999],[1.27957,41.25083],[1.2695700000000003,41.23362],[1.2935299999999998,41.236790000000006],[1.3125200000000001,41.24848],[1.3043700000000011,41.27072999999999]]]},"properties":{"CODIMUNI":"430982","NOMMUNI":"Nulles","CODICOMAR":"01","NOMCOMAR":"Alt Camp"}},{"type":"Feature","geometry":{"type":"Polygon","coordinates":[[[0.6893400000000004,41.304649999999995],[0.6169700000000006,41.275299999999994],[0.6302600000000002,41.23358000000001],[0.6562800000000011,41.24461],[0.6851199999999997,41.24523],[0.7012300000000009,41.26024999999999],[0.69592,41.281659999999995],[0.7136700000000002,41.302489999999985],[0.6893400000000004,41.304649999999995]]]},"properties":{"CODIMUNI":"430995","NOMMUNI":"la Palma d'Ebre","CODICOMAR":"30","NOMCOMAR":"Ribera d'Ebre"}},{"type":"Feature","geometry":{"type":"Polygon","coordinates":[[[1.27953,41.17541],[1.26047,41.18275],[1.25128,41.16888999999999],[1.2334100000000003,41.16954],[1.2368499999999996,41.16304000000002],[1.2711,41.159139999999994],[1.27953,41.17541]]]},"properties":{"CODIMUNI":"431009","NOMMUNI":"els Pallaresos","CODICOMAR":"36","NOMCOMAR":"Tarragonès"}},{"type":"Feature","geometry":{"type":"Polygon","coordinates":[[[1.21084,41.54862],[1.1664800000000004,41.53714000000001],[1.1761900000000005,41.53376999999998],[1.16472,41.508489999999995],[1.17978,41.48843000000001],[1.2090700000000005,41.495779999999996],[1.2130800000000002,41.50831999999999],[1.2271500000000006,41.50852999999999],[1.2245400000000002,41.52098],[1.2333499999999997,41.51778],[1.2462400000000007,41.525029999999994],[1.2359500000000008,41.541689999999996],[1.223570000000001,41.53891999999999],[1.21084,41.54862]]]},"properties":{"CODIMUNI":"431016","NOMMUNI":"Passanant i Belltall","CODICOMAR":"16","NOMCOMAR":"Conca de Barberà"}},{"type":"Feature","geometry":{"type":"Polygon","coordinates":[[[0.4457000000000005,40.96462],[0.37068,40.94268],[0.3634700000000001,40.908139999999996],[0.3689499999999998,40.891020000000005],[0.3603600000000004,40.8831],[0.3620599999999997,40.88033999999999],[0.43650000000000005,40.90969],[0.46669000000000044,40.94532999999999],[0.44632999999999995,40.952999999999996],[0.4457000000000005,40.96462]]]},"properties":{"CODIMUNI":"431021","NOMMUNI":"Paüls","CODICOMAR":"09","NOMCOMAR":"Baix Ebre"}},{"type":"Feature","geometry":{"type":"MultiPolygon","coordinates":[[[[1.2244900000000003,41.177139999999994],[1.2198700000000002,41.18061999999999],[1.21808,41.178079999999994],[1.2244900000000003,41.177139999999994]]],[[[1.1770299999999998,41.19466],[1.1722299999999992,41.1935],[1.1834000000000005,41.191],[1.1770299999999998,41.19466]]],[[[1.26297,41.18611],[1.2590300000000005,41.19964],[1.2459800000000003,41.203950000000006],[1.23383,41.20393000000001],[1.2278800000000005,41.19315],[1.2163700000000006,41.19128],[1.2301900000000003,41.188379999999995],[1.2334100000000003,41.16954],[1.2470399999999993,41.16747000000001],[1.26297,41.18611]]],[[[1.2049999999999994,41.22607],[1.1943100000000006,41.22272],[1.1965000000000006,41.21768000000001],[1.2049999999999994,41.22607]]]]},"properties":{"CODIMUNI":"431037","NOMMUNI":"Perafort","CODICOMAR":"36","NOMCOMAR":"Tarragonès"}},{"type":"Feature","geometry":{"type":"Polygon","coordinates":[[[0.6778700000000007,40.94545],[0.6114300000000003,40.93029],[0.5970999999999993,40.941],[0.5999900000000007,40.93045999999999],[0.6133300000000004,40.924419999999984],[0.6175399999999996,40.88978999999999],[0.6496600000000003,40.89395],[0.6614899999999998,40.87162],[0.6341500000000004,40.838709999999985],[0.6411400000000018,40.82387999999999],[0.6591300000000009,40.82300000000001],[0.6910200000000005,40.8505],[0.7171199999999994,40.84319],[0.7411699999999998,40.82327000000001],[0.751800000000001,40.845940000000006],[0.7430100000000004,40.850970000000004],[0.7460800000000002,40.90023000000001],[0.737980000000001,40.91357],[0.7134900000000006,40.918609999999994],[0.6778700000000007,40.94545]]]},"properties":{"CODIMUNI":"431042","NOMMUNI":"el Perelló","CODICOMAR":"09","NOMCOMAR":"Baix Ebre"}},{"type":"Feature","geometry":{"type":"Polygon","coordinates":[[[1.3977200000000005,41.51924000000001],[1.3497800000000002,41.52949999999999],[1.3413,41.52303],[1.33416,41.52629],[1.3256,41.515330000000006],[1.3189900000000006,41.49544999999999],[1.3286699999999998,41.46874999999999],[1.3579300000000003,41.48127],[1.3703300000000007,41.50480999999999],[1.3983599999999996,41.51417],[1.3977200000000005,41.51924000000001]]]},"properties":{"CODIMUNI":"431055","NOMMUNI":"les Piles de Gaià","CODICOMAR":"16","NOMCOMAR":"Conca de Barberà"}},{"type":"Feature","geometry":{"type":"Polygon","coordinates":[[[0.5270800000000005,41.06277999999999],[0.5022600000000002,41.05990999999999],[0.45036000000000115,41.02004],[0.45323000000000013,41.00093],[0.4401399999999994,40.993010000000005],[0.4523099999999998,40.97930999999999],[0.48641000000000045,40.97717000000001],[0.5066799999999997,40.99495000000001],[0.5700899999999995,41.01831],[0.5270800000000005,41.06277999999999]]]},"properties":{"CODIMUNI":"431068","NOMMUNI":"el Pinell de Brai","CODICOMAR":"37","NOMCOMAR":"Terra Alta"}},{"type":"Feature","geometry":{"type":"Polygon","coordinates":[[[1.1908100000000001,41.43636],[1.1724900000000005,41.42912],[1.1906899999999996,41.39434],[1.2130500000000004,41.424730000000004],[1.1908100000000001,41.43636]]]},"properties":{"CODIMUNI":"431074","NOMMUNI":"Pira","CODICOMAR":"16","NOMCOMAR":"Conca de Barberà"}},{"type":"Feature","geometry":{"type":"Polygon","coordinates":[[[1.3556299999999994,41.370940000000004],[1.2720000000000011,41.38329999999999],[1.28742,41.35046],[1.2780400000000005,41.32035],[1.3149500000000007,41.303999999999995],[1.32474,41.32566],[1.3409199999999994,41.334689999999995],[1.3556299999999994,41.370940000000004]]]},"properties":{"CODIMUNI":"431080","NOMMUNI":"el Pla de Santa Maria","CODICOMAR":"01","NOMCOMAR":"Alt Camp"}},{"type":"Feature","geometry":{"type":"Polygon","coordinates":[[[1.2301900000000003,41.188379999999995],[1.1770299999999998,41.19466],[1.2015900000000006,41.17768000000001],[1.2334100000000003,41.16954],[1.2301900000000003,41.188379999999995]],[[1.2204,41.17765],[1.2198700000000002,41.18061999999999],[1.2244900000000003,41.177139999999994],[1.2204,41.17765]]]},"properties":{"CODIMUNI":"431093","NOMMUNI":"la Pobla de Mafumet","CODICOMAR":"36","NOMCOMAR":"Tarragonès"}},{"type":"Feature","geometry":{"type":"Polygon","coordinates":[[[0.3678800000000007,41.23826999999999],[0.36114999999999997,41.22522000000001],[0.3407700000000011,41.23099999999999],[0.33105000000000084,41.222349999999985],[0.32121,41.224050000000005],[0.3004000000000005,41.166999999999994],[0.3251999999999997,41.16734999999999],[0.3608500000000009,41.149869999999986],[0.3787199999999998,41.17035],[0.37242000000000003,41.18424],[0.39727000000000057,41.19549000000001],[0.39094000000000106,41.21318],[0.3668500000000012,41.206889999999994],[0.37158000000000074,41.22957999999999],[0.38183000000000067,41.23516999999999],[0.3678800000000007,41.23826999999999]]]},"properties":{"CODIMUNI":"431107","NOMMUNI":"la Pobla de Massaluca","CODICOMAR":"37","NOMCOMAR":"Terra Alta"}},{"type":"Feature","geometry":{"type":"Polygon","coordinates":[[[1.4173200000000006,41.21162],[1.3952,41.20557],[1.3816600000000003,41.17487],[1.4059599999999997,41.15892999999999],[1.4248099999999995,41.16201000000001],[1.4117200000000003,41.19938999999999],[1.4173200000000006,41.21162]]]},"properties":{"CODIMUNI":"431114","NOMMUNI":"la Pobla de Montornès","CODICOMAR":"36","NOMCOMAR":"Tarragonès"}},{"type":"Feature","geometry":{"type":"Polygon","coordinates":[[[0.8562400000000002,41.25189999999999],[0.8199700000000005,41.247809999999994],[0.8174900000000006,41.22940999999999],[0.8411000000000002,41.21233],[0.86512,41.20755],[0.8690200000000013,41.235409999999995],[0.8562400000000002,41.25189999999999]]]},"properties":{"CODIMUNI":"431129","NOMMUNI":"Poboleda","CODICOMAR":"29","NOMCOMAR":"Priorat"}},{"type":"Feature","geometry":{"type":"Polygon","coordinates":[[[1.32219,41.4476],[1.3027600000000006,41.42665999999999],[1.31039,41.40731000000001],[1.3207899999999997,41.411820000000006],[1.3648999999999993,41.36039],[1.3651599999999997,41.38143000000001],[1.3800200000000007,41.395119999999984],[1.3512800000000007,41.40532999999999],[1.3521500000000002,41.42763000000001],[1.3283200000000013,41.427229999999994],[1.32219,41.4476]]]},"properties":{"CODIMUNI":"431135","NOMMUNI":"el Pont d'Armentera","CODICOMAR":"01","NOMCOMAR":"Alt Camp"}},{"type":"Feature","geometry":{"type":"Polygon","coordinates":[[[0.9121500000000006,41.21628],[0.86512,41.20755],[0.8382500000000004,41.21236],[0.7774999999999997,41.19084999999999],[0.844730000000001,41.17596999999999],[0.8513100000000006,41.18101],[0.8606599999999998,41.17093],[0.8794000000000004,41.18287999999999],[0.8803100000000001,41.19445000000001],[0.9066100000000006,41.19443999999999],[0.9225600000000002,41.20318999999999],[0.9121500000000006,41.21628]]]},"properties":{"CODIMUNI":"431140","NOMMUNI":"Porrera","CODICOMAR":"29","NOMCOMAR":"Priorat"}},{"type":"Feature","geometry":{"type":"Polygon","coordinates":[[[0.8853299999999998,41.18249000000001],[0.8606599999999998,41.17093],[0.8601700000000004,41.155269999999994],[0.8265999999999994,41.11972],[0.88985,41.13253000000001],[0.9065899999999999,41.17947000000001],[0.8853299999999998,41.18249000000001]]]},"properties":{"CODIMUNI":"431153","NOMMUNI":"Pradell de la Teixeta","CODICOMAR":"29","NOMCOMAR":"Priorat"}},{"type":"Feature","geometry":{"type":"Polygon","coordinates":[[[0.9965400000000005,41.352650000000004],[0.9765100000000009,41.329010000000004],[0.9526099999999996,41.31686],[0.9354700000000005,41.32045],[0.94491,41.28974999999999],[0.9602800000000002,41.29946999999999],[1.0094900000000002,41.29066000000001],[1.0257700000000003,41.29944],[1.0363700000000002,41.31799],[1.0641100000000003,41.32629],[1.018900000000001,41.33074],[1.0037799999999992,41.32606],[1.0048800000000002,41.34605],[0.9965400000000005,41.352650000000004]]]},"properties":{"CODIMUNI":"431166","NOMMUNI":"Prades","CODICOMAR":"08","NOMCOMAR":"Baix Camp"}},{"type":"Feature","geometry":{"type":"Polygon","coordinates":[[[0.41875999999999997,41.0096],[0.37338999999999967,40.97191],[0.37208000000000063,40.94195],[0.3949500000000012,40.95428999999999],[0.44488999999999973,40.96406000000001],[0.45389000000000057,40.97669],[0.41875999999999997,41.0096]]]},"properties":{"CODIMUNI":"431172","NOMMUNI":"Prat de Comte","CODICOMAR":"37","NOMCOMAR":"Terra Alta"}},{"type":"Feature","geometry":{"type":"Polygon","coordinates":[[[0.8692999999999996,41.0847],[0.8535700000000005,41.07886],[0.8573700000000004,41.06116],[0.8329900000000005,41.05036],[0.8355600000000003,41.03893999999999],[0.8449800000000007,41.03168],[0.9059100000000003,41.02524],[0.9221100000000004,41.04972000000001],[0.9131599999999993,41.082049999999995],[0.8831099999999998,41.086639999999996],[0.8681799999999996,41.07307],[0.8692999999999996,41.0847]]]},"properties":{"CODIMUNI":"431188","NOMMUNI":"Pratdip","CODICOMAR":"08","NOMCOMAR":"Baix Camp"}},{"type":"Feature","geometry":{"type":"Polygon","coordinates":[[[1.3260300000000007,41.287659999999995],[1.2813300000000007,41.290519999999994],[1.2678500000000004,41.274989999999995],[1.2823299999999997,41.26491000000001],[1.3283999999999998,41.27254],[1.3260300000000007,41.287659999999995]]]},"properties":{"CODIMUNI":"431191","NOMMUNI":"Puigpelat","CODICOMAR":"01","NOMCOMAR":"Alt Camp"}},{"type":"Feature","geometry":{"type":"Polygon","coordinates":[[[1.4759400000000005,41.477979999999995],[1.454900000000001,41.46767],[1.4406400000000008,41.44914],[1.4217500000000007,41.448809999999995],[1.4039100000000007,41.435219999999994],[1.3828200000000004,41.44787],[1.3516500000000005,41.42808000000001],[1.350530000000001,41.40632999999998],[1.3659700000000001,41.39637999999999],[1.4042100000000004,41.39448000000001],[1.4072500000000001,41.40584],[1.42423,41.403169999999996],[1.4096200000000005,41.3694],[1.426930000000001,41.372209999999995],[1.4328400000000001,41.383209999999984],[1.4731900000000002,41.38026],[1.48948,41.39988000000001],[1.4757800000000003,41.42845],[1.4959499999999992,41.43572],[1.4752700000000007,41.436609999999995],[1.4686500000000002,41.44369],[1.4869900000000005,41.46452000000001],[1.4759400000000005,41.477979999999995]]]},"properties":{"CODIMUNI":"431205","NOMMUNI":"Querol","CODICOMAR":"01","NOMCOMAR":"Alt Camp"}},{"type":"Feature","geometry":{"type":"Polygon","coordinates":[[[0.6109099999999996,41.02554],[0.5689499999999996,40.998689999999996],[0.5762800000000001,40.99566999999999],[0.5652400000000006,40.98485],[0.5836599999999998,40.97549],[0.5834500000000004,40.95761999999999],[0.5929499999999999,40.95056],[0.5871899999999988,40.94076],[0.6114300000000003,40.93029],[0.6661199999999995,40.94363],[0.6414100000000004,40.997719999999994],[0.6109099999999996,41.02554]]]},"properties":{"CODIMUNI":"431212","NOMMUNI":"Rasquera","CODICOMAR":"30","NOMCOMAR":"Ribera d'Ebre"}},{"type":"Feature","geometry":{"type":"Polygon","coordinates":[[[1.29794,41.23729],[1.2941200000000008,41.22041],[1.3274300000000003,41.19806],[1.3403500000000006,41.20929999999999],[1.3368299999999993,41.21983000000001],[1.32518,41.21936000000001],[1.29794,41.23729]]]},"properties":{"CODIMUNI":"431227","NOMMUNI":"Renau","CODICOMAR":"36","NOMCOMAR":"Tarragonès"}},{"type":"Feature","geometry":{"type":"Polygon","coordinates":[[[1.15554,41.179730000000006],[1.1407700000000007,41.18992999999999],[1.1244200000000002,41.181149999999995],[1.1323700000000003,41.17033],[1.12068,41.18001000000001],[1.11195,41.17536],[1.1086800000000006,41.18759],[1.1000500000000009,41.17394],[1.0852300000000004,41.18244999999999],[1.0575400000000006,41.17653],[1.0614200000000011,41.15899000000001],[1.0850600000000004,41.143089999999994],[1.0858000000000003,41.13045],[1.11209,41.105309999999996],[1.1267200000000002,41.10300000000001],[1.1201600000000005,41.13035999999999],[1.1766200000000002,41.108439999999995],[1.1650600000000002,41.13838],[1.1784200000000002,41.1381],[1.1767700000000003,41.13032],[1.19115,41.13138000000001],[1.1437900000000003,41.17047],[1.15554,41.179730000000006]]]},"properties":{"CODIMUNI":"431233","NOMMUNI":"Reus","CODICOMAR":"08","NOMCOMAR":"Baix Camp"}},{"type":"Feature","geometry":{"type":"Polygon","coordinates":[[[1.1848899999999998,41.31960000000001],[1.1577200000000003,41.31517],[1.1437900000000003,41.30282],[1.1753300000000004,41.28978999999999],[1.1941300000000006,41.30572999999999],[1.1848899999999998,41.31960000000001]]]},"properties":{"CODIMUNI":"431248","NOMMUNI":"la Riba","CODICOMAR":"01","NOMCOMAR":"Alt Camp"}},{"type":"Feature","geometry":{"type":"Polygon","coordinates":[[[0.49827000000000005,41.300079999999994],[0.46162000000000064,41.335069999999995],[0.4346199999999999,41.3203],[0.43245000000000083,41.275879999999994],[0.38365999999999995,41.27652],[0.37361999999999906,41.24833999999999],[0.38183000000000067,41.23516999999999],[0.37158000000000074,41.22957999999999],[0.36701999999999946,41.20681],[0.4305100000000008,41.228629999999995],[0.4557900000000003,41.21454000000001],[0.45936000000000154,41.204759999999986],[0.4950199999999998,41.19677999999999],[0.4818000000000003,41.22338],[0.5066500000000004,41.23911999999999],[0.505450000000001,41.28052999999999],[0.49827000000000005,41.300079999999994]]]},"properties":{"CODIMUNI":"431251","NOMMUNI":"Riba-roja d'Ebre","CODICOMAR":"30","NOMCOMAR":"Ribera d'Ebre"}},{"type":"Feature","geometry":{"type":"Polygon","coordinates":[[[1.35495,41.17692999999999],[1.3293400000000002,41.16332999999999],[1.3628499999999997,41.14643],[1.3786900000000004,41.17078],[1.35495,41.17692999999999]]]},"properties":{"CODIMUNI":"431264","NOMMUNI":"la Riera de Gaià","CODICOMAR":"36","NOMCOMAR":"Tarragonès"}},{"type":"Feature","geometry":{"type":"Polygon","coordinates":[[[0.9558500000000001,41.15848],[0.9413999999999998,41.14153999999999],[0.9119599999999999,41.13009],[0.9408200000000001,41.12556],[0.9457800000000006,41.11659999999999],[0.9701200000000003,41.11068000000001],[0.9907100000000002,41.145520000000005],[0.9558500000000001,41.15848]]]},"properties":{"CODIMUNI":"431270","NOMMUNI":"Riudecanyes","CODICOMAR":"08","NOMCOMAR":"Baix Camp"}},{"type":"Feature","geometry":{"type":"Polygon","coordinates":[[[0.9308099999999997,41.19389],[0.9221199999999997,41.18457999999999],[0.9393999999999999,41.165],[0.9902100000000007,41.14738],[0.99796,41.16529],[0.9884399999999993,41.186490000000006],[0.9308099999999997,41.19389]]]},"properties":{"CODIMUNI":"431286","NOMMUNI":"Riudecols","CODICOMAR":"08","NOMCOMAR":"Baix Camp"}},{"type":"Feature","geometry":{"type":"Polygon","coordinates":[[[1.1012800000000005,41.11368999999999],[1.0575400000000006,41.17653],[1.03754,41.17507],[1.0216300000000003,41.140629999999994],[1.0253400000000001,41.12154],[1.0375800000000002,41.12771],[1.0720100000000004,41.09677],[1.1012800000000005,41.11368999999999]]]},"properties":{"CODIMUNI":"431299","NOMMUNI":"Riudoms","CODICOMAR":"08","NOMCOMAR":"Baix Camp"}},{"type":"Feature","geometry":{"type":"Polygon","coordinates":[[[1.2919200000000004,41.48336],[1.2689800000000002,41.49882999999999],[1.2595099999999997,41.48850000000001],[1.2510100000000004,41.46005000000001],[1.2919200000000004,41.48336]]]},"properties":{"CODIMUNI":"431303","NOMMUNI":"Rocafort de Queralt","CODICOMAR":"16","NOMCOMAR":"Conca de Barberà"}},{"type":"Feature","geometry":{"type":"Polygon","coordinates":[[[1.4792500000000002,41.206269999999996],[1.4356900000000004,41.202379999999984],[1.4322800000000004,41.19499999999999],[1.43519,41.17628],[1.4567200000000005,41.17390999999999],[1.4595199999999997,41.1633],[1.4956999999999996,41.17317],[1.4793399999999999,41.192569999999996],[1.4792500000000002,41.206269999999996]]]},"properties":{"CODIMUNI":"431310","NOMMUNI":"Roda de Berà","CODICOMAR":"36","NOMCOMAR":"Tarragonès"}},{"type":"Feature","geometry":{"type":"Polygon","coordinates":[[[1.43601,41.28606],[1.3874599999999997,41.28751],[1.38187,41.27873],[1.3874599999999995,41.26256],[1.3993100000000007,41.26303999999998],[1.4103399999999993,41.27492999999999],[1.4394999999999996,41.2723],[1.43601,41.28606]]]},"properties":{"CODIMUNI":"431325","NOMMUNI":"Rodonyà","CODICOMAR":"01","NOMCOMAR":"Alt Camp"}},{"type":"Feature","geometry":{"type":"Polygon","coordinates":[[[0.5105400000000003,40.821459999999995],[0.41783000000000026,40.84523000000001],[0.40807000000000043,40.82572],[0.36231999999999964,40.82037],[0.33241000000000037,40.8014],[0.3204900000000005,40.812839999999994],[0.28380000000000033,40.8008],[0.30466000000000115,40.77999],[0.27067000000000047,40.76763],[0.2865499999999995,40.76873],[0.2901500000000006,40.75204],[0.3117100000000009,40.745549999999994],[0.3305599999999995,40.76051999999999],[0.3843000000000012,40.76282],[0.41466000000000025,40.74027],[0.4684100000000001,40.73778000000001],[0.4766699999999998,40.782309999999995],[0.4947599999999995,40.78972],[0.5105400000000003,40.821459999999995]]]},"properties":{"CODIMUNI":"431331","NOMMUNI":"Roquetes","CODICOMAR":"09","NOMCOMAR":"Baix Ebre"}},{"type":"Feature","geometry":{"type":"Polygon","coordinates":[[[1.2312500000000006,41.22696],[1.2041000000000006,41.22727999999999],[1.2168100000000002,41.2162],[1.2327300000000005,41.217319999999994],[1.2312500000000006,41.22696]]]},"properties":{"CODIMUNI":"431346","NOMMUNI":"el Rourell","CODICOMAR":"01","NOMCOMAR":"Alt Camp"}},{"type":"Feature","geometry":{"type":"Polygon","coordinates":[[[1.3590300000000008,41.25343],[1.3507000000000007,41.23823999999999],[1.3338800000000006,41.237249999999996],[1.3415,41.22886],[1.3867700000000007,41.22073999999999],[1.40632,41.22688],[1.4131600000000006,41.24118999999999],[1.3714800000000003,41.242869999999996],[1.3590300000000008,41.25343]]]},"properties":{"CODIMUNI":"431359","NOMMUNI":"Salomó","CODICOMAR":"36","NOMCOMAR":"Tarragonès"}},{"type":"Feature","geometry":{"type":"MultiPolygon","coordinates":[[[[0.6445400000000001,40.57426000000001],[0.644720000000001,40.574380000000005],[0.6441500000000006,40.57462],[0.6445400000000001,40.57426000000001]]],[[[0.6462900000000007,40.57457],[0.6467300000000015,40.57477999999999],[0.6461500000000013,40.57536999999999],[0.6462900000000007,40.57457]]],[[[0.642040000000001,40.57519],[0.6420300000000001,40.57543000000001],[0.6417000000000005,40.57563999999999],[0.642040000000001,40.57519]]],[[[0.6411700000000012,40.575309999999995],[0.6412399999999997,40.57551],[0.6408600000000004,40.57565000000001],[0.6411700000000012,40.575309999999995]]],[[[0.6427000000000003,40.57518],[0.6428500000000006,40.575459999999985],[0.6416200000000002,40.57646999999999],[0.6427000000000003,40.57518]]],[[[0.6418300000000005,40.57584999999999],[0.6418700000000012,40.57614999999999],[0.6413999999999994,40.57649],[0.6418300000000005,40.57584999999999]]],[[[0.6445499999999998,40.57590999999999],[0.6456699999999999,40.57655],[0.64394,40.57662],[0.6445499999999998,40.57590999999999]]],[[[0.6426000000000012,40.576649999999994],[0.6428000000000005,40.57692],[0.6425199999999998,40.57692000000001],[0.6426000000000012,40.576649999999994]]],[[[0.6418400000000002,40.57692000000001],[0.6421000000000009,40.57702999999999],[0.6418299999999996,40.57719],[0.6418400000000002,40.57692000000001]]],[[[0.6480800000000004,40.57715],[0.6487299999999998,40.57705000000001],[0.6480200000000002,40.57733],[0.6480800000000004,40.57715]]],[[[0.6145300000000006,40.57683999999999],[0.6151200000000009,40.57681],[0.6148699999999999,40.57705],[0.6145300000000006,40.57683999999999]]],[[[0.6490999999999998,40.577549999999995],[0.6492300000000005,40.57773999999999],[0.6487299999999995,40.57797],[0.6490999999999998,40.577549999999995]]],[[[0.6151499999999999,40.57658000000001],[0.6162799999999999,40.576649999999994],[0.6153199999999998,40.57741],[0.6151499999999999,40.57658000000001]]],[[[0.61611,40.57757999999999],[0.6164400000000004,40.57755999999999],[0.6163100000000005,40.57771],[0.61611,40.57757999999999]]],[[[0.64348,40.57636],[0.6432800000000012,40.577159999999985],[0.6419499999999998,40.57854],[0.64348,40.57636]]],[[[0.6467400000000004,40.57827],[0.6468999999999998,40.57836],[0.6464800000000009,40.57886],[0.6467400000000004,40.57827]]],[[[0.648420000000001,40.57876999999998],[0.6487900000000005,40.578630000000004],[0.6481899999999993,40.57917],[0.648420000000001,40.57876999999998]]],[[[0.6436699999999999,40.57884],[0.6435799999999998,40.57918],[0.6433800000000002,40.5792],[0.6436699999999999,40.57884]]],[[[0.6455500000000004,40.57862],[0.6457700000000008,40.579269999999994],[0.6454200000000009,40.579329999999985],[0.6455500000000004,40.57862]]],[[[0.64843,40.57911999999999],[0.649080000000001,40.57895],[0.6480200000000009,40.580169999999995],[0.64843,40.57911999999999]]],[[[0.6488400000000002,40.579339999999995],[0.6492199999999999,40.579640000000005],[0.6484600000000005,40.58027],[0.6488400000000002,40.579339999999995]]],[[[0.6492099999999997,40.57990000000001],[0.6493299999999995,40.580070000000006],[0.6490200000000012,40.58028999999999],[0.6492099999999997,40.57990000000001]]],[[[0.6377900000000005,40.580029999999994],[0.6384700000000005,40.57985999999999],[0.6378400000000015,40.580149999999996],[0.6377900000000005,40.580029999999994]]],[[[0.6385099999999997,40.58039000000001],[0.6388000000000009,40.58036999999999],[0.638450000000001,40.58065999999999],[0.6385099999999997,40.58039000000001]]],[[[0.6427399999999993,40.58008],[0.642429999999999,40.580740000000006],[0.6423500000000006,40.58077999999999],[0.6427399999999993,40.58008]]],[[[0.6540900000000008,40.579679999999996],[0.6559400000000001,40.57991],[0.653220000000001,40.58136999999999],[0.6540900000000008,40.579679999999996]]],[[[0.6350100000000004,40.57737],[0.63525,40.58134],[0.6334500000000001,40.57982],[0.6338099999999994,40.57831],[0.6350100000000004,40.57737]]],[[[0.6342500000000002,40.58151999999999],[0.6346699999999998,40.58119999999999],[0.6347700000000005,40.58143999999999],[0.6342500000000002,40.58151999999999]]],[[[0.6519200000000006,40.58138],[0.6528000000000006,40.58151],[0.6514300000000005,40.58189],[0.6519200000000006,40.58138]]],[[[0.6381800000000004,40.58163],[0.6384000000000001,40.58173],[0.6380800000000002,40.58180999999999],[0.6381800000000004,40.58163]]],[[[0.6298499999999998,40.58148],[0.6317199999999994,40.580929999999995],[0.6313199999999998,40.58163],[0.6298499999999998,40.58148]]],[[[0.6328899999999995,40.58136999999999],[0.6338399999999996,40.581329999999994],[0.6335699999999999,40.581789999999984],[0.6328899999999995,40.58136999999999]]],[[[0.6366999999999996,40.581540000000004],[0.6369299999999998,40.58185],[0.6367699999999993,40.58193],[0.6366999999999996,40.581540000000004]]],[[[0.6337500000000007,40.58178],[0.6340800000000008,40.581689999999995],[0.6337400000000002,40.581939999999996],[0.6337500000000007,40.58178]]],[[[0.63873,40.58195],[0.6391599999999995,40.58199999999999],[0.6386299999999998,40.58215],[0.63873,40.58195]]],[[[0.6521100000000005,40.58219999999999],[0.6522100000000007,40.58238999999999],[0.6517900000000002,40.582449999999994],[0.6521100000000005,40.58219999999999]]],[[[0.6319000000000004,40.58135],[0.6330500000000004,40.58207],[0.6312000000000004,40.58212000000001],[0.6319000000000004,40.58135]]],[[[0.6344200000000013,40.58165],[0.6343700000000004,40.58221999999999],[0.6340700000000001,40.58234999999999],[0.6344200000000013,40.58165]]],[[[0.6422100000000013,40.581669999999995],[0.6420600000000006,40.58227000000001],[0.6415099999999998,40.58261],[0.6422100000000013,40.581669999999995]]],[[[0.6348200000000009,40.581869999999995],[0.6357099999999996,40.582259999999984],[0.6346199999999997,40.58248999999999],[0.6348200000000009,40.581869999999995]]],[[[0.6451100000000001,40.58244],[0.6454000000000001,40.58329],[0.6449100000000012,40.58309999999999],[0.6451100000000001,40.58244]]],[[[0.6497800000000009,40.58332],[0.6495600000000001,40.5829],[0.6500200000000005,40.58305],[0.6497800000000009,40.58332]]],[[[0.6554800000000002,40.58210999999999],[0.6534700000000004,40.58334000000001],[0.655790000000001,40.58132],[0.6554800000000002,40.58210999999999]]],[[[0.6431200000000002,40.58346000000001],[0.6428100000000014,40.58360999999999],[0.6431900000000004,40.58292999999999],[0.6431200000000002,40.58346000000001]]],[[[0.6453700000000003,40.583569999999995],[0.6445200000000009,40.584179999999996],[0.6440799999999998,40.58389],[0.6453700000000003,40.583569999999995]]],[[[0.6468400000000003,40.58407999999999],[0.6460500000000003,40.58457],[0.6460200000000001,40.58403],[0.6468400000000003,40.58407999999999]]],[[[0.6479500000000012,40.58338],[0.6476800000000004,40.58481999999999],[0.6470799999999994,40.584450000000004],[0.6479500000000012,40.58338]]],[[[0.6546200000000009,40.58373],[0.6497999999999997,40.585170000000005],[0.649010000000001,40.58431000000001],[0.6546200000000009,40.58373]]],[[[0.7165299999999999,40.603260000000006],[0.717230000000001,40.60276],[0.7170899999999997,40.60320000000001],[0.7165299999999999,40.603260000000006]]],[[[0.6927899999999999,40.57325000000001],[0.7497100000000005,40.63493999999999],[0.7458100000000013,40.63659],[0.7088000000000005,40.59139999999999],[0.66016,40.591440000000006],[0.6571200000000004,40.57826],[0.6499300000000012,40.58112],[0.6498800000000003,40.57724999999999],[0.6476100000000002,40.57606],[0.6458899999999999,40.57683000000001],[0.6494000000000009,40.57459],[0.6484500000000007,40.57262000000001],[0.6339600000000005,40.576429999999995],[0.6173200000000005,40.58579],[0.6183700000000004,40.57200999999999],[0.59252,40.580270000000006],[0.5950500000000013,40.56755],[0.6221100000000012,40.55088000000001],[0.6624300000000001,40.55771],[0.6927899999999999,40.57325000000001]]],[[[0.6268599999999999,40.653740000000006],[0.6008000000000013,40.641699999999986],[0.5760600000000005,40.648379999999996],[0.5602800000000009,40.64265999999999],[0.5390999999999998,40.64728999999999],[0.5354200000000006,40.64046],[0.5713200000000003,40.62385999999999],[0.5802400000000013,40.60385999999999],[0.5925500000000002,40.61359],[0.6045200000000002,40.60921999999999],[0.5931999999999996,40.61630000000001],[0.6065299999999996,40.62276999999999],[0.6085200000000002,40.616629999999994],[0.6078699999999999,40.62295],[0.6038199999999999,40.62259],[0.6002900000000005,40.62079],[0.6044000000000004,40.62299],[0.6631000000000002,40.62653],[0.6268599999999999,40.653740000000006]]]]},"properties":{"CODIMUNI":"431362","NOMMUNI":"la Ràpita","CODICOMAR":"22","NOMCOMAR":"Montsià"}},{"type":"Feature","geometry":{"type":"Polygon","coordinates":[[[1.5611,41.34244999999999],[1.53993,41.32208],[1.5198599999999998,41.316779999999994],[1.5163899999999995,41.298770000000005],[1.5290600000000003,41.27856],[1.54305,41.29776],[1.5672099999999998,41.28308],[1.58012,41.291380000000004],[1.5888600000000002,41.2854],[1.5963600000000004,41.30845],[1.5749700000000006,41.31499],[1.5611,41.34244999999999]]]},"properties":{"CODIMUNI":"431378","NOMMUNI":"Sant Jaume dels Domenys","CODICOMAR":"12","NOMCOMAR":"Baix Penedès"}},{"type":"Feature","geometry":{"type":"Polygon","coordinates":[[[0.537250000000001,40.74808999999999],[0.5045099999999999,40.73879000000001],[0.4444300000000006,40.73741],[0.4273900000000008,40.7214],[0.4504799999999994,40.70441],[0.5041600000000007,40.7025],[0.537250000000001,40.74808999999999]]]},"properties":{"CODIMUNI":"431384","NOMMUNI":"Santa Bàrbara","CODICOMAR":"22","NOMCOMAR":"Montsià"}},{"type":"Feature","geometry":{"type":"Polygon","coordinates":[[[1.4299700000000004,41.579429999999995],[1.3951300000000002,41.57740999999999],[1.4031900000000002,41.55788],[1.39166,41.5562],[1.3868599999999998,41.54518000000001],[1.3659199999999998,41.55281],[1.36273,41.538259999999994],[1.3447800000000005,41.53489],[1.3256599999999998,41.54368999999999],[1.3148500000000003,41.52698],[1.3308900000000004,41.51849999999999],[1.33416,41.52629],[1.3413,41.52303],[1.3497800000000002,41.52949999999999],[1.3854400000000002,41.517689999999995],[1.3977200000000005,41.51924000000001],[1.4084500000000002,41.53518],[1.4483500000000007,41.53711],[1.4467200000000002,41.55246999999999],[1.4348500000000008,41.55016],[1.43109,41.55557],[1.4539700000000004,41.56924999999998],[1.4299700000000004,41.579429999999995]]]},"properties":{"CODIMUNI":"431397","NOMMUNI":"Santa Coloma de Queralt","CODICOMAR":"16","NOMCOMAR":"Conca de Barberà"}},{"type":"Feature","geometry":{"type":"MultiPolygon","coordinates":[[[[1.56712,41.25592000000001],[1.5293000000000005,41.25363999999999],[1.5306800000000007,41.22639999999999],[1.5417799999999997,41.22691999999999],[1.56712,41.25592000000001]]],[[[1.52765,41.26246999999999],[1.5241700000000005,41.274359999999994],[1.50492,41.26792],[1.5128999999999997,41.256130000000006],[1.52765,41.26246999999999]]]]},"properties":{"CODIMUNI":"431401","NOMMUNI":"Santa Oliva","CODICOMAR":"12","NOMCOMAR":"Baix Penedès"}},{"type":"Feature","geometry":{"type":"Polygon","coordinates":[[[1.4015099999999994,41.51243],[1.3703300000000007,41.50480999999999],[1.3579300000000003,41.48127],[1.3239499999999995,41.46565],[1.3283200000000013,41.427229999999994],[1.3653,41.431819999999995],[1.3689800000000005,41.44389999999999],[1.3828200000000004,41.44787],[1.4039100000000007,41.435219999999994],[1.4217500000000007,41.448809999999995],[1.4406400000000008,41.44914],[1.4748900000000007,41.478649999999995],[1.4733600000000004,41.48604999999999],[1.40817,41.504599999999996],[1.4015099999999994,41.51243]]]},"properties":{"CODIMUNI":"431418","NOMMUNI":"Pontils","CODICOMAR":"16","NOMCOMAR":"Conca de Barberà"}},{"type":"Feature","geometry":{"type":"Polygon","coordinates":[[[1.31938,41.49333],[1.2912700000000001,41.488],[1.2827600000000003,41.47335999999999],[1.2556400000000005,41.458369999999995],[1.2532400000000004,41.479710000000004],[1.2139799999999998,41.47285],[1.2078599999999995,41.44552],[1.2565400000000007,41.41825999999999],[1.2880500000000001,41.41888999999999],[1.3199700000000005,41.44512],[1.3279500000000004,41.46915],[1.31938,41.49333]]]},"properties":{"CODIMUNI":"431423","NOMMUNI":"Sarral","CODICOMAR":"16","NOMCOMAR":"Conca de Barberà"}},{"type":"Feature","geometry":{"type":"Polygon","coordinates":[[[1.2950999999999997,41.55982999999999],[1.28664,41.55465],[1.2597000000000005,41.55893],[1.2412000000000003,41.54102999999999],[1.3148500000000003,41.52698],[1.3256599999999998,41.54368999999999],[1.3158200000000002,41.55321],[1.3045600000000008,41.548239999999986],[1.2957700000000008,41.55252999999998],[1.2950999999999997,41.55982999999999]]]},"properties":{"CODIMUNI":"431439","NOMMUNI":"Savallà del Comtat","CODICOMAR":"16","NOMCOMAR":"Conca de Barberà"}},{"type":"Feature","geometry":{"type":"Polygon","coordinates":[[[1.2935299999999998,41.236790000000006],[1.2423299999999997,41.22143],[1.2683100000000005,41.176399999999994],[1.27953,41.17541],[1.2859700000000003,41.210469999999994],[1.2938700000000005,41.20170999999999],[1.2998899999999995,41.20943],[1.3118199999999995,41.20504],[1.3055800000000002,41.21732999999999],[1.2941200000000008,41.22041],[1.2935299999999998,41.236790000000006]]]},"properties":{"CODIMUNI":"431444","NOMMUNI":"la Secuita","CODICOMAR":"36","NOMCOMAR":"Tarragonès"}},{"type":"Feature","geometry":{"type":"Polygon","coordinates":[[[1.1117299999999997,41.23993],[1.0944600000000009,41.22923999999998],[1.0719,41.229220000000005],[1.0759500000000004,41.21996999999999],[1.1085700000000005,41.20487000000001],[1.1245200000000004,41.173820000000006],[1.1323700000000003,41.17033],[1.1244200000000002,41.181149999999995],[1.1407700000000007,41.18992999999999],[1.15554,41.179730000000006],[1.1686400000000003,41.188159999999996],[1.17944,41.22156999999999],[1.1388299999999993,41.23812],[1.1117299999999997,41.23993]]]},"properties":{"CODIMUNI":"431457","NOMMUNI":"la Selva del Camp","CODICOMAR":"08","NOMCOMAR":"Baix Camp"}},{"type":"Feature","geometry":{"type":"Polygon","coordinates":[[[1.0416800000000002,41.5007],[1.0485100000000007,41.48753999999999],[1.0374600000000003,41.479989999999994],[1.0566700000000002,41.46642],[1.0769100000000007,41.45967999999999],[1.108069999999999,41.46717],[1.1045800000000001,41.475350000000006],[1.0416800000000002,41.5007]]]},"properties":{"CODIMUNI":"431460","NOMMUNI":"Senan","CODICOMAR":"16","NOMCOMAR":"Conca de Barberà"}},{"type":"Feature","geometry":{"type":"Polygon","coordinates":[[[1.1996,41.48884],[1.1544900000000005,41.481039999999986],[1.1590500000000001,41.45376999999999],[1.1757799999999998,41.43581],[1.2132,41.44928999999999],[1.2139799999999998,41.47285],[1.2052600000000004,41.47342],[1.1996,41.48884]]]},"properties":{"CODIMUNI":"431476","NOMMUNI":"Solivella","CODICOMAR":"16","NOMCOMAR":"Conca de Barberà"}},{"type":"Feature","geometry":{"type":"Polygon","coordinates":[[[1.2462900000000008,41.166019999999996],[1.2368499999999996,41.16304000000002],[1.23805,41.150940000000006],[1.1880100000000005,41.12599],[1.18944,41.11475000000001],[1.2074599999999998,41.10615000000001],[1.1893300000000004,41.10104],[1.208149999999999,41.08755000000001],[1.20973,41.08704],[1.2141900000000008,41.08711999999999],[1.2073199999999995,41.09738000000001],[1.2160700000000007,41.09017999999999],[1.2148700000000003,41.10067],[1.2240200000000006,41.10179],[1.2228800000000006,41.096239999999995],[1.2258900000000004,41.10526],[1.2452000000000003,41.10450000000001],[1.2336800000000003,41.09979],[1.2134800000000001,41.07866],[1.2558300000000004,41.11191000000001],[1.2951499999999996,41.12694],[1.3440200000000002,41.124779999999994],[1.3733000000000006,41.13263],[1.3569800000000003,41.15246],[1.3335600000000003,41.15629],[1.3293400000000002,41.16332999999999],[1.3149800000000003,41.15088999999999],[1.304869999999999,41.16590999999999],[1.2838000000000005,41.14607000000001],[1.2711,41.159139999999994],[1.2447999999999995,41.15977999999999],[1.2462900000000008,41.166019999999996]],[[1.2396200000000004,41.107289999999985],[1.2489099999999995,41.10887],[1.247560000000001,41.105940000000004],[1.2396200000000004,41.107289999999985]]]},"properties":{"CODIMUNI":"431482","NOMMUNI":"Tarragona","CODICOMAR":"36","NOMCOMAR":"Tarragonès"}},{"type":"Feature","geometry":{"type":"Polygon","coordinates":[[[0.5619900000000003,40.946529999999996],[0.49251000000000017,40.93099000000001],[0.5097000000000003,40.90619000000001],[0.4864499999999996,40.89913],[0.506750000000001,40.88432],[0.5962400000000009,40.897639999999996],[0.6198999999999998,40.891589999999994],[0.6133300000000004,40.924419999999984],[0.5999900000000007,40.93045999999999],[0.5970999999999993,40.941],[0.5619900000000003,40.946529999999996]]]},"properties":{"CODIMUNI":"431495","NOMMUNI":"Tivenys","CODICOMAR":"09","NOMCOMAR":"Baix Ebre"}},{"type":"Feature","geometry":{"type":"Polygon","coordinates":[[[0.7329500000000003,41.102700000000006],[0.6977600000000003,41.104639999999996],[0.68459,41.07665],[0.6475400000000002,41.06250000000001],[0.6630499999999997,41.04093999999999],[0.6514200000000003,41.00648],[0.6333400000000009,41.00324999999999],[0.6620200000000002,40.94630000000001],[0.7395100000000012,40.93899999999999],[0.7502199999999994,40.93239],[0.81882,40.94072999999999],[0.7761700000000004,40.99258],[0.7828999999999999,41.030989999999996],[0.8149500000000013,41.06182],[0.8354600000000001,41.05263],[0.8525000000000003,41.05644],[0.8535700000000005,41.07886],[0.8636,41.08663000000001],[0.8702500000000001,41.07347000000001],[0.8731800000000002,41.083830000000006],[0.8429000000000001,41.09982],[0.8262300000000004,41.097809999999996],[0.8236700000000002,41.07694],[0.8050499999999997,41.06680999999999],[0.7704700000000003,41.08377999999999],[0.7667700000000003,41.094319999999996],[0.7567800000000011,41.084599999999995],[0.7329500000000003,41.102700000000006]]]},"properties":{"CODIMUNI":"431508","NOMMUNI":"Tivissa","CODICOMAR":"30","NOMCOMAR":"Ribera d'Ebre"}},{"type":"Feature","geometry":{"type":"Polygon","coordinates":[[[0.8777100000000009,41.11069999999999],[0.88985,41.13253000000001],[0.8323400000000014,41.122269999999986],[0.8567600000000001,41.11073999999999],[0.8777100000000009,41.11069999999999]]]},"properties":{"CODIMUNI":"431515","NOMMUNI":"la Torre de Fontaubella","CODICOMAR":"29","NOMCOMAR":"Priorat"}},{"type":"Feature","geometry":{"type":"Polygon","coordinates":[[[0.6859600000000013,41.2296],[0.625580000000001,41.214769999999994],[0.6039500000000002,41.19647],[0.6054600000000001,41.18935000000001],[0.6179799999999996,41.17808],[0.6528000000000003,41.180899999999994],[0.7047699999999997,41.216100000000004],[0.6859600000000013,41.2296]]]},"properties":{"CODIMUNI":"431520","NOMMUNI":"la Torre de l'Espanyol","CODICOMAR":"30","NOMCOMAR":"Ribera d'Ebre"}},{"type":"Feature","geometry":{"type":"Polygon","coordinates":[[[1.3969600000000006,41.166239999999995],[1.3879900000000003,41.14614],[1.3903500000000006,41.13159],[1.4403699999999997,41.15521],[1.42445,41.16459999999999],[1.4059599999999997,41.15892999999999],[1.3969600000000006,41.166239999999995]]]},"properties":{"CODIMUNI":"431536","NOMMUNI":"Torredembarra","CODICOMAR":"36","NOMCOMAR":"Tarragonès"}},{"type":"Feature","geometry":{"type":"Polygon","coordinates":[[[0.8204300000000005,41.246779999999994],[0.81279,41.23651999999999],[0.7914799999999999,41.23451],[0.7790800000000009,41.20779999999999],[0.8046399999999999,41.20129],[0.8411000000000002,41.21233],[0.81756,41.229279999999996],[0.8204300000000005,41.246779999999994]]]},"properties":{"CODIMUNI":"431541","NOMMUNI":"Torroja del Priorat","CODICOMAR":"29","NOMCOMAR":"Priorat"}},{"type":"Feature","geometry":{"type":"MultiPolygon","coordinates":[[[[0.28282999999999914,40.80017],[0.3204900000000005,40.812839999999994],[0.31058000000000074,40.81765],[0.2739200000000008,40.80768999999999],[0.2718900000000011,40.79935],[0.25058999999999987,40.79852],[0.23312000000000033,40.779379999999996],[0.2699000000000005,40.78087],[0.27743000000000095,40.77308],[0.30466000000000115,40.77999],[0.28559999999999985,40.79261],[0.28282999999999914,40.80017]]],[[[0.41783000000000026,40.84523000000001],[0.36380999999999913,40.82739000000001],[0.3299500000000004,40.80126],[0.36231999999999964,40.82037],[0.40807000000000043,40.82572],[0.41783000000000026,40.84523000000001]]],[[[0.41783000000000026,40.84523000000001],[0.5105400000000003,40.821459999999995],[0.4947599999999995,40.78972],[0.4766699999999998,40.782309999999995],[0.4684100000000001,40.73778000000001],[0.5369499999999999,40.74813000000001],[0.5516699999999999,40.744159999999994],[0.5613900000000006,40.751769999999986],[0.5776000000000004,40.73347999999999],[0.5866500000000002,40.735710000000005],[0.5908700000000005,40.7564],[0.6085299999999999,40.7648],[0.6073,40.80688],[0.6423899999999994,40.82162000000001],[0.6341500000000004,40.838709999999985],[0.6623300000000002,40.86897],[0.6496600000000003,40.89395],[0.6175399999999996,40.88978999999999],[0.5922300000000004,40.89735],[0.506750000000001,40.88432],[0.5096299999999998,40.85682],[0.4700799999999992,40.848099999999995],[0.4174799999999995,40.85461],[0.41783000000000026,40.84523000000001]]]]},"properties":{"CODIMUNI":"431554","NOMMUNI":"Tortosa","CODICOMAR":"09","NOMCOMAR":"Baix Ebre"}},{"type":"Feature","geometry":{"type":"Polygon","coordinates":[[[0.3886799999999996,40.69277],[0.35180000000000083,40.65972],[0.3581399999999997,40.64622000000001],[0.3295100000000004,40.61106],[0.4017900000000003,40.60283999999999],[0.4055999999999992,40.59479],[0.4427799999999998,40.57901999999999],[0.43442000000000025,40.567049999999995],[0.43799999999999933,40.54749000000001],[0.4732100000000005,40.553949999999986],[0.4846900000000004,40.56812000000001],[0.5110699999999996,40.56560000000001],[0.521870000000001,40.60435],[0.5411600000000005,40.63379999999999],[0.4892999999999998,40.65119],[0.4767299999999997,40.636390000000006],[0.4446799999999999,40.624629999999996],[0.4246300000000003,40.63815999999999],[0.43709999999999977,40.65699],[0.4009200000000001,40.67394999999999],[0.40462000000000053,40.68289000000001],[0.3886799999999996,40.69277]]]},"properties":{"CODIMUNI":"431567","NOMMUNI":"Ulldecona","CODICOMAR":"22","NOMCOMAR":"Montsià"}},{"type":"Feature","geometry":{"type":"Polygon","coordinates":[[[0.8632700000000009,41.33811],[0.8450000000000003,41.3623],[0.8294600000000006,41.35759999999999],[0.8195599999999998,41.328869999999995],[0.795570000000001,41.31329999999999],[0.8129700000000013,41.30205999999998],[0.8604200000000002,41.30427000000001],[0.8857799999999996,41.29747],[0.9077400000000003,41.31701],[0.9082500000000004,41.344060000000006],[0.8632700000000009,41.33811]]]},"properties":{"CODIMUNI":"431573","NOMMUNI":"Ulldemolins","CODICOMAR":"29","NOMCOMAR":"Priorat"}},{"type":"Feature","geometry":{"type":"Polygon","coordinates":[[[1.0153100000000002,41.38583999999999],[0.9819600000000003,41.391749999999995],[0.9617900000000008,41.36148],[0.9913500000000002,41.35752999999999],[1.0048800000000002,41.34605],[1.0140799999999996,41.355949999999986],[1.0153100000000002,41.38583999999999]]]},"properties":{"CODIMUNI":"431589","NOMMUNI":"Vallclara","CODICOMAR":"16","NOMCOMAR":"Conca de Barberà"}},{"type":"Feature","geometry":{"type":"Polygon","coordinates":[[[1.2553399999999995,41.571250000000006],[1.2196900000000004,41.569720000000004],[1.2137500000000003,41.54518],[1.223570000000001,41.53891999999999],[1.2412000000000003,41.54102999999999],[1.2613699999999999,41.562169999999995],[1.2553399999999995,41.571250000000006]]]},"properties":{"CODIMUNI":"431592","NOMMUNI":"Vallfogona de Riucorb","CODICOMAR":"16","NOMCOMAR":"Conca de Barberà"}},{"type":"Feature","geometry":{"type":"Polygon","coordinates":[[[1.2681199999999997,41.27656999999999],[1.25361,41.26367999999999],[1.2389600000000007,41.266299999999994],[1.2339800000000003,41.257769999999994],[1.2268000000000008,41.23020999999999],[1.2331800000000004,41.21582000000001],[1.2468600000000007,41.22606999999999],[1.2615499999999997,41.22330999999999],[1.2794800000000008,41.249509999999994],[1.2681199999999997,41.27656999999999]]]},"properties":{"CODIMUNI":"431606","NOMMUNI":"Vallmoll","CODICOMAR":"01","NOMCOMAR":"Alt Camp"}},{"type":"Feature","geometry":{"type":"Polygon","coordinates":[[[1.2254300000000007,41.340889999999995],[1.1969,41.32851999999999],[1.1908899999999998,41.31624],[1.2020199999999996,41.29506000000001],[1.1937500000000005,41.28533999999999],[1.21541,41.28559],[1.208,41.27703],[1.2128500000000002,41.260459999999995],[1.2301700000000002,41.24207],[1.2389600000000007,41.266299999999994],[1.25361,41.26367999999999],[1.2597100000000006,41.27470999999999],[1.2780600000000009,41.27974],[1.2895600000000005,41.30934],[1.2780400000000005,41.32035],[1.2824600000000006,41.34041],[1.2412000000000003,41.335570000000004],[1.2254300000000007,41.340889999999995]]]},"properties":{"CODIMUNI":"431613","NOMMUNI":"Valls","CODICOMAR":"01","NOMCOMAR":"Alt Camp"}},{"type":"Feature","geometry":{"type":"Polygon","coordinates":[[[0.8354600000000001,41.05263],[0.8149500000000013,41.06182],[0.7828999999999999,41.030989999999996],[0.7747500000000006,40.99674],[0.81882,40.94072999999999],[0.8573100000000001,40.935320000000004],[0.8983000000000003,40.97531],[0.9318500000000002,40.99142],[0.9067500000000004,41.024799999999985],[0.8449800000000007,41.03168],[0.8354600000000001,41.05263]]]},"properties":{"CODIMUNI":"431628","NOMMUNI":"Vandellòs i l'Hospitalet de l'Infant","CODICOMAR":"08","NOMCOMAR":"Baix Camp"}},{"type":"Feature","geometry":{"type":"Polygon","coordinates":[[[1.5285700000000002,41.2383],[1.5056600000000004,41.23653],[1.47677,41.20852999999999],[1.4956999999999996,41.17317],[1.5674500000000002,41.185930000000006],[1.5557500000000002,41.227679999999985],[1.5306800000000007,41.22639999999999],[1.5285700000000002,41.2383]]]},"properties":{"CODIMUNI":"431634","NOMMUNI":"el Vendrell","CODICOMAR":"12","NOMCOMAR":"Baix Penedès"}},{"type":"Feature","geometry":{"type":"Polygon","coordinates":[[[1.3626399999999996,41.22532],[1.34385,41.21948999999999],[1.3274300000000003,41.19806],[1.3434200000000003,41.18504000000001],[1.34092,41.17304000000001],[1.3952,41.20557],[1.3904200000000002,41.22082],[1.3626399999999996,41.22532]]]},"properties":{"CODIMUNI":"431649","NOMMUNI":"Vespella de Gaià","CODICOMAR":"36","NOMCOMAR":"Tarragonès"}},{"type":"Feature","geometry":{"type":"Polygon","coordinates":[[[1.32476,41.27221999999999],[1.3043199999999997,41.27069000000001],[1.3142199999999997,41.25233000000001],[1.2959700000000007,41.238679999999995],[1.3398200000000002,41.21405],[1.3534900000000003,41.22467],[1.3338500000000006,41.23718999999999],[1.3507000000000007,41.23823999999999],[1.35857,41.25733],[1.32476,41.27221999999999]]]},"properties":{"CODIMUNI":"431652","NOMMUNI":"Vilabella","CODICOMAR":"01","NOMCOMAR":"Alt Camp"}},{"type":"Feature","geometry":{"type":"Polygon","coordinates":[[[1.18875,41.23147999999999],[1.1732700000000014,41.22403999999999],[1.1810900000000004,41.21390999999999],[1.1764200000000007,41.195949999999996],[1.1854600000000006,41.193909999999995],[1.1897799999999996,41.20026000000001],[1.1933499999999997,41.19335],[1.207130000000001,41.205389999999994],[1.2221200000000005,41.20157],[1.2194899999999997,41.21554],[1.2049999999999994,41.22607],[1.1965000000000006,41.21768000000001],[1.18875,41.23147999999999]]]},"properties":{"CODIMUNI":"431665","NOMMUNI":"Vilallonga del Camp","CODICOMAR":"36","NOMCOMAR":"Tarragonès"}},{"type":"Feature","geometry":{"type":"Polygon","coordinates":[[[0.9324600000000001,41.126940000000005],[0.9145400000000004,41.12552],[0.896200000000001,41.10736],[0.9131599999999993,41.082049999999995],[0.9254700000000002,41.079159999999995],[0.9346799999999996,41.081779999999995],[0.9305999999999999,41.09183],[0.9409699999999996,41.10447],[0.97704,41.09842999999999],[0.9688600000000009,41.11174999999999],[0.9324600000000001,41.126940000000005]]]},"properties":{"CODIMUNI":"431671","NOMMUNI":"Vilanova d'Escornalbou","CODICOMAR":"08","NOMCOMAR":"Baix Camp"}},{"type":"Feature","geometry":{"type":"Polygon","coordinates":[[[0.9716900000000004,41.36096],[0.9449299999999999,41.34989],[0.9049300000000001,41.347570000000005],[0.9069399999999999,41.32708],[0.9526099999999996,41.31686],[0.9765100000000009,41.329010000000004],[0.9942600000000003,41.352610000000006],[0.9716900000000004,41.36096]]]},"properties":{"CODIMUNI":"431687","NOMMUNI":"Vilanova de Prades","CODICOMAR":"16","NOMCOMAR":"Conca de Barberà"}},{"type":"Feature","geometry":{"type":"Polygon","coordinates":[[[1.08845,41.26396],[1.03955,41.27509],[1.0153600000000003,41.25946],[1.0061599999999997,41.26362000000001],[0.9965200000000002,41.25881],[0.9929100000000002,41.24002999999999],[1.03546,41.22229],[1.0596499999999998,41.23808],[1.0619300000000007,41.24977],[1.08845,41.26396]]]},"properties":{"CODIMUNI":"431690","NOMMUNI":"Vilaplana","CODICOMAR":"08","NOMCOMAR":"Baix Camp"}},{"type":"Feature","geometry":{"type":"Polygon","coordinates":[[[1.333900000000001,41.33254],[1.3136199999999996,41.31184999999999],[1.3149500000000007,41.303999999999995],[1.3374800000000004,41.29265999999999],[1.3793000000000004,41.28155],[1.424410000000001,41.305089999999986],[1.4014700000000002,41.32573000000001],[1.3661900000000002,41.33021999999999],[1.3530200000000003,41.319],[1.333900000000001,41.33254]]]},"properties":{"CODIMUNI":"431704","NOMMUNI":"Vila-rodona","CODICOMAR":"01","NOMCOMAR":"Alt Camp"}},{"type":"Feature","geometry":{"type":"Polygon","coordinates":[[[1.1523100000000004,41.12263],[1.1201200000000004,41.13033999999999],[1.1190900000000001,41.123439999999995],[1.1267200000000002,41.10300000000001],[1.1012800000000005,41.11368999999999],[1.09525,41.091120000000004],[1.1004000000000005,41.08665],[1.1322700000000006,41.09765000000001],[1.1520400000000004,41.09495],[1.1693100000000007,41.08472],[1.1747000000000003,41.06739999999999],[1.1807900000000005,41.06627999999999],[1.1927200000000002,41.08856999999999],[1.1968100000000002,41.09094],[1.1995900000000002,41.08784000000001],[1.205770000000001,41.08342999999999],[1.2059600000000001,41.08361999999999],[1.1893300000000004,41.10104],[1.16736,41.1002],[1.1523100000000004,41.12263]]]},"properties":{"CODIMUNI":"431711","NOMMUNI":"Vila-seca","CODICOMAR":"36","NOMCOMAR":"Tarragonès"}},{"type":"Feature","geometry":{"type":"Polygon","coordinates":[[[1.16064,41.35856],[1.1516299999999997,41.3562],[1.14081,41.32027],[1.1508199999999993,41.31110999999999],[1.1848899999999998,41.31960000000001],[1.1793500000000003,41.334219999999995],[1.187300000000001,41.34616999999999],[1.16064,41.35856]]]},"properties":{"CODIMUNI":"431726","NOMMUNI":"Vilaverd","CODICOMAR":"16","NOMCOMAR":"Conca de Barberà"}},{"type":"Feature","geometry":{"type":"Polygon","coordinates":[[[0.7831399999999998,41.24643],[0.76937,41.23619999999999],[0.7817699999999994,41.211119999999994],[0.8009300000000005,41.23917],[0.7831399999999998,41.24643]]]},"properties":{"CODIMUNI":"431732","NOMMUNI":"la Vilella Alta","CODICOMAR":"29","NOMCOMAR":"Priorat"}},{"type":"Feature","geometry":{"type":"Polygon","coordinates":[[[0.7700499999999996,41.2356],[0.7560600000000001,41.22784999999999],[0.7374799999999999,41.22950999999999],[0.7495799999999998,41.20467],[0.7726000000000003,41.21743],[0.7700499999999996,41.2356]]]},"properties":{"CODIMUNI":"431747","NOMMUNI":"la Vilella Baixa","CODICOMAR":"29","NOMCOMAR":"Priorat"}},{"type":"Feature","geometry":{"type":"Polygon","coordinates":[[[0.42350000000000054,41.17326],[0.40222000000000013,41.21636],[0.3886699999999998,41.21345999999999],[0.39727000000000057,41.19549000000001],[0.37242000000000003,41.18424],[0.377160000000001,41.1751],[0.37064999999999987,41.17432],[0.3787799999999996,41.170550000000006],[0.3661400000000003,41.15175999999999],[0.34226999999999996,41.1524],[0.3415800000000002,41.11756999999999],[0.3741200000000001,41.11679],[0.41724999999999973,41.10237999999999],[0.4412900000000003,41.11858999999999],[0.4558400000000004,41.13663],[0.46793000000000057,41.139269999999996],[0.43826000000000004,41.17094999999999],[0.42350000000000054,41.17326]]]},"properties":{"CODIMUNI":"431750","NOMMUNI":"Vilalba dels Arcs","CODICOMAR":"37","NOMCOMAR":"Terra Alta"}},{"type":"Feature","geometry":{"type":"Polygon","coordinates":[[[1.05261,41.44321999999999],[1.0277200000000002,41.40926000000001],[1.00347,41.40458000000001],[0.99312,41.39388000000001],[1.0153100000000002,41.38583999999999],[1.0050700000000004,41.32569],[1.018900000000001,41.33074],[1.0641100000000003,41.32629],[1.0714600000000003,41.33961999999999],[1.0868800000000003,41.34103],[1.0846300000000002,41.35273],[1.0965000000000003,41.36016],[1.0719100000000006,41.408549999999984],[1.07216,41.42432],[1.05261,41.44321999999999]]]},"properties":{"CODIMUNI":"431763","NOMMUNI":"Vimbodí i Poblet","CODICOMAR":"16","NOMCOMAR":"Conca de Barberà"}},{"type":"Feature","geometry":{"type":"Polygon","coordinates":[[[0.6851199999999997,41.24523],[0.6562800000000011,41.24461],[0.6280700000000011,41.23303],[0.616230000000001,41.24368],[0.5967600000000012,41.220240000000004],[0.57667,41.21339],[0.5834399999999994,41.18142],[0.6061200000000013,41.171099999999996],[0.6179799999999996,41.17808],[0.6039500000000002,41.19647],[0.6438000000000006,41.22352],[0.6858300000000002,41.22975],[0.6851199999999997,41.24523]]]},"properties":{"CODIMUNI":"431779","NOMMUNI":"Vinebre","CODICOMAR":"30","NOMCOMAR":"Ribera d'Ebre"}},{"type":"Feature","geometry":{"type":"Polygon","coordinates":[[[1.0406200000000005,41.12482],[1.0253400000000001,41.12154],[1.0622999999999998,41.068000000000005],[1.08255,41.100759999999994],[1.0720100000000004,41.09677],[1.0406200000000005,41.12482]]]},"properties":{"CODIMUNI":"431785","NOMMUNI":"Vinyols i els Arcs","CODICOMAR":"08","NOMCOMAR":"Baix Camp"}},{"type":"Feature","geometry":{"type":"MultiPolygon","coordinates":[[[[0.7705700000000005,40.76314],[0.7711199999999998,40.76331],[0.7705400000000004,40.763349999999996],[0.7705700000000005,40.76314]]],[[[0.7581100000000001,40.762980000000006],[0.75808,40.76369999999999],[0.7579699999999999,40.76376],[0.7581100000000001,40.762980000000006]]],[[[0.7504700000000004,40.76366000000001],[0.7504500000000008,40.76418999999999],[0.7504300000000013,40.76417],[0.7504700000000004,40.76366000000001]]],[[[0.7677300000000006,40.76442],[0.767930000000001,40.764359999999996],[0.7676099999999996,40.76477],[0.7677300000000006,40.76442]]],[[[0.7224200000000002,40.77833999999999],[0.7228199999999998,40.778499999999994],[0.7223100000000001,40.77857],[0.7224200000000002,40.77833999999999]]],[[[0.7342900000000003,40.785779999999995],[0.7346899999999996,40.78600000000001],[0.7338800000000001,40.78618],[0.7342900000000003,40.785779999999995]]],[[[0.7339800000000003,40.787009999999995],[0.7345400000000004,40.78714999999999],[0.7336800000000008,40.787499999999994],[0.7339800000000003,40.787009999999995]]],[[[0.7308899999999997,40.78658],[0.7312599999999996,40.789190000000005],[0.7289500000000004,40.78782],[0.7308899999999997,40.78658]]],[[[0.76715,40.79187999999999],[0.745970000000001,40.79379999999999],[0.7297999999999999,40.79114],[0.7257200000000005,40.78925000000001],[0.7252700000000003,40.78784],[0.73581,40.791230000000006],[0.7827900000000003,40.773059999999994],[0.7826100000000002,40.768],[0.7694200000000009,40.762449999999994],[0.7622300000000005,40.76186],[0.7553200000000005,40.76290999999999],[0.7546399999999994,40.76447],[0.75179,40.76338],[0.7502999999999997,40.763619999999996],[0.7495799999999998,40.764430000000004],[0.74017,40.76622],[0.73995,40.76751999999999],[0.7390899999999996,40.76839],[0.7302400000000007,40.769479999999994],[0.7218200000000005,40.77863000000001],[0.7161799999999995,40.7779],[0.598380000000001,40.70751999999999],[0.6181000000000003,40.70604],[0.6742099999999998,40.72112],[0.6876900000000008,40.713359999999994],[0.752790000000001,40.70991],[0.7933900000000006,40.69429000000001],[0.8419600000000007,40.71538000000001],[0.8741599999999999,40.71938000000001],[0.86151,40.737249999999996],[0.8450900000000003,40.73074],[0.8267800000000003,40.7349],[0.76715,40.79187999999999]]]]},"properties":{"CODIMUNI":"439018","NOMMUNI":"Deltebre","CODICOMAR":"09","NOMCOMAR":"Baix Ebre"}},{"type":"Feature","geometry":{"type":"Polygon","coordinates":[[[0.6774200000000006,40.71943999999999],[0.6799799999999999,40.69948000000001],[0.6949400000000002,40.687650000000005],[0.7951500000000006,40.65723],[0.8549500000000004,40.68486000000001],[0.8735700000000013,40.71688999999999],[0.8471299999999995,40.71683999999999],[0.7930500000000011,40.694279999999985],[0.752790000000001,40.70991],[0.6876900000000008,40.713359999999994],[0.6774200000000006,40.71943999999999]]]},"properties":{"CODIMUNI":"439023","NOMMUNI":"Sant Jaume d'Enveja","CODICOMAR":"22","NOMCOMAR":"Montsià"}},{"type":"Feature","geometry":{"type":"Polygon","coordinates":[[[0.6437000000000008,40.82119999999999],[0.6085500000000003,40.80791],[0.6334600000000002,40.77260999999999],[0.6401800000000012,40.735479999999995],[0.7014300000000002,40.769819999999996],[0.6741900000000011,40.78135999999999],[0.6437000000000008,40.82119999999999]]]},"properties":{"CODIMUNI":"439039","NOMMUNI":"Camarles","CODICOMAR":"09","NOMCOMAR":"Baix Ebre"}},{"type":"Feature","geometry":{"type":"Polygon","coordinates":[[[0.6096400000000005,40.80699],[0.6073200000000003,40.76196000000001],[0.5877999999999999,40.753],[0.5866500000000002,40.735710000000005],[0.5728799999999998,40.73303000000001],[0.5799300000000004,40.715740000000004],[0.598380000000001,40.70751999999999],[0.5999300000000004,40.71285],[0.6133400000000009,40.71197999999998],[0.644020000000001,40.74517999999999],[0.6096400000000005,40.80699]]]},"properties":{"CODIMUNI":"439044","NOMMUNI":"l'Aldea","CODICOMAR":"09","NOMCOMAR":"Baix Ebre"}},{"type":"Feature","geometry":{"type":"Polygon","coordinates":[[[1.1420800000000004,41.09693000000001],[1.1004000000000005,41.08665],[1.1178100000000004,41.07365],[1.1432,41.07217000000001],[1.1607700000000005,41.055800000000005],[1.1717000000000004,41.055029999999995],[1.181980000000001,41.06624],[1.1693100000000007,41.08472],[1.1420800000000004,41.09693000000001]]]},"properties":{"CODIMUNI":"439057","NOMMUNI":"Salou","CODICOMAR":"36","NOMCOMAR":"Tarragonès"}},{"type":"Feature","geometry":{"type":"Polygon","coordinates":[[[0.6918400000000002,40.850439999999985],[0.6591300000000009,40.82300000000001],[0.6423899999999994,40.82162000000001],[0.6745100000000008,40.781079999999996],[0.7080599999999995,40.76775],[0.7207000000000005,40.77857],[0.7000899999999999,40.80363],[0.7362800000000008,40.82408],[0.7171199999999994,40.84319],[0.6918400000000002,40.850439999999985]]]},"properties":{"CODIMUNI":"439060","NOMMUNI":"l'Ampolla","CODICOMAR":"09","NOMCOMAR":"Baix Ebre"}},{"type":"Feature","geometry":{"type":"Polygon","coordinates":[[[1.1711,41.138400000000004],[1.1622100000000004,41.13307999999999],[1.1715599999999995,41.12938],[1.1678000000000008,41.116849999999985],[1.1766200000000002,41.108439999999995],[1.1649000000000005,41.108709999999995],[1.16736,41.1002],[1.2074599999999998,41.10615000000001],[1.18944,41.11475000000001],[1.1890300000000007,41.12825000000001],[1.1711,41.138400000000004]]]},"properties":{"CODIMUNI":"439076","NOMMUNI":"la Canonja","CODICOMAR":"36","NOMCOMAR":"Tarragonès"}}]}